latitude,longitude,elevation_m,slope_deg,aspect_deg,data_type
15.3060078909,74.3035372438,247.57,0.89,213.5,SYNTHETIC_DERIVED_FROM_KML_ELEVATION_POINTS
15.3060078909,74.30378724379999,247.34,0.9,214.7,SYNTHETIC_DERIVED_FROM_KML_ELEVATION_POINTS
15.3060078909,74.30403724379998,247.09,0.94,216.1,SYNTHETIC_DERIVED_FROM_KML_ELEVATION_POINTS
15.3060078909,74.30428724379998,246.82,0.98,217.4,SYNTHETIC_DERIVED_FROM_KML_ELEVATION_POINTS
15.3060078909,74.30453724379997,246.53,1.02,219.8,SYNTHETIC_DERIVED_FROM_KML_ELEVATION_POINTS
15.3060078909,74.30478724379996,246.21,1.06,220.8,SYNTHETIC_DERIVED_FROM_KML_ELEVATION_POINTS
15.3060078909,74.30503724379996,245.88,1.1,222.9,SYNTHETIC_DERIVED_FROM_KML_ELEVATION_POINTS
15.3060078909,74.30528724379995,245.51,1.16,224.6,SYNTHETIC_DERIVED_FROM_KML_ELEVATION_POINTS
15.3060078909,74.30553724379995,245.12,1.21,225.7,SYNTHETIC_DERIVED_FROM_KML_ELEVATION_POINTS
15.3060078909,74.30578724379994,244.7,1.26,228.1,SYNTHETIC_DERIVED_FROM_KML_ELEVATION_POINTS
15.3060078909,74.30603724379993,244.24,1.31,229.9,SYNTHETIC_DERIVED_FROM_KML_ELEVATION_POINTS
15.3060078909,74.30628724379993,243.76,1.36,232.6,SYNTHETIC_DERIVED_FROM_KML_ELEVATION_POINTS
15.3060078909,74.30653724379992,243.23,1.43,234.7,SYNTHETIC_DERIVED_FROM_KML_ELEVATION_POINTS
15.3060078909,74.30678724379992,242.67,1.48,237.3,SYNTHETIC_DERIVED_FROM_KML_ELEVATION_POINTS
15.3060078909,74.30703724379991,242.06,1.57,239.2,SYNTHETIC_DERIVED_FROM_KML_ELEVATION_POINTS
15.3060078909,74.3072872437999,241.41,1.63,242.1,SYNTHETIC_DERIVED_FROM_KML_ELEVATION_POINTS
15.3060078909,74.3075372437999,240.71,1.71,244.3,SYNTHETIC_DERIVED_FROM_KML_ELEVATION_POINTS
15.3060078909,74.3077872437999,239.97,1.77,247.4,SYNTHETIC_DERIVED_FROM_KML_ELEVATION_POINTS
15.3060078909,74.30803724379989,239.18,1.86,250.6,SYNTHETIC_DERIVED_FROM_KML_ELEVATION_POINTS
15.3060078909,74.30828724379988,238.33,1.94,253.3,SYNTHETIC_DERIVED_FROM_KML_ELEVATION_POINTS
15.3060078909,74.30853724379988,237.44,2.01,257.0,SYNTHETIC_DERIVED_FROM_KML_ELEVATION_POINTS
15.3060078909,74.30878724379987,236.49,2.11,259.9,SYNTHETIC_DERIVED_FROM_KML_ELEVATION_POINTS
15.3060078909,74.30903724379986,235.49,2.19,263.5,SYNTHETIC_DERIVED_FROM_KML_ELEVATION_POINTS
15.3060078909,74.30928724379986,234.45,2.28,267.9,SYNTHETIC_DERIVED_FROM_KML_ELEVATION_POINTS
15.3060078909,74.30953724379985,233.35,2.38,271.5,SYNTHETIC_DERIVED_FROM_KML_ELEVATION_POINTS
15.3060078909,74.30978724379985,232.22,2.47,276.2,SYNTHETIC_DERIVED_FROM_KML_ELEVATION_POINTS
15.3060078909,74.31003724379984,231.05,2.57,280.6,SYNTHETIC_DERIVED_FROM_KML_ELEVATION_POINTS
15.3060078909,74.31028724379983,229.85,2.66,285.2,SYNTHETIC_DERIVED_FROM_KML_ELEVATION_POINTS
15.3060078909,74.31053724379983,228.64,2.75,290.1,SYNTHETIC_DERIVED_FROM_KML_ELEVATION_POINTS
15.3060078909,74.31078724379982,227.43,2.84,295.3,SYNTHETIC_DERIVED_FROM_KML_ELEVATION_POINTS
15.3060078909,74.31103724379982,226.23,2.94,300.7,SYNTHETIC_DERIVED_FROM_KML_ELEVATION_POINTS
15.3060078909,74.31128724379981,225.06,3.02,306.4,SYNTHETIC_DERIVED_FROM_KML_ELEVATION_POINTS
15.3060078909,74.3115372437998,223.95,3.1,312.1,SYNTHETIC_DERIVED_FROM_KML_ELEVATION_POINTS
15.3060078909,74.3117872437998,222.9,3.17,317.7,SYNTHETIC_DERIVED_FROM_KML_ELEVATION_POINTS
15.3060078909,74.3120372437998,221.95,3.23,324.0,SYNTHETIC_DERIVED_FROM_KML_ELEVATION_POINTS
15.3060078909,74.31228724379979,221.12,3.3,330.1,SYNTHETIC_DERIVED_FROM_KML_ELEVATION_POINTS
15.3060078909,74.31253724379978,220.41,3.31,336.0,SYNTHETIC_DERIVED_FROM_KML_ELEVATION_POINTS
15.3060078909,74.31278724379978,219.86,3.34,342.4,SYNTHETIC_DERIVED_FROM_KML_ELEVATION_POINTS
15.3060078909,74.31303724379977,219.46,3.34,348.2,SYNTHETIC_DERIVED_FROM_KML_ELEVATION_POINTS
15.3060078909,74.31328724379976,219.22,3.31,354.4,SYNTHETIC_DERIVED_FROM_KML_ELEVATION_POINTS
15.3060078909,74.31353724379976,219.16,3.27,0.6,SYNTHETIC_DERIVED_FROM_KML_ELEVATION_POINTS
15.3060078909,74.31378724379975,219.25,3.21,6.3,SYNTHETIC_DERIVED_FROM_KML_ELEVATION_POINTS
15.3060078909,74.31403724379975,219.49,3.11,12.3,SYNTHETIC_DERIVED_FROM_KML_ELEVATION_POINTS
15.3060078909,74.31428724379974,219.87,3.01,18.4,SYNTHETIC_DERIVED_FROM_KML_ELEVATION_POINTS
15.3060078909,74.31453724379973,220.38,2.91,24.0,SYNTHETIC_DERIVED_FROM_KML_ELEVATION_POINTS
15.3060078909,74.31478724379973,220.98,2.78,29.4,SYNTHETIC_DERIVED_FROM_KML_ELEVATION_POINTS
15.3060078909,74.31503724379972,221.66,2.66,35.0,SYNTHETIC_DERIVED_FROM_KML_ELEVATION_POINTS
15.3060078909,74.31528724379972,222.41,2.53,40.2,SYNTHETIC_DERIVED_FROM_KML_ELEVATION_POINTS
15.3060078909,74.31553724379971,223.19,2.39,45.1,SYNTHETIC_DERIVED_FROM_KML_ELEVATION_POINTS
15.3060078909,74.3157872437997,224.0,2.27,50.0,SYNTHETIC_DERIVED_FROM_KML_ELEVATION_POINTS
15.3060078909,74.3160372437997,224.82,2.15,54.3,SYNTHETIC_DERIVED_FROM_KML_ELEVATION_POINTS
15.3060078909,74.31628724379969,225.64,2.03,58.9,SYNTHETIC_DERIVED_FROM_KML_ELEVATION_POINTS
15.3060078909,74.31653724379969,226.45,1.93,62.7,SYNTHETIC_DERIVED_FROM_KML_ELEVATION_POINTS
15.3060078909,74.31678724379968,227.25,1.82,66.0,SYNTHETIC_DERIVED_FROM_KML_ELEVATION_POINTS
15.3060078909,74.31703724379967,228.01,1.71,69.5,SYNTHETIC_DERIVED_FROM_KML_ELEVATION_POINTS
15.3060078909,74.31728724379967,228.75,1.65,73.3,SYNTHETIC_DERIVED_FROM_KML_ELEVATION_POINTS
15.3062578909,74.3035372438,247.93,0.9,213.2,SYNTHETIC_DERIVED_FROM_KML_ELEVATION_POINTS
15.3062578909,74.30378724379999,247.7,0.91,213.4,SYNTHETIC_DERIVED_FROM_KML_ELEVATION_POINTS
15.3062578909,74.30403724379998,247.46,0.95,214.3,SYNTHETIC_DERIVED_FROM_KML_ELEVATION_POINTS
15.3062578909,74.30428724379998,247.2,0.99,216.2,SYNTHETIC_DERIVED_FROM_KML_ELEVATION_POINTS
15.3062578909,74.30453724379997,246.91,1.03,218.2,SYNTHETIC_DERIVED_FROM_KML_ELEVATION_POINTS
15.3062578909,74.30478724379996,246.6,1.08,219.3,SYNTHETIC_DERIVED_FROM_KML_ELEVATION_POINTS
15.3062578909,74.30503724379996,246.27,1.12,221.1,SYNTHETIC_DERIVED_FROM_KML_ELEVATION_POINTS
15.3062578909,74.30528724379995,245.91,1.17,222.4,SYNTHETIC_DERIVED_FROM_KML_ELEVATION_POINTS
15.3062578909,74.30553724379995,245.53,1.22,224.6,SYNTHETIC_DERIVED_FROM_KML_ELEVATION_POINTS
15.3062578909,74.30578724379994,245.11,1.28,227.0,SYNTHETIC_DERIVED_FROM_KML_ELEVATION_POINTS
15.3062578909,74.30603724379993,244.65,1.35,228.9,SYNTHETIC_DERIVED_FROM_KML_ELEVATION_POINTS
15.3062578909,74.30628724379993,244.16,1.4,231.2,SYNTHETIC_DERIVED_FROM_KML_ELEVATION_POINTS
15.3062578909,74.30653724379992,243.63,1.46,233.3,SYNTHETIC_DERIVED_FROM_KML_ELEVATION_POINTS
15.3062578909,74.30678724379992,243.06,1.53,235.5,SYNTHETIC_DERIVED_FROM_KML_ELEVATION_POINTS
15.3062578909,74.30703724379991,242.45,1.61,238.3,SYNTHETIC_DERIVED_FROM_KML_ELEVATION_POINTS
15.3062578909,74.3072872437999,241.78,1.69,240.8,SYNTHETIC_DERIVED_FROM_KML_ELEVATION_POINTS
15.3062578909,74.3075372437999,241.07,1.77,243.4,SYNTHETIC_DERIVED_FROM_KML_ELEVATION_POINTS
15.3062578909,74.3077872437999,240.3,1.85,246.4,SYNTHETIC_DERIVED_FROM_KML_ELEVATION_POINTS
15.3062578909,74.30803724379989,239.48,1.94,249.2,SYNTHETIC_DERIVED_FROM_KML_ELEVATION_POINTS
15.3062578909,74.30828724379988,238.6,2.04,252.4,SYNTHETIC_DERIVED_FROM_KML_ELEVATION_POINTS
15.3062578909,74.30853724379988,237.66,2.12,255.7,SYNTHETIC_DERIVED_FROM_KML_ELEVATION_POINTS
15.3062578909,74.30878724379987,236.67,2.23,258.8,SYNTHETIC_DERIVED_FROM_KML_ELEVATION_POINTS
15.3062578909,74.30903724379986,235.61,2.35,262.4,SYNTHETIC_DERIVED_FROM_KML_ELEVATION_POINTS
15.3062578909,74.30928724379986,234.49,2.45,266.4,SYNTHETIC_DERIVED_FROM_KML_ELEVATION_POINTS
15.3062578909,74.30953724379985,233.32,2.56,270.2,SYNTHETIC_DERIVED_FROM_KML_ELEVATION_POINTS
15.3062578909,74.30978724379985,232.09,2.67,274.4,SYNTHETIC_DERIVED_FROM_KML_ELEVATION_POINTS
15.3062578909,74.31003724379984,230.82,2.78,278.7,SYNTHETIC_DERIVED_FROM_KML_ELEVATION_POINTS
15.3062578909,74.31028724379983,229.51,2.89,283.2,SYNTHETIC_DERIVED_FROM_KML_ELEVATION_POINTS
15.3062578909,74.31053724379983,228.18,2.99,288.0,SYNTHETIC_DERIVED_FROM_KML_ELEVATION_POINTS
15.3062578909,74.31078724379982,226.84,3.1,293.0,SYNTHETIC_DERIVED_FROM_KML_ELEVATION_POINTS
15.3062578909,74.31103724379982,225.5,3.2,298.1,SYNTHETIC_DERIVED_FROM_KML_ELEVATION_POINTS
15.3062578909,74.31128724379981,224.19,3.28,303.7,SYNTHETIC_DERIVED_FROM_KML_ELEVATION_POINTS
15.3062578909,74.3115372437998,222.94,3.36,309.5,SYNTHETIC_DERIVED_FROM_KML_ELEVATION_POINTS
15.3062578909,74.3117872437998,221.76,3.43,315.3,SYNTHETIC_DERIVED_FROM_KML_ELEVATION_POINTS
15.3062578909,74.3120372437998,220.68,3.47,321.4,SYNTHETIC_DERIVED_FROM_KML_ELEVATION_POINTS
15.3062578909,74.31228724379979,219.73,3.5,328.0,SYNTHETIC_DERIVED_FROM_KML_ELEVATION_POINTS
15.3062578909,74.31253724379978,218.94,3.52,334.5,SYNTHETIC_DERIVED_FROM_KML_ELEVATION_POINTS
15.3062578909,74.31278724379978,218.31,3.53,341.2,SYNTHETIC_DERIVED_FROM_KML_ELEVATION_POINTS
15.3062578909,74.31303724379977,217.87,3.51,347.9,SYNTHETIC_DERIVED_FROM_KML_ELEVATION_POINTS
15.3062578909,74.31328724379976,217.62,3.47,354.7,SYNTHETIC_DERIVED_FROM_KML_ELEVATION_POINTS
15.3062578909,74.31353724379976,217.57,3.42,1.4,SYNTHETIC_DERIVED_FROM_KML_ELEVATION_POINTS
15.3062578909,74.31378724379975,217.7,3.36,8.0,SYNTHETIC_DERIVED_FROM_KML_ELEVATION_POINTS
15.3062578909,74.31403724379975,218.01,3.27,14.7,SYNTHETIC_DERIVED_FROM_KML_ELEVATION_POINTS
15.3062578909,74.31428724379974,218.48,3.19,21.2,SYNTHETIC_DERIVED_FROM_KML_ELEVATION_POINTS
15.3062578909,74.31453724379973,219.09,3.09,27.1,SYNTHETIC_DERIVED_FROM_KML_ELEVATION_POINTS
15.3062578909,74.31478724379973,219.8,2.96,32.9,SYNTHETIC_DERIVED_FROM_KML_ELEVATION_POINTS
15.3062578909,74.31503724379972,220.6,2.85,38.7,SYNTHETIC_DERIVED_FROM_KML_ELEVATION_POINTS
15.3062578909,74.31528724379972,221.47,2.72,43.9,SYNTHETIC_DERIVED_FROM_KML_ELEVATION_POINTS
15.3062578909,74.31553724379971,222.37,2.59,48.7,SYNTHETIC_DERIVED_FROM_KML_ELEVATION_POINTS
15.3062578909,74.3157872437997,223.29,2.45,53.3,SYNTHETIC_DERIVED_FROM_KML_ELEVATION_POINTS
15.3062578909,74.3160372437997,224.21,2.32,57.8,SYNTHETIC_DERIVED_FROM_KML_ELEVATION_POINTS
15.3062578909,74.31628724379969,225.13,2.19,61.9,SYNTHETIC_DERIVED_FROM_KML_ELEVATION_POINTS
15.3062578909,74.31653724379969,226.02,2.06,65.5,SYNTHETIC_DERIVED_FROM_KML_ELEVATION_POINTS
15.3062578909,74.31678724379968,226.89,1.94,68.9,SYNTHETIC_DERIVED_FROM_KML_ELEVATION_POINTS
15.3062578909,74.31703724379967,227.72,1.82,72.6,SYNTHETIC_DERIVED_FROM_KML_ELEVATION_POINTS
15.3062578909,74.31728724379967,228.52,1.76,75.8,SYNTHETIC_DERIVED_FROM_KML_ELEVATION_POINTS
15.306507890899999,74.3035372438,248.3,0.91,211.0,SYNTHETIC_DERIVED_FROM_KML_ELEVATION_POINTS
15.306507890899999,74.30378724379999,248.08,0.94,210.6,SYNTHETIC_DERIVED_FROM_KML_ELEVATION_POINTS
15.306507890899999,74.30403724379998,247.85,0.98,211.6,SYNTHETIC_DERIVED_FROM_KML_ELEVATION_POINTS
15.306507890899999,74.30428724379998,247.6,1.02,213.8,SYNTHETIC_DERIVED_FROM_KML_ELEVATION_POINTS
15.306507890899999,74.30453724379997,247.32,1.07,215.3,SYNTHETIC_DERIVED_FROM_KML_ELEVATION_POINTS
15.306507890899999,74.30478724379996,247.02,1.11,216.5,SYNTHETIC_DERIVED_FROM_KML_ELEVATION_POINTS
15.306507890899999,74.30503724379996,246.7,1.16,218.0,SYNTHETIC_DERIVED_FROM_KML_ELEVATION_POINTS
15.306507890899999,74.30528724379995,246.35,1.22,220.4,SYNTHETIC_DERIVED_FROM_KML_ELEVATION_POINTS
15.306507890899999,74.30553724379995,245.96,1.27,222.3,SYNTHETIC_DERIVED_FROM_KML_ELEVATION_POINTS
15.306507890899999,74.30578724379994,245.55,1.32,224.1,SYNTHETIC_DERIVED_FROM_KML_ELEVATION_POINTS
15.306507890899999,74.30603724379993,245.1,1.39,226.0,SYNTHETIC_DERIVED_FROM_KML_ELEVATION_POINTS
15.306507890899999,74.30628724379993,244.61,1.46,228.1,SYNTHETIC_DERIVED_FROM_KML_ELEVATION_POINTS
15.306507890899999,74.30653724379992,244.08,1.53,230.2,SYNTHETIC_DERIVED_FROM_KML_ELEVATION_POINTS
15.306507890899999,74.30678724379992,243.51,1.6,232.9,SYNTHETIC_DERIVED_FROM_KML_ELEVATION_POINTS
15.306507890899999,74.30703724379991,242.88,1.69,235.4,SYNTHETIC_DERIVED_FROM_KML_ELEVATION_POINTS
15.306507890899999,74.3072872437999,242.21,1.77,237.6,SYNTHETIC_DERIVED_FROM_KML_ELEVATION_POINTS
15.306507890899999,74.3075372437999,241.48,1.86,240.5,SYNTHETIC_DERIVED_FROM_KML_ELEVATION_POINTS
15.306507890899999,74.3077872437999,240.69,1.95,243.3,SYNTHETIC_DERIVED_FROM_KML_ELEVATION_POINTS
15.306507890899999,74.30803724379989,239.85,2.05,246.3,SYNTHETIC_DERIVED_FROM_KML_ELEVATION_POINTS
15.306507890899999,74.30828724379988,238.93,2.17,249.4,SYNTHETIC_DERIVED_FROM_KML_ELEVATION_POINTS
15.306507890899999,74.30853724379988,237.95,2.26,252.5,SYNTHETIC_DERIVED_FROM_KML_ELEVATION_POINTS
15.306507890899999,74.30878724379987,236.91,2.37,256.0,SYNTHETIC_DERIVED_FROM_KML_ELEVATION_POINTS
15.306507890899999,74.30903724379986,235.79,2.51,259.6,SYNTHETIC_DERIVED_FROM_KML_ELEVATION_POINTS
15.306507890899999,74.30928724379986,234.6,2.63,263.3,SYNTHETIC_DERIVED_FROM_KML_ELEVATION_POINTS
15.306507890899999,74.30953724379985,233.34,2.75,267.2,SYNTHETIC_DERIVED_FROM_KML_ELEVATION_POINTS
15.306507890899999,74.30978724379985,232.02,2.88,271.2,SYNTHETIC_DERIVED_FROM_KML_ELEVATION_POINTS
15.306507890899999,74.31003724379984,230.64,3.01,275.7,SYNTHETIC_DERIVED_FROM_KML_ELEVATION_POINTS
15.306507890899999,74.31028724379983,229.21,3.14,280.2,SYNTHETIC_DERIVED_FROM_KML_ELEVATION_POINTS
15.306507890899999,74.31053724379983,227.74,3.27,285.1,SYNTHETIC_DERIVED_FROM_KML_ELEVATION_POINTS
15.306507890899999,74.31078724379982,226.25,3.39,290.4,SYNTHETIC_DERIVED_FROM_KML_ELEVATION_POINTS
15.306507890899999,74.31103724379982,224.76,3.5,295.6,SYNTHETIC_DERIVED_FROM_KML_ELEVATION_POINTS
15.306507890899999,74.31128724379981,223.29,3.6,301.3,SYNTHETIC_DERIVED_FROM_KML_ELEVATION_POINTS
15.306507890899999,74.3115372437998,221.87,3.7,307.3,SYNTHETIC_DERIVED_FROM_KML_ELEVATION_POINTS
15.306507890899999,74.3117872437998,220.53,3.76,313.5,SYNTHETIC_DERIVED_FROM_KML_ELEVATION_POINTS
15.306507890899999,74.3120372437998,219.31,3.82,320.1,SYNTHETIC_DERIVED_FROM_KML_ELEVATION_POINTS
15.306507890899999,74.31228724379979,218.23,3.86,326.7,SYNTHETIC_DERIVED_FROM_KML_ELEVATION_POINTS
15.306507890899999,74.31253724379978,217.32,3.89,333.6,SYNTHETIC_DERIVED_FROM_KML_ELEVATION_POINTS
15.306507890899999,74.31278724379978,216.61,3.88,340.7,SYNTHETIC_DERIVED_FROM_KML_ELEVATION_POINTS
15.306507890899999,74.31303724379977,216.12,3.86,348.0,SYNTHETIC_DERIVED_FROM_KML_ELEVATION_POINTS
15.306507890899999,74.31328724379976,215.86,3.82,355.4,SYNTHETIC_DERIVED_FROM_KML_ELEVATION_POINTS
15.306507890899999,74.31353724379976,215.83,3.77,2.4,SYNTHETIC_DERIVED_FROM_KML_ELEVATION_POINTS
15.306507890899999,74.31378724379975,216.01,3.68,9.7,SYNTHETIC_DERIVED_FROM_KML_ELEVATION_POINTS
15.306507890899999,74.31403724379975,216.41,3.6,16.7,SYNTHETIC_DERIVED_FROM_KML_ELEVATION_POINTS
15.306507890899999,74.31428724379974,216.98,3.49,23.4,SYNTHETIC_DERIVED_FROM_KML_ELEVATION_POINTS
15.306507890899999,74.31453724379973,217.71,3.38,29.9,SYNTHETIC_DERIVED_FROM_KML_ELEVATION_POINTS
15.306507890899999,74.31478724379973,218.56,3.24,36.0,SYNTHETIC_DERIVED_FROM_KML_ELEVATION_POINTS
15.306507890899999,74.31503724379972,219.5,3.1,41.9,SYNTHETIC_DERIVED_FROM_KML_ELEVATION_POINTS
15.306507890899999,74.31528724379972,220.5,2.95,47.2,SYNTHETIC_DERIVED_FROM_KML_ELEVATION_POINTS
15.306507890899999,74.31553724379971,221.53,2.8,52.4,SYNTHETIC_DERIVED_FROM_KML_ELEVATION_POINTS
15.306507890899999,74.3157872437997,222.58,2.65,57.1,SYNTHETIC_DERIVED_FROM_KML_ELEVATION_POINTS
15.306507890899999,74.3160372437997,223.62,2.5,61.7,SYNTHETIC_DERIVED_FROM_KML_ELEVATION_POINTS
15.306507890899999,74.31628724379969,224.64,2.34,65.6,SYNTHETIC_DERIVED_FROM_KML_ELEVATION_POINTS
15.306507890899999,74.31653724379969,225.62,2.2,69.5,SYNTHETIC_DERIVED_FROM_KML_ELEVATION_POINTS
15.306507890899999,74.31678724379968,226.57,2.08,73.0,SYNTHETIC_DERIVED_FROM_KML_ELEVATION_POINTS
15.306507890899999,74.31703724379967,227.48,1.93,76.4,SYNTHETIC_DERIVED_FROM_KML_ELEVATION_POINTS
15.306507890899999,74.31728724379967,228.33,1.85,79.4,SYNTHETIC_DERIVED_FROM_KML_ELEVATION_POINTS
15.306757890899998,74.3035372438,248.69,0.94,207.1,SYNTHETIC_DERIVED_FROM_KML_ELEVATION_POINTS
15.306757890899998,74.30378724379999,248.49,0.96,207.7,SYNTHETIC_DERIVED_FROM_KML_ELEVATION_POINTS
15.306757890899998,74.30403724379998,248.27,1.01,209.8,SYNTHETIC_DERIVED_FROM_KML_ELEVATION_POINTS
15.306757890899998,74.30428724379998,248.02,1.05,211.3,SYNTHETIC_DERIVED_FROM_KML_ELEVATION_POINTS
15.306757890899998,74.30453724379997,247.76,1.1,212.4,SYNTHETIC_DERIVED_FROM_KML_ELEVATION_POINTS
15.306757890899998,74.30478724379996,247.47,1.15,213.8,SYNTHETIC_DERIVED_FROM_KML_ELEVATION_POINTS
15.306757890899998,74.30503724379996,247.16,1.21,215.8,SYNTHETIC_DERIVED_FROM_KML_ELEVATION_POINTS
15.306757890899998,74.30528724379995,246.81,1.26,217.6,SYNTHETIC_DERIVED_FROM_KML_ELEVATION_POINTS
15.306757890899998,74.30553724379995,246.44,1.32,219.2,SYNTHETIC_DERIVED_FROM_KML_ELEVATION_POINTS
15.306757890899998,74.30578724379994,246.03,1.38,221.1,SYNTHETIC_DERIVED_FROM_KML_ELEVATION_POINTS
15.306757890899998,74.30603724379993,245.59,1.44,223.1,SYNTHETIC_DERIVED_FROM_KML_ELEVATION_POINTS
15.306757890899998,74.30628724379993,245.11,1.52,225.2,SYNTHETIC_DERIVED_FROM_KML_ELEVATION_POINTS
15.306757890899998,74.30653724379992,244.58,1.6,227.6,SYNTHETIC_DERIVED_FROM_KML_ELEVATION_POINTS
15.306757890899998,74.30678724379992,244.0,1.68,229.8,SYNTHETIC_DERIVED_FROM_KML_ELEVATION_POINTS
15.306757890899998,74.30703724379991,243.38,1.76,232.1,SYNTHETIC_DERIVED_FROM_KML_ELEVATION_POINTS
15.306757890899998,74.3072872437999,242.7,1.85,234.8,SYNTHETIC_DERIVED_FROM_KML_ELEVATION_POINTS
15.306757890899998,74.3075372437999,241.96,1.96,237.6,SYNTHETIC_DERIVED_FROM_KML_ELEVATION_POINTS
15.306757890899998,74.3077872437999,241.15,2.07,240.1,SYNTHETIC_DERIVED_FROM_KML_ELEVATION_POINTS
15.306757890899998,74.30803724379989,240.28,2.16,243.2,SYNTHETIC_DERIVED_FROM_KML_ELEVATION_POINTS
15.306757890899998,74.30828724379988,239.34,2.29,246.1,SYNTHETIC_DERIVED_FROM_KML_ELEVATION_POINTS
15.306757890899998,74.30853724379988,238.32,2.41,249.2,SYNTHETIC_DERIVED_FROM_KML_ELEVATION_POINTS
15.306757890899998,74.30878724379987,237.23,2.53,252.8,SYNTHETIC_DERIVED_FROM_KML_ELEVATION_POINTS
15.306757890899998,74.30903724379986,236.05,2.68,256.4,SYNTHETIC_DERIVED_FROM_KML_ELEVATION_POINTS
15.306757890899998,74.30928724379986,234.79,2.81,260.1,SYNTHETIC_DERIVED_FROM_KML_ELEVATION_POINTS
15.306757890899998,74.30953724379985,233.45,2.96,264.0,SYNTHETIC_DERIVED_FROM_KML_ELEVATION_POINTS
15.306757890899998,74.30978724379985,232.03,3.12,268.1,SYNTHETIC_DERIVED_FROM_KML_ELEVATION_POINTS
15.306757890899998,74.31003724379984,230.53,3.27,272.5,SYNTHETIC_DERIVED_FROM_KML_ELEVATION_POINTS
15.306757890899998,74.31028724379983,228.97,3.42,277.1,SYNTHETIC_DERIVED_FROM_KML_ELEVATION_POINTS
15.306757890899998,74.31053724379983,227.35,3.57,282.0,SYNTHETIC_DERIVED_FROM_KML_ELEVATION_POINTS
15.306757890899998,74.31078724379982,225.69,3.71,287.3,SYNTHETIC_DERIVED_FROM_KML_ELEVATION_POINTS
15.306757890899998,74.31103724379982,224.03,3.84,292.8,SYNTHETIC_DERIVED_FROM_KML_ELEVATION_POINTS
15.306757890899998,74.31128724379981,222.37,3.97,298.6,SYNTHETIC_DERIVED_FROM_KML_ELEVATION_POINTS
15.306757890899998,74.3115372437998,220.76,4.06,304.9,SYNTHETIC_DERIVED_FROM_KML_ELEVATION_POINTS
15.306757890899998,74.3117872437998,219.24,4.15,311.2,SYNTHETIC_DERIVED_FROM_KML_ELEVATION_POINTS
15.306757890899998,74.3120372437998,217.83,4.23,318.1,SYNTHETIC_DERIVED_FROM_KML_ELEVATION_POINTS
15.306757890899998,74.31228724379979,216.59,4.26,325.3,SYNTHETIC_DERIVED_FROM_KML_ELEVATION_POINTS
15.306757890899998,74.31253724379978,215.55,4.27,332.7,SYNTHETIC_DERIVED_FROM_KML_ELEVATION_POINTS
15.306757890899998,74.31278724379978,214.75,4.27,340.3,SYNTHETIC_DERIVED_FROM_KML_ELEVATION_POINTS
15.306757890899998,74.31303724379977,214.2,4.24,348.0,SYNTHETIC_DERIVED_FROM_KML_ELEVATION_POINTS
15.306757890899998,74.31328724379976,213.92,4.2,355.8,SYNTHETIC_DERIVED_FROM_KML_ELEVATION_POINTS
15.306757890899998,74.31353724379976,213.91,4.14,3.7,SYNTHETIC_DERIVED_FROM_KML_ELEVATION_POINTS
15.306757890899998,74.31378724379975,214.17,4.05,11.4,SYNTHETIC_DERIVED_FROM_KML_ELEVATION_POINTS
15.306757890899998,74.31403724379975,214.66,3.95,18.7,SYNTHETIC_DERIVED_FROM_KML_ELEVATION_POINTS
15.306757890899998,74.31428724379974,215.36,3.83,26.1,SYNTHETIC_DERIVED_FROM_KML_ELEVATION_POINTS
15.306757890899998,74.31453724379973,216.24,3.7,33.0,SYNTHETIC_DERIVED_FROM_KML_ELEVATION_POINTS
15.306757890899998,74.31478724379973,217.25,3.56,39.5,SYNTHETIC_DERIVED_FROM_KML_ELEVATION_POINTS
15.306757890899998,74.31503724379972,218.36,3.39,45.5,SYNTHETIC_DERIVED_FROM_KML_ELEVATION_POINTS
15.306757890899998,74.31528724379972,219.52,3.22,51.2,SYNTHETIC_DERIVED_FROM_KML_ELEVATION_POINTS
15.306757890899998,74.31553724379971,220.71,3.03,56.4,SYNTHETIC_DERIVED_FROM_KML_ELEVATION_POINTS
15.306757890899998,74.3157872437997,221.89,2.86,61.2,SYNTHETIC_DERIVED_FROM_KML_ELEVATION_POINTS
15.306757890899998,74.3160372437997,223.06,2.69,65.6,SYNTHETIC_DERIVED_FROM_KML_ELEVATION_POINTS
15.306757890899998,74.31628724379969,224.19,2.51,69.6,SYNTHETIC_DERIVED_FROM_KML_ELEVATION_POINTS
15.306757890899998,74.31653724379969,225.27,2.35,73.5,SYNTHETIC_DERIVED_FROM_KML_ELEVATION_POINTS
15.306757890899998,74.31678724379968,226.3,2.2,77.0,SYNTHETIC_DERIVED_FROM_KML_ELEVATION_POINTS
15.306757890899998,74.31703724379967,227.28,2.05,80.2,SYNTHETIC_DERIVED_FROM_KML_ELEVATION_POINTS
15.306757890899998,74.31728724379967,228.19,1.95,83.4,SYNTHETIC_DERIVED_FROM_KML_ELEVATION_POINTS
15.307007890899998,74.3035372438,249.11,0.97,206.0,SYNTHETIC_DERIVED_FROM_KML_ELEVATION_POINTS
15.307007890899998,74.30378724379999,248.91,1.0,206.0,SYNTHETIC_DERIVED_FROM_KML_ELEVATION_POINTS
15.307007890899998,74.30403724379998,248.7,1.04,206.9,SYNTHETIC_DERIVED_FROM_KML_ELEVATION_POINTS
15.307007890899998,74.30428724379998,248.47,1.09,208.2,SYNTHETIC_DERIVED_FROM_KML_ELEVATION_POINTS
15.307007890899998,74.30453724379997,248.22,1.12,209.6,SYNTHETIC_DERIVED_FROM_KML_ELEVATION_POINTS
15.307007890899998,74.30478724379996,247.95,1.18,211.1,SYNTHETIC_DERIVED_FROM_KML_ELEVATION_POINTS
15.307007890899998,74.30503724379996,247.65,1.24,212.9,SYNTHETIC_DERIVED_FROM_KML_ELEVATION_POINTS
15.307007890899998,74.30528724379995,247.32,1.31,214.9,SYNTHETIC_DERIVED_FROM_KML_ELEVATION_POINTS
15.307007890899998,74.30553724379995,246.95,1.37,216.4,SYNTHETIC_DERIVED_FROM_KML_ELEVATION_POINTS
15.307007890899998,74.30578724379994,246.56,1.43,218.3,SYNTHETIC_DERIVED_FROM_KML_ELEVATION_POINTS
15.307007890899998,74.30603724379993,246.12,1.5,220.4,SYNTHETIC_DERIVED_FROM_KML_ELEVATION_POINTS
15.307007890899998,74.30628724379993,245.65,1.57,222.3,SYNTHETIC_DERIVED_FROM_KML_ELEVATION_POINTS
15.307007890899998,74.30653724379992,245.13,1.66,224.5,SYNTHETIC_DERIVED_FROM_KML_ELEVATION_POINTS
15.307007890899998,74.30678724379992,244.56,1.76,226.8,SYNTHETIC_DERIVED_FROM_KML_ELEVATION_POINTS
15.307007890899998,74.30703724379991,243.93,1.84,229.3,SYNTHETIC_DERIVED_FROM_KML_ELEVATION_POINTS
15.307007890899998,74.3072872437999,243.25,1.94,231.7,SYNTHETIC_DERIVED_FROM_KML_ELEVATION_POINTS
15.307007890899998,74.3075372437999,242.5,2.05,234.1,SYNTHETIC_DERIVED_FROM_KML_ELEVATION_POINTS
15.307007890899998,74.3077872437999,241.69,2.17,236.9,SYNTHETIC_DERIVED_FROM_KML_ELEVATION_POINTS
15.307007890899998,74.30803724379989,240.8,2.29,239.9,SYNTHETIC_DERIVED_FROM_KML_ELEVATION_POINTS
15.307007890899998,74.30828724379988,239.83,2.42,242.9,SYNTHETIC_DERIVED_FROM_KML_ELEVATION_POINTS
15.307007890899998,74.30853724379988,238.78,2.56,246.0,SYNTHETIC_DERIVED_FROM_KML_ELEVATION_POINTS
15.307007890899998,74.30878724379987,237.64,2.71,249.6,SYNTHETIC_DERIVED_FROM_KML_ELEVATION_POINTS
15.307007890899998,74.30903724379986,236.4,2.86,253.1,SYNTHETIC_DERIVED_FROM_KML_ELEVATION_POINTS
15.307007890899998,74.30928724379986,235.07,3.02,256.6,SYNTHETIC_DERIVED_FROM_KML_ELEVATION_POINTS
15.307007890899998,74.30953724379985,233.64,3.19,260.5,SYNTHETIC_DERIVED_FROM_KML_ELEVATION_POINTS
15.307007890899998,74.30978724379985,232.12,3.36,264.7,SYNTHETIC_DERIVED_FROM_KML_ELEVATION_POINTS
15.307007890899998,74.31003724379984,230.5,3.54,269.2,SYNTHETIC_DERIVED_FROM_KML_ELEVATION_POINTS
15.307007890899998,74.31028724379983,228.8,3.72,273.8,SYNTHETIC_DERIVED_FROM_KML_ELEVATION_POINTS
15.307007890899998,74.31053724379983,227.02,3.9,278.6,SYNTHETIC_DERIVED_FROM_KML_ELEVATION_POINTS
15.307007890899998,74.31078724379982,225.18,4.07,283.9,SYNTHETIC_DERIVED_FROM_KML_ELEVATION_POINTS
15.307007890899998,74.31103724379982,223.31,4.23,289.6,SYNTHETIC_DERIVED_FROM_KML_ELEVATION_POINTS
15.307007890899998,74.31128724379981,221.44,4.37,295.5,SYNTHETIC_DERIVED_FROM_KML_ELEVATION_POINTS
15.307007890899998,74.3115372437998,219.61,4.48,302.0,SYNTHETIC_DERIVED_FROM_KML_ELEVATION_POINTS
15.307007890899998,74.3117872437998,217.87,4.59,308.8,SYNTHETIC_DERIVED_FROM_KML_ELEVATION_POINTS
15.307007890899998,74.3120372437998,216.25,4.66,315.8,SYNTHETIC_DERIVED_FROM_KML_ELEVATION_POINTS
15.307007890899998,74.31228724379979,214.82,4.69,323.5,SYNTHETIC_DERIVED_FROM_KML_ELEVATION_POINTS
15.307007890899998,74.31253724379978,213.63,4.71,331.3,SYNTHETIC_DERIVED_FROM_KML_ELEVATION_POINTS
15.307007890899998,74.31278724379978,212.7,4.71,339.5,SYNTHETIC_DERIVED_FROM_KML_ELEVATION_POINTS
15.307007890899998,74.31303724379977,212.08,4.66,347.9,SYNTHETIC_DERIVED_FROM_KML_ELEVATION_POINTS
15.307007890899998,74.31328724379976,211.78,4.61,356.4,SYNTHETIC_DERIVED_FROM_KML_ELEVATION_POINTS
15.307007890899998,74.31353724379976,211.81,4.54,5.0,SYNTHETIC_DERIVED_FROM_KML_ELEVATION_POINTS
15.307007890899998,74.31378724379975,212.15,4.45,13.3,SYNTHETIC_DERIVED_FROM_KML_ELEVATION_POINTS
15.307007890899998,74.31403724379975,212.77,4.33,21.3,SYNTHETIC_DERIVED_FROM_KML_ELEVATION_POINTS
15.307007890899998,74.31428724379974,213.63,4.2,29.1,SYNTHETIC_DERIVED_FROM_KML_ELEVATION_POINTS
15.307007890899998,74.31453724379973,214.69,4.05,36.5,SYNTHETIC_DERIVED_FROM_KML_ELEVATION_POINTS
15.307007890899998,74.31478724379973,215.89,3.88,43.3,SYNTHETIC_DERIVED_FROM_KML_ELEVATION_POINTS
15.307007890899998,74.31503724379972,217.19,3.71,49.6,SYNTHETIC_DERIVED_FROM_KML_ELEVATION_POINTS
15.307007890899998,74.31528724379972,218.54,3.51,55.4,SYNTHETIC_DERIVED_FROM_KML_ELEVATION_POINTS
15.307007890899998,74.31553724379971,219.9,3.3,60.7,SYNTHETIC_DERIVED_FROM_KML_ELEVATION_POINTS
15.307007890899998,74.3157872437997,221.24,3.09,65.6,SYNTHETIC_DERIVED_FROM_KML_ELEVATION_POINTS
15.307007890899998,74.3160372437997,222.54,2.89,70.0,SYNTHETIC_DERIVED_FROM_KML_ELEVATION_POINTS
15.307007890899998,74.31628724379969,223.79,2.7,74.1,SYNTHETIC_DERIVED_FROM_KML_ELEVATION_POINTS
15.307007890899998,74.31653724379969,224.97,2.51,77.7,SYNTHETIC_DERIVED_FROM_KML_ELEVATION_POINTS
15.307007890899998,74.31678724379968,226.09,2.34,81.2,SYNTHETIC_DERIVED_FROM_KML_ELEVATION_POINTS
15.307007890899998,74.31703724379967,227.14,2.17,84.3,SYNTHETIC_DERIVED_FROM_KML_ELEVATION_POINTS
15.307007890899998,74.31728724379967,228.11,2.07,87.4,SYNTHETIC_DERIVED_FROM_KML_ELEVATION_POINTS
15.307257890899997,74.3035372438,249.54,0.98,203.0,SYNTHETIC_DERIVED_FROM_KML_ELEVATION_POINTS
15.307257890899997,74.30378724379999,249.36,1.03,202.6,SYNTHETIC_DERIVED_FROM_KML_ELEVATION_POINTS
15.307257890899997,74.30403724379998,249.17,1.07,204.1,SYNTHETIC_DERIVED_FROM_KML_ELEVATION_POINTS
15.307257890899997,74.30428724379998,248.95,1.12,206.0,SYNTHETIC_DERIVED_FROM_KML_ELEVATION_POINTS
15.307257890899997,74.30453724379997,248.71,1.17,207.2,SYNTHETIC_DERIVED_FROM_KML_ELEVATION_POINTS
15.307257890899997,74.30478724379996,248.45,1.22,208.3,SYNTHETIC_DERIVED_FROM_KML_ELEVATION_POINTS
15.307257890899997,74.30503724379996,248.17,1.27,210.2,SYNTHETIC_DERIVED_FROM_KML_ELEVATION_POINTS
15.307257890899997,74.30528724379995,247.85,1.34,211.7,SYNTHETIC_DERIVED_FROM_KML_ELEVATION_POINTS
15.307257890899997,74.30553724379995,247.51,1.42,213.4,SYNTHETIC_DERIVED_FROM_KML_ELEVATION_POINTS
15.307257890899997,74.30578724379994,247.12,1.48,215.7,SYNTHETIC_DERIVED_FROM_KML_ELEVATION_POINTS
15.307257890899997,74.30603724379993,246.7,1.56,217.0,SYNTHETIC_DERIVED_FROM_KML_ELEVATION_POINTS
15.307257890899997,74.30628724379993,246.24,1.64,219.0,SYNTHETIC_DERIVED_FROM_KML_ELEVATION_POINTS
15.307257890899997,74.30653724379992,245.73,1.73,221.4,SYNTHETIC_DERIVED_FROM_KML_ELEVATION_POINTS
15.307257890899997,74.30678724379992,245.17,1.83,223.5,SYNTHETIC_DERIVED_FROM_KML_ELEVATION_POINTS
15.307257890899997,74.30703724379991,244.55,1.93,225.8,SYNTHETIC_DERIVED_FROM_KML_ELEVATION_POINTS
15.307257890899997,74.3072872437999,243.87,2.03,228.1,SYNTHETIC_DERIVED_FROM_KML_ELEVATION_POINTS
15.307257890899997,74.3075372437999,243.13,2.16,230.7,SYNTHETIC_DERIVED_FROM_KML_ELEVATION_POINTS
15.307257890899997,74.3077872437999,242.3,2.29,233.6,SYNTHETIC_DERIVED_FROM_KML_ELEVATION_POINTS
15.307257890899997,74.30803724379989,241.4,2.42,236.4,SYNTHETIC_DERIVED_FROM_KML_ELEVATION_POINTS
15.307257890899997,74.30828724379988,240.41,2.57,239.4,SYNTHETIC_DERIVED_FROM_KML_ELEVATION_POINTS
15.307257890899997,74.30853724379988,239.33,2.72,242.5,SYNTHETIC_DERIVED_FROM_KML_ELEVATION_POINTS
15.307257890899997,74.30878724379987,238.15,2.88,246.0,SYNTHETIC_DERIVED_FROM_KML_ELEVATION_POINTS
15.307257890899997,74.30903724379986,236.86,3.05,249.3,SYNTHETIC_DERIVED_FROM_KML_ELEVATION_POINTS
15.307257890899997,74.30928724379986,235.47,3.23,253.0,SYNTHETIC_DERIVED_FROM_KML_ELEVATION_POINTS
15.307257890899997,74.30953724379985,233.96,3.44,256.9,SYNTHETIC_DERIVED_FROM_KML_ELEVATION_POINTS
15.307257890899997,74.30978724379985,232.33,3.65,261.1,SYNTHETIC_DERIVED_FROM_KML_ELEVATION_POINTS
15.307257890899997,74.31003724379984,230.58,3.85,265.4,SYNTHETIC_DERIVED_FROM_KML_ELEVATION_POINTS
15.307257890899997,74.31028724379983,228.73,4.05,270.0,SYNTHETIC_DERIVED_FROM_KML_ELEVATION_POINTS
15.307257890899997,74.31053724379983,226.78,4.27,275.0,SYNTHETIC_DERIVED_FROM_KML_ELEVATION_POINTS
15.307257890899997,74.31078724379982,224.74,4.47,280.2,SYNTHETIC_DERIVED_FROM_KML_ELEVATION_POINTS
15.307257890899997,74.31103724379982,222.65,4.65,285.9,SYNTHETIC_DERIVED_FROM_KML_ELEVATION_POINTS
15.307257890899997,74.31128724379981,220.54,4.82,292.0,SYNTHETIC_DERIVED_FROM_KML_ELEVATION_POINTS
15.307257890899997,74.3115372437998,218.45,4.97,298.5,SYNTHETIC_DERIVED_FROM_KML_ELEVATION_POINTS
15.307257890899997,74.3117872437998,216.44,5.08,305.8,SYNTHETIC_DERIVED_FROM_KML_ELEVATION_POINTS
15.307257890899997,74.3120372437998,214.58,5.14,313.2,SYNTHETIC_DERIVED_FROM_KML_ELEVATION_POINTS
15.307257890899997,74.31228724379979,212.92,5.18,321.2,SYNTHETIC_DERIVED_FROM_KML_ELEVATION_POINTS
15.307257890899997,74.31253724379978,211.53,5.19,329.7,SYNTHETIC_DERIVED_FROM_KML_ELEVATION_POINTS
15.307257890899997,74.31278724379978,210.46,5.15,338.5,SYNTHETIC_DERIVED_FROM_KML_ELEVATION_POINTS
15.307257890899997,74.31303724379977,209.76,5.1,347.7,SYNTHETIC_DERIVED_FROM_KML_ELEVATION_POINTS
15.307257890899997,74.31328724379976,209.44,5.03,357.0,SYNTHETIC_DERIVED_FROM_KML_ELEVATION_POINTS
15.307257890899997,74.31353724379976,209.51,4.95,6.3,SYNTHETIC_DERIVED_FROM_KML_ELEVATION_POINTS
15.307257890899997,74.31378724379975,209.95,4.86,15.5,SYNTHETIC_DERIVED_FROM_KML_ELEVATION_POINTS
15.307257890899997,74.31403724379975,210.73,4.76,24.3,SYNTHETIC_DERIVED_FROM_KML_ELEVATION_POINTS
15.307257890899997,74.31428724379974,211.79,4.61,32.7,SYNTHETIC_DERIVED_FROM_KML_ELEVATION_POINTS
15.307257890899997,74.31453724379973,213.07,4.44,40.5,SYNTHETIC_DERIVED_FROM_KML_ELEVATION_POINTS
15.307257890899997,74.31478724379973,214.5,4.25,47.6,SYNTHETIC_DERIVED_FROM_KML_ELEVATION_POINTS
15.307257890899997,74.31503724379972,216.02,4.04,54.2,SYNTHETIC_DERIVED_FROM_KML_ELEVATION_POINTS
15.307257890899997,74.31528724379972,217.58,3.83,60.2,SYNTHETIC_DERIVED_FROM_KML_ELEVATION_POINTS
15.307257890899997,74.31553724379971,219.14,3.6,65.5,SYNTHETIC_DERIVED_FROM_KML_ELEVATION_POINTS
15.307257890899997,74.3157872437997,220.65,3.35,70.4,SYNTHETIC_DERIVED_FROM_KML_ELEVATION_POINTS
15.307257890899997,74.3160372437997,222.1,3.11,74.9,SYNTHETIC_DERIVED_FROM_KML_ELEVATION_POINTS
15.307257890899997,74.31628724379969,223.47,2.88,78.7,SYNTHETIC_DERIVED_FROM_KML_ELEVATION_POINTS
15.307257890899997,74.31653724379969,224.75,2.67,82.5,SYNTHETIC_DERIVED_FROM_KML_ELEVATION_POINTS
15.307257890899997,74.31678724379968,225.95,2.48,85.7,SYNTHETIC_DERIVED_FROM_KML_ELEVATION_POINTS
15.307257890899997,74.31703724379967,227.07,2.29,88.7,SYNTHETIC_DERIVED_FROM_KML_ELEVATION_POINTS
15.307257890899997,74.31728724379967,228.1,2.2,91.6,SYNTHETIC_DERIVED_FROM_KML_ELEVATION_POINTS
15.307507890899997,74.3035372438,249.99,1.01,199.8,SYNTHETIC_DERIVED_FROM_KML_ELEVATION_POINTS
15.307507890899997,74.30378724379999,249.83,1.05,200.2,SYNTHETIC_DERIVED_FROM_KML_ELEVATION_POINTS
15.307507890899997,74.30403724379998,249.65,1.1,201.7,SYNTHETIC_DERIVED_FROM_KML_ELEVATION_POINTS
15.307507890899997,74.30428724379998,249.45,1.15,202.9,SYNTHETIC_DERIVED_FROM_KML_ELEVATION_POINTS
15.307507890899997,74.30453724379997,249.23,1.21,204.0,SYNTHETIC_DERIVED_FROM_KML_ELEVATION_POINTS
15.307507890899997,74.30478724379996,248.99,1.26,205.7,SYNTHETIC_DERIVED_FROM_KML_ELEVATION_POINTS
15.307507890899997,74.30503724379996,248.72,1.32,207.0,SYNTHETIC_DERIVED_FROM_KML_ELEVATION_POINTS
15.307507890899997,74.30528724379995,248.43,1.38,208.6,SYNTHETIC_DERIVED_FROM_KML_ELEVATION_POINTS
15.307507890899997,74.30553724379995,248.1,1.46,210.7,SYNTHETIC_DERIVED_FROM_KML_ELEVATION_POINTS
15.307507890899997,74.30578724379994,247.73,1.54,212.2,SYNTHETIC_DERIVED_FROM_KML_ELEVATION_POINTS
15.307507890899997,74.30603724379993,247.33,1.62,213.6,SYNTHETIC_DERIVED_FROM_KML_ELEVATION_POINTS
15.307507890899997,74.30628724379993,246.89,1.71,216.0,SYNTHETIC_DERIVED_FROM_KML_ELEVATION_POINTS
15.307507890899997,74.30653724379992,246.39,1.8,218.0,SYNTHETIC_DERIVED_FROM_KML_ELEVATION_POINTS
15.307507890899997,74.30678724379992,245.85,1.91,220.0,SYNTHETIC_DERIVED_FROM_KML_ELEVATION_POINTS
15.307507890899997,74.30703724379991,245.24,2.02,222.5,SYNTHETIC_DERIVED_FROM_KML_ELEVATION_POINTS
15.307507890899997,74.3072872437999,244.57,2.14,224.6,SYNTHETIC_DERIVED_FROM_KML_ELEVATION_POINTS
15.307507890899997,74.3075372437999,243.83,2.26,227.3,SYNTHETIC_DERIVED_FROM_KML_ELEVATION_POINTS
15.307507890899997,74.3077872437999,243.01,2.41,230.1,SYNTHETIC_DERIVED_FROM_KML_ELEVATION_POINTS
15.307507890899997,74.30803724379989,242.1,2.56,232.9,SYNTHETIC_DERIVED_FROM_KML_ELEVATION_POINTS
15.307507890899997,74.30828724379988,241.1,2.71,235.6,SYNTHETIC_DERIVED_FROM_KML_ELEVATION_POINTS
15.307507890899997,74.30853724379988,240.0,2.89,238.9,SYNTHETIC_DERIVED_FROM_KML_ELEVATION_POINTS
15.307507890899997,74.30878724379987,238.78,3.07,242.3,SYNTHETIC_DERIVED_FROM_KML_ELEVATION_POINTS
15.307507890899997,74.30903724379986,237.45,3.27,245.5,SYNTHETIC_DERIVED_FROM_KML_ELEVATION_POINTS
15.307507890899997,74.30928724379986,235.99,3.48,249.2,SYNTHETIC_DERIVED_FROM_KML_ELEVATION_POINTS
15.307507890899997,74.30953724379985,234.4,3.7,253.0,SYNTHETIC_DERIVED_FROM_KML_ELEVATION_POINTS
15.307507890899997,74.30978724379985,232.67,3.93,257.2,SYNTHETIC_DERIVED_FROM_KML_ELEVATION_POINTS
15.307507890899997,74.31003724379984,230.8,4.17,261.4,SYNTHETIC_DERIVED_FROM_KML_ELEVATION_POINTS
15.307507890899997,74.31028724379983,228.8,4.42,266.0,SYNTHETIC_DERIVED_FROM_KML_ELEVATION_POINTS
15.307507890899997,74.31053724379983,226.66,4.68,270.9,SYNTHETIC_DERIVED_FROM_KML_ELEVATION_POINTS
15.307507890899997,74.31078724379982,224.41,4.91,276.1,SYNTHETIC_DERIVED_FROM_KML_ELEVATION_POINTS
15.307507890899997,74.31103724379982,222.07,5.14,281.9,SYNTHETIC_DERIVED_FROM_KML_ELEVATION_POINTS
15.307507890899997,74.31128724379981,219.68,5.34,288.1,SYNTHETIC_DERIVED_FROM_KML_ELEVATION_POINTS
15.307507890899997,74.3115372437998,217.3,5.51,294.8,SYNTHETIC_DERIVED_FROM_KML_ELEVATION_POINTS
15.307507890899997,74.3117872437998,214.98,5.62,302.1,SYNTHETIC_DERIVED_FROM_KML_ELEVATION_POINTS
15.307507890899997,74.3120372437998,212.82,5.69,310.1,SYNTHETIC_DERIVED_FROM_KML_ELEVATION_POINTS
15.307507890899997,74.31228724379979,210.89,5.71,318.6,SYNTHETIC_DERIVED_FROM_KML_ELEVATION_POINTS
15.307507890899997,74.31253724379978,209.27,5.68,327.6,SYNTHETIC_DERIVED_FROM_KML_ELEVATION_POINTS
15.307507890899997,74.31278724379978,208.03,5.6,337.2,SYNTHETIC_DERIVED_FROM_KML_ELEVATION_POINTS
15.307507890899997,74.31303724379977,207.23,5.51,347.3,SYNTHETIC_DERIVED_FROM_KML_ELEVATION_POINTS
15.307507890899997,74.31328724379976,206.89,5.42,357.6,SYNTHETIC_DERIVED_FROM_KML_ELEVATION_POINTS
15.307507890899997,74.31353724379976,207.02,5.35,8.0,SYNTHETIC_DERIVED_FROM_KML_ELEVATION_POINTS
15.307507890899997,74.31378724379975,207.59,5.26,18.0,SYNTHETIC_DERIVED_FROM_KML_ELEVATION_POINTS
15.307507890899997,74.31403724379975,208.55,5.17,27.7,SYNTHETIC_DERIVED_FROM_KML_ELEVATION_POINTS
15.307507890899997,74.31428724379974,209.85,5.05,36.9,SYNTHETIC_DERIVED_FROM_KML_ELEVATION_POINTS
15.307507890899997,74.31453724379973,211.4,4.88,45.2,SYNTHETIC_DERIVED_FROM_KML_ELEVATION_POINTS
15.307507890899997,74.31478724379973,213.1,4.67,52.8,SYNTHETIC_DERIVED_FROM_KML_ELEVATION_POINTS
15.307507890899997,74.31503724379972,214.89,4.44,59.5,SYNTHETIC_DERIVED_FROM_KML_ELEVATION_POINTS
15.307507890899997,74.31528724379972,216.69,4.17,65.5,SYNTHETIC_DERIVED_FROM_KML_ELEVATION_POINTS
15.307507890899997,74.31553724379971,218.45,3.9,70.8,SYNTHETIC_DERIVED_FROM_KML_ELEVATION_POINTS
15.307507890899997,74.3157872437997,220.15,3.63,75.6,SYNTHETIC_DERIVED_FROM_KML_ELEVATION_POINTS
15.307507890899997,74.3160372437997,221.75,3.35,79.7,SYNTHETIC_DERIVED_FROM_KML_ELEVATION_POINTS
15.307507890899997,74.31628724379969,223.24,3.09,83.7,SYNTHETIC_DERIVED_FROM_KML_ELEVATION_POINTS
15.307507890899997,74.31653724379969,224.63,2.85,87.3,SYNTHETIC_DERIVED_FROM_KML_ELEVATION_POINTS
15.307507890899997,74.31678724379968,225.91,2.62,90.4,SYNTHETIC_DERIVED_FROM_KML_ELEVATION_POINTS
15.307507890899997,74.31703724379967,227.09,2.41,93.4,SYNTHETIC_DERIVED_FROM_KML_ELEVATION_POINTS
15.307507890899997,74.31728724379967,228.17,2.32,95.9,SYNTHETIC_DERIVED_FROM_KML_ELEVATION_POINTS
15.307757890899996,74.3035372438,250.46,1.03,196.8,SYNTHETIC_DERIVED_FROM_KML_ELEVATION_POINTS
15.307757890899996,74.30378724379999,250.32,1.07,197.4,SYNTHETIC_DERIVED_FROM_KML_ELEVATION_POINTS
15.307757890899996,74.30403724379998,250.16,1.12,198.9,SYNTHETIC_DERIVED_FROM_KML_ELEVATION_POINTS
15.307757890899996,74.30428724379998,249.98,1.17,200.2,SYNTHETIC_DERIVED_FROM_KML_ELEVATION_POINTS
15.307757890899996,74.30453724379997,249.78,1.24,201.7,SYNTHETIC_DERIVED_FROM_KML_ELEVATION_POINTS
15.307757890899996,74.30478724379996,249.55,1.29,202.8,SYNTHETIC_DERIVED_FROM_KML_ELEVATION_POINTS
15.307757890899996,74.30503724379996,249.31,1.36,204.0,SYNTHETIC_DERIVED_FROM_KML_ELEVATION_POINTS
15.307757890899996,74.30528724379995,249.03,1.43,205.7,SYNTHETIC_DERIVED_FROM_KML_ELEVATION_POINTS
15.307757890899996,74.30553724379995,248.73,1.5,207.0,SYNTHETIC_DERIVED_FROM_KML_ELEVATION_POINTS
15.307757890899996,74.30578724379994,248.39,1.59,208.9,SYNTHETIC_DERIVED_FROM_KML_ELEVATION_POINTS
15.307757890899996,74.30603724379993,248.01,1.68,211.0,SYNTHETIC_DERIVED_FROM_KML_ELEVATION_POINTS
15.307757890899996,74.30628724379993,247.58,1.77,212.8,SYNTHETIC_DERIVED_FROM_KML_ELEVATION_POINTS
15.307757890899996,74.30653724379992,247.11,1.87,214.4,SYNTHETIC_DERIVED_FROM_KML_ELEVATION_POINTS
15.307757890899996,74.30678724379992,246.59,1.98,216.8,SYNTHETIC_DERIVED_FROM_KML_ELEVATION_POINTS
15.307757890899996,74.30703724379991,246.0,2.1,219.0,SYNTHETIC_DERIVED_FROM_KML_ELEVATION_POINTS
15.307757890899996,74.3072872437999,245.35,2.23,221.3,SYNTHETIC_DERIVED_FROM_KML_ELEVATION_POINTS
15.307757890899996,74.3075372437999,244.62,2.38,223.9,SYNTHETIC_DERIVED_FROM_KML_ELEVATION_POINTS
15.307757890899996,74.3077872437999,243.8,2.53,226.5,SYNTHETIC_DERIVED_FROM_KML_ELEVATION_POINTS
15.307757890899996,74.30803724379989,242.9,2.68,229.0,SYNTHETIC_DERIVED_FROM_KML_ELEVATION_POINTS
15.307757890899996,74.30828724379988,241.9,2.86,232.1,SYNTHETIC_DERIVED_FROM_KML_ELEVATION_POINTS
15.307757890899996,74.30853724379988,240.78,3.06,235.2,SYNTHETIC_DERIVED_FROM_KML_ELEVATION_POINTS
15.307757890899996,74.30878724379987,239.54,3.26,238.2,SYNTHETIC_DERIVED_FROM_KML_ELEVATION_POINTS
15.307757890899996,74.30903724379986,238.18,3.48,241.6,SYNTHETIC_DERIVED_FROM_KML_ELEVATION_POINTS
15.307757890899996,74.30928724379986,236.67,3.72,245.2,SYNTHETIC_DERIVED_FROM_KML_ELEVATION_POINTS
15.307757890899996,74.30953724379985,235.01,3.99,248.8,SYNTHETIC_DERIVED_FROM_KML_ELEVATION_POINTS
15.307757890899996,74.30978724379985,233.18,4.26,252.9,SYNTHETIC_DERIVED_FROM_KML_ELEVATION_POINTS
15.307757890899996,74.31003724379984,231.19,4.54,257.0,SYNTHETIC_DERIVED_FROM_KML_ELEVATION_POINTS
15.307757890899996,74.31028724379983,229.03,4.82,261.6,SYNTHETIC_DERIVED_FROM_KML_ELEVATION_POINTS
15.307757890899996,74.31053724379983,226.71,5.12,266.4,SYNTHETIC_DERIVED_FROM_KML_ELEVATION_POINTS
15.307757890899996,74.31078724379982,224.23,5.42,271.6,SYNTHETIC_DERIVED_FROM_KML_ELEVATION_POINTS
15.307757890899996,74.31103724379982,221.62,5.69,277.2,SYNTHETIC_DERIVED_FROM_KML_ELEVATION_POINTS
15.307757890899996,74.31128724379981,218.92,5.93,283.5,SYNTHETIC_DERIVED_FROM_KML_ELEVATION_POINTS
15.307757890899996,74.3115372437998,216.2,6.11,290.4,SYNTHETIC_DERIVED_FROM_KML_ELEVATION_POINTS
15.307757890899996,74.3117872437998,213.53,6.24,297.9,SYNTHETIC_DERIVED_FROM_KML_ELEVATION_POINTS
15.307757890899996,74.3120372437998,211.01,6.3,306.2,SYNTHETIC_DERIVED_FROM_KML_ELEVATION_POINTS
15.307757890899996,74.31228724379979,208.75,6.28,315.4,SYNTHETIC_DERIVED_FROM_KML_ELEVATION_POINTS
15.307757890899996,74.31253724379978,206.86,6.18,325.2,SYNTHETIC_DERIVED_FROM_KML_ELEVATION_POINTS
15.307757890899996,74.31278724379978,205.43,6.03,335.6,SYNTHETIC_DERIVED_FROM_KML_ELEVATION_POINTS
15.307757890899996,74.31303724379977,204.52,5.86,346.7,SYNTHETIC_DERIVED_FROM_KML_ELEVATION_POINTS
15.307757890899996,74.31328724379976,204.16,5.73,358.2,SYNTHETIC_DERIVED_FROM_KML_ELEVATION_POINTS
15.307757890899996,74.31353724379976,204.35,5.67,9.9,SYNTHETIC_DERIVED_FROM_KML_ELEVATION_POINTS
15.307757890899996,74.31378724379975,205.08,5.63,21.3,SYNTHETIC_DERIVED_FROM_KML_ELEVATION_POINTS
15.307757890899996,74.31403724379975,206.27,5.57,32.1,SYNTHETIC_DERIVED_FROM_KML_ELEVATION_POINTS
15.307757890899996,74.31428724379974,207.86,5.48,42.0,SYNTHETIC_DERIVED_FROM_KML_ELEVATION_POINTS
15.307757890899996,74.31453724379973,209.72,5.34,50.9,SYNTHETIC_DERIVED_FROM_KML_ELEVATION_POINTS
15.307757890899996,74.31478724379973,211.75,5.12,58.7,SYNTHETIC_DERIVED_FROM_KML_ELEVATION_POINTS
15.307757890899996,74.31503724379972,213.83,4.86,65.4,SYNTHETIC_DERIVED_FROM_KML_ELEVATION_POINTS
15.307757890899996,74.31528724379972,215.9,4.56,71.4,SYNTHETIC_DERIVED_FROM_KML_ELEVATION_POINTS
15.307757890899996,74.31553724379971,217.89,4.24,76.5,SYNTHETIC_DERIVED_FROM_KML_ELEVATION_POINTS
15.307757890899996,74.3157872437997,219.77,3.92,81.1,SYNTHETIC_DERIVED_FROM_KML_ELEVATION_POINTS
15.307757890899996,74.3160372437997,221.52,3.6,85.3,SYNTHETIC_DERIVED_FROM_KML_ELEVATION_POINTS
15.307757890899996,74.31628724379969,223.14,3.31,88.9,SYNTHETIC_DERIVED_FROM_KML_ELEVATION_POINTS
15.307757890899996,74.31653724379969,224.62,3.02,92.3,SYNTHETIC_DERIVED_FROM_KML_ELEVATION_POINTS
15.307757890899996,74.31678724379968,225.97,2.77,95.3,SYNTHETIC_DERIVED_FROM_KML_ELEVATION_POINTS
15.307757890899996,74.31703724379967,227.21,2.54,98.1,SYNTHETIC_DERIVED_FROM_KML_ELEVATION_POINTS
15.307757890899996,74.31728724379967,228.33,2.43,100.3,SYNTHETIC_DERIVED_FROM_KML_ELEVATION_POINTS
15.308007890899995,74.3035372438,250.95,1.06,195.2,SYNTHETIC_DERIVED_FROM_KML_ELEVATION_POINTS
15.308007890899995,74.30378724379999,250.82,1.1,195.2,SYNTHETIC_DERIVED_FROM_KML_ELEVATION_POINTS
15.308007890899995,74.30403724379998,250.68,1.15,196.2,SYNTHETIC_DERIVED_FROM_KML_ELEVATION_POINTS
15.308007890899995,74.30428724379998,250.52,1.2,197.1,SYNTHETIC_DERIVED_FROM_KML_ELEVATION_POINTS
15.308007890899995,74.30453724379997,250.35,1.26,198.3,SYNTHETIC_DERIVED_FROM_KML_ELEVATION_POINTS
15.308007890899995,74.30478724379996,250.15,1.33,199.6,SYNTHETIC_DERIVED_FROM_KML_ELEVATION_POINTS
15.308007890899995,74.30503724379996,249.93,1.39,201.1,SYNTHETIC_DERIVED_FROM_KML_ELEVATION_POINTS
15.308007890899995,74.30528724379995,249.68,1.47,202.6,SYNTHETIC_DERIVED_FROM_KML_ELEVATION_POINTS
15.308007890899995,74.30553724379995,249.4,1.55,204.4,SYNTHETIC_DERIVED_FROM_KML_ELEVATION_POINTS
15.308007890899995,74.30578724379994,249.08,1.64,205.9,SYNTHETIC_DERIVED_FROM_KML_ELEVATION_POINTS
15.308007890899995,74.30603724379993,248.73,1.72,207.2,SYNTHETIC_DERIVED_FROM_KML_ELEVATION_POINTS
15.308007890899995,74.30628724379993,248.34,1.84,209.2,SYNTHETIC_DERIVED_FROM_KML_ELEVATION_POINTS
15.308007890899995,74.30653724379992,247.89,1.95,211.3,SYNTHETIC_DERIVED_FROM_KML_ELEVATION_POINTS
15.308007890899995,74.30678724379992,247.39,2.07,213.2,SYNTHETIC_DERIVED_FROM_KML_ELEVATION_POINTS
15.308007890899995,74.30703724379991,246.83,2.19,215.3,SYNTHETIC_DERIVED_FROM_KML_ELEVATION_POINTS
15.308007890899995,74.3072872437999,246.2,2.32,217.6,SYNTHETIC_DERIVED_FROM_KML_ELEVATION_POINTS
15.308007890899995,74.3075372437999,245.5,2.49,220.1,SYNTHETIC_DERIVED_FROM_KML_ELEVATION_POINTS
15.308007890899995,74.3077872437999,244.7,2.66,222.7,SYNTHETIC_DERIVED_FROM_KML_ELEVATION_POINTS
15.308007890899995,74.30803724379989,243.81,2.84,225.3,SYNTHETIC_DERIVED_FROM_KML_ELEVATION_POINTS
15.308007890899995,74.30828724379988,242.81,3.02,228.1,SYNTHETIC_DERIVED_FROM_KML_ELEVATION_POINTS
15.308007890899995,74.30853724379988,241.7,3.23,231.2,SYNTHETIC_DERIVED_FROM_KML_ELEVATION_POINTS
15.308007890899995,74.30878724379987,240.45,3.47,234.3,SYNTHETIC_DERIVED_FROM_KML_ELEVATION_POINTS
15.308007890899995,74.30903724379986,239.06,3.71,237.5,SYNTHETIC_DERIVED_FROM_KML_ELEVATION_POINTS
15.308007890899995,74.30928724379986,237.51,3.97,240.9,SYNTHETIC_DERIVED_FROM_KML_ELEVATION_POINTS
15.308007890899995,74.30953724379985,235.8,4.27,244.6,SYNTHETIC_DERIVED_FROM_KML_ELEVATION_POINTS
15.308007890899995,74.30978724379985,233.89,4.59,248.4,SYNTHETIC_DERIVED_FROM_KML_ELEVATION_POINTS
15.308007890899995,74.31003724379984,231.79,4.92,252.4,SYNTHETIC_DERIVED_FROM_KML_ELEVATION_POINTS
15.308007890899995,74.31028724379983,229.49,5.27,256.8,SYNTHETIC_DERIVED_FROM_KML_ELEVATION_POINTS
15.308007890899995,74.31053724379983,226.97,5.62,261.6,SYNTHETIC_DERIVED_FROM_KML_ELEVATION_POINTS
15.308007890899995,74.31078724379982,224.26,5.97,266.6,SYNTHETIC_DERIVED_FROM_KML_ELEVATION_POINTS
15.308007890899995,74.31103724379982,221.37,6.31,272.1,SYNTHETIC_DERIVED_FROM_KML_ELEVATION_POINTS
15.308007890899995,74.31128724379981,218.33,6.6,278.3,SYNTHETIC_DERIVED_FROM_KML_ELEVATION_POINTS
15.308007890899995,74.3115372437998,215.22,6.82,285.1,SYNTHETIC_DERIVED_FROM_KML_ELEVATION_POINTS
15.308007890899995,74.3117872437998,212.13,6.95,292.9,SYNTHETIC_DERIVED_FROM_KML_ELEVATION_POINTS
15.308007890899995,74.3120372437998,209.19,6.98,301.6,SYNTHETIC_DERIVED_FROM_KML_ELEVATION_POINTS
15.308007890899995,74.31228724379979,206.53,6.89,311.4,SYNTHETIC_DERIVED_FROM_KML_ELEVATION_POINTS
15.308007890899995,74.31253724379978,204.32,6.69,322.2,SYNTHETIC_DERIVED_FROM_KML_ELEVATION_POINTS
15.308007890899995,74.31278724379978,202.67,6.39,333.9,SYNTHETIC_DERIVED_FROM_KML_ELEVATION_POINTS
15.308007890899995,74.31303724379977,201.67,6.07,346.2,SYNTHETIC_DERIVED_FROM_KML_ELEVATION_POINTS
15.308007890899995,74.31328724379976,201.31,5.84,359.1,SYNTHETIC_DERIVED_FROM_KML_ELEVATION_POINTS
15.308007890899995,74.31353724379976,201.58,5.78,12.4,SYNTHETIC_DERIVED_FROM_KML_ELEVATION_POINTS
15.308007890899995,74.31378724379975,202.48,5.85,25.5,SYNTHETIC_DERIVED_FROM_KML_ELEVATION_POINTS
15.308007890899995,74.31403724379975,203.95,5.92,37.6,SYNTHETIC_DERIVED_FROM_KML_ELEVATION_POINTS
15.308007890899995,74.31428724379974,205.88,5.93,48.4,SYNTHETIC_DERIVED_FROM_KML_ELEVATION_POINTS
15.308007890899995,74.31453724379973,208.12,5.83,57.7,SYNTHETIC_DERIVED_FROM_KML_ELEVATION_POINTS
15.308007890899995,74.31478724379973,210.51,5.62,65.4,SYNTHETIC_DERIVED_FROM_KML_ELEVATION_POINTS
15.308007890899995,74.31503724379972,212.92,5.32,72.1,SYNTHETIC_DERIVED_FROM_KML_ELEVATION_POINTS
15.308007890899995,74.31528724379972,215.27,4.98,77.9,SYNTHETIC_DERIVED_FROM_KML_ELEVATION_POINTS
15.308007890899995,74.31553724379971,217.49,4.6,82.8,SYNTHETIC_DERIVED_FROM_KML_ELEVATION_POINTS
15.308007890899995,74.3157872437997,219.56,4.23,87.2,SYNTHETIC_DERIVED_FROM_KML_ELEVATION_POINTS
15.308007890899995,74.3160372437997,221.46,3.86,91.1,SYNTHETIC_DERIVED_FROM_KML_ELEVATION_POINTS
15.308007890899995,74.31628724379969,223.18,3.52,94.5,SYNTHETIC_DERIVED_FROM_KML_ELEVATION_POINTS
15.308007890899995,74.31653724379969,224.75,3.21,97.7,SYNTHETIC_DERIVED_FROM_KML_ELEVATION_POINTS
15.308007890899995,74.31678724379968,226.16,2.92,100.6,SYNTHETIC_DERIVED_FROM_KML_ELEVATION_POINTS
15.308007890899995,74.31703724379967,227.44,2.66,103.0,SYNTHETIC_DERIVED_FROM_KML_ELEVATION_POINTS
15.308007890899995,74.31728724379967,228.59,2.54,104.8,SYNTHETIC_DERIVED_FROM_KML_ELEVATION_POINTS
15.308257890899995,74.3035372438,251.45,1.07,191.5,SYNTHETIC_DERIVED_FROM_KML_ELEVATION_POINTS
15.308257890899995,74.30378724379999,251.35,1.13,192.0,SYNTHETIC_DERIVED_FROM_KML_ELEVATION_POINTS
15.308257890899995,74.30403724379998,251.23,1.19,193.5,SYNTHETIC_DERIVED_FROM_KML_ELEVATION_POINTS
15.308257890899995,74.30428724379998,251.09,1.24,194.4,SYNTHETIC_DERIVED_FROM_KML_ELEVATION_POINTS
15.308257890899995,74.30453724379997,250.94,1.29,195.3,SYNTHETIC_DERIVED_FROM_KML_ELEVATION_POINTS
15.308257890899995,74.30478724379996,250.77,1.37,196.8,SYNTHETIC_DERIVED_FROM_KML_ELEVATION_POINTS
15.308257890899995,74.30503724379996,250.57,1.43,198.3,SYNTHETIC_DERIVED_FROM_KML_ELEVATION_POINTS
15.308257890899995,74.30528724379995,250.35,1.51,199.4,SYNTHETIC_DERIVED_FROM_KML_ELEVATION_POINTS
15.308257890899995,74.30553724379995,250.1,1.6,200.8,SYNTHETIC_DERIVED_FROM_KML_ELEVATION_POINTS
15.308257890899995,74.30578724379994,249.82,1.69,202.3,SYNTHETIC_DERIVED_FROM_KML_ELEVATION_POINTS
15.308257890899995,74.30603724379993,249.5,1.79,203.9,SYNTHETIC_DERIVED_FROM_KML_ELEVATION_POINTS
15.308257890899995,74.30628724379993,249.14,1.9,205.7,SYNTHETIC_DERIVED_FROM_KML_ELEVATION_POINTS
15.308257890899995,74.30653724379992,248.73,2.02,207.4,SYNTHETIC_DERIVED_FROM_KML_ELEVATION_POINTS
15.308257890899995,74.30678724379992,248.27,2.15,209.4,SYNTHETIC_DERIVED_FROM_KML_ELEVATION_POINTS
15.308257890899995,74.30703724379991,247.74,2.3,211.7,SYNTHETIC_DERIVED_FROM_KML_ELEVATION_POINTS
15.308257890899995,74.3072872437999,247.14,2.44,213.8,SYNTHETIC_DERIVED_FROM_KML_ELEVATION_POINTS
15.308257890899995,74.3075372437999,246.47,2.6,216.2,SYNTHETIC_DERIVED_FROM_KML_ELEVATION_POINTS
15.308257890899995,74.3077872437999,245.7,2.78,218.7,SYNTHETIC_DERIVED_FROM_KML_ELEVATION_POINTS
15.308257890899995,74.30803724379989,244.84,2.97,221.3,SYNTHETIC_DERIVED_FROM_KML_ELEVATION_POINTS
15.308257890899995,74.30828724379988,243.86,3.2,224.2,SYNTHETIC_DERIVED_FROM_KML_ELEVATION_POINTS
15.308257890899995,74.30853724379988,242.75,3.42,227.2,SYNTHETIC_DERIVED_FROM_KML_ELEVATION_POINTS
15.308257890899995,74.30878724379987,241.51,3.66,230.0,SYNTHETIC_DERIVED_FROM_KML_ELEVATION_POINTS
15.308257890899995,74.30903724379986,240.12,3.94,233.2,SYNTHETIC_DERIVED_FROM_KML_ELEVATION_POINTS
15.308257890899995,74.30928724379986,238.55,4.25,236.6,SYNTHETIC_DERIVED_FROM_KML_ELEVATION_POINTS
15.308257890899995,74.30953724379985,236.79,4.57,240.1,SYNTHETIC_DERIVED_FROM_KML_ELEVATION_POINTS
15.308257890899995,74.30978724379985,234.83,4.93,243.7,SYNTHETIC_DERIVED_FROM_KML_ELEVATION_POINTS
15.308257890899995,74.31003724379984,232.64,5.33,247.6,SYNTHETIC_DERIVED_FROM_KML_ELEVATION_POINTS
15.308257890899995,74.31028724379983,230.2,5.74,251.9,SYNTHETIC_DERIVED_FROM_KML_ELEVATION_POINTS
15.308257890899995,74.31053724379983,227.51,6.16,256.2,SYNTHETIC_DERIVED_FROM_KML_ELEVATION_POINTS
15.308257890899995,74.31078724379982,224.57,6.58,261.2,SYNTHETIC_DERIVED_FROM_KML_ELEVATION_POINTS
15.308257890899995,74.31103724379982,221.39,7.0,266.6,SYNTHETIC_DERIVED_FROM_KML_ELEVATION_POINTS
15.308257890899995,74.31128724379981,217.99,7.36,272.5,SYNTHETIC_DERIVED_FROM_KML_ELEVATION_POINTS
15.308257890899995,74.3115372437998,214.46,7.63,279.2,SYNTHETIC_DERIVED_FROM_KML_ELEVATION_POINTS
15.308257890899995,74.3117872437998,210.89,7.78,286.8,SYNTHETIC_DERIVED_FROM_KML_ELEVATION_POINTS
15.308257890899995,74.3120372437998,207.44,7.77,295.8,SYNTHETIC_DERIVED_FROM_KML_ELEVATION_POINTS
15.308257890899995,74.31228724379979,204.3,7.57,306.4,SYNTHETIC_DERIVED_FROM_KML_ELEVATION_POINTS
15.308257890899995,74.31253724379978,201.7,7.2,318.8,SYNTHETIC_DERIVED_FROM_KML_ELEVATION_POINTS
15.308257890899995,74.31278724379978,199.83,6.68,332.2,SYNTHETIC_DERIVED_FROM_KML_ELEVATION_POINTS
15.308257890899995,74.31303724379977,198.77,6.03,346.1,SYNTHETIC_DERIVED_FROM_KML_ELEVATION_POINTS
15.308257890899995,74.31328724379976,198.47,5.52,0.9,SYNTHETIC_DERIVED_FROM_KML_ELEVATION_POINTS
15.308257890899995,74.31353724379976,198.85,5.5,16.4,SYNTHETIC_DERIVED_FROM_KML_ELEVATION_POINTS
15.308257890899995,74.31378724379975,199.93,5.82,31.4,SYNTHETIC_DERIVED_FROM_KML_ELEVATION_POINTS
15.308257890899995,74.31403724379975,201.7,6.15,45.0,SYNTHETIC_DERIVED_FROM_KML_ELEVATION_POINTS
15.308257890899995,74.31428724379974,204.02,6.35,56.5,SYNTHETIC_DERIVED_FROM_KML_ELEVATION_POINTS
15.308257890899995,74.31453724379973,206.68,6.35,65.8,SYNTHETIC_DERIVED_FROM_KML_ELEVATION_POINTS
15.308257890899995,74.31478724379973,209.47,6.17,73.3,SYNTHETIC_DERIVED_FROM_KML_ELEVATION_POINTS
15.308257890899995,74.31503724379972,212.24,5.85,79.6,SYNTHETIC_DERIVED_FROM_KML_ELEVATION_POINTS
15.308257890899995,74.31528724379972,214.88,5.44,84.9,SYNTHETIC_DERIVED_FROM_KML_ELEVATION_POINTS
15.308257890899995,74.31553724379971,217.33,4.99,89.5,SYNTHETIC_DERIVED_FROM_KML_ELEVATION_POINTS
15.308257890899995,74.3157872437997,219.57,4.55,93.5,SYNTHETIC_DERIVED_FROM_KML_ELEVATION_POINTS
15.308257890899995,74.3160372437997,221.59,4.12,97.0,SYNTHETIC_DERIVED_FROM_KML_ELEVATION_POINTS
15.308257890899995,74.31628724379969,223.41,3.74,100.5,SYNTHETIC_DERIVED_FROM_KML_ELEVATION_POINTS
15.308257890899995,74.31653724379969,225.04,3.37,103.2,SYNTHETIC_DERIVED_FROM_KML_ELEVATION_POINTS
15.308257890899995,74.31678724379968,226.49,3.05,106.0,SYNTHETIC_DERIVED_FROM_KML_ELEVATION_POINTS
15.308257890899995,74.31703724379967,227.79,2.77,108.2,SYNTHETIC_DERIVED_FROM_KML_ELEVATION_POINTS
15.308257890899995,74.31728724379967,228.96,2.64,109.3,SYNTHETIC_DERIVED_FROM_KML_ELEVATION_POINTS
15.308507890899994,74.3035372438,251.97,1.1,188.9,SYNTHETIC_DERIVED_FROM_KML_ELEVATION_POINTS
15.308507890899994,74.30378724379999,251.89,1.15,189.1,SYNTHETIC_DERIVED_FROM_KML_ELEVATION_POINTS
15.308507890899994,74.30403724379998,251.8,1.2,190.2,SYNTHETIC_DERIVED_FROM_KML_ELEVATION_POINTS
15.308507890899994,74.30428724379998,251.69,1.27,191.6,SYNTHETIC_DERIVED_FROM_KML_ELEVATION_POINTS
15.308507890899994,74.30453724379997,251.56,1.33,192.5,SYNTHETIC_DERIVED_FROM_KML_ELEVATION_POINTS
15.308507890899994,74.30478724379996,251.42,1.4,193.7,SYNTHETIC_DERIVED_FROM_KML_ELEVATION_POINTS
15.308507890899994,74.30503724379996,251.25,1.48,195.0,SYNTHETIC_DERIVED_FROM_KML_ELEVATION_POINTS
15.308507890899994,74.30528724379995,251.06,1.56,195.9,SYNTHETIC_DERIVED_FROM_KML_ELEVATION_POINTS
15.308507890899994,74.30553724379995,250.85,1.65,197.3,SYNTHETIC_DERIVED_FROM_KML_ELEVATION_POINTS
15.308507890899994,74.30578724379994,250.6,1.75,198.8,SYNTHETIC_DERIVED_FROM_KML_ELEVATION_POINTS
15.308507890899994,74.30603724379993,250.32,1.85,200.2,SYNTHETIC_DERIVED_FROM_KML_ELEVATION_POINTS
15.308507890899994,74.30628724379993,250.0,1.96,202.0,SYNTHETIC_DERIVED_FROM_KML_ELEVATION_POINTS
15.308507890899994,74.30653724379992,249.63,2.09,203.8,SYNTHETIC_DERIVED_FROM_KML_ELEVATION_POINTS
15.308507890899994,74.30678724379992,249.21,2.22,205.6,SYNTHETIC_DERIVED_FROM_KML_ELEVATION_POINTS
15.308507890899994,74.30703724379991,248.73,2.38,207.7,SYNTHETIC_DERIVED_FROM_KML_ELEVATION_POINTS
15.308507890899994,74.3072872437999,248.17,2.54,210.0,SYNTHETIC_DERIVED_FROM_KML_ELEVATION_POINTS
15.308507890899994,74.3075372437999,247.54,2.71,212.3,SYNTHETIC_DERIVED_FROM_KML_ELEVATION_POINTS
15.308507890899994,74.3077872437999,246.81,2.92,214.8,SYNTHETIC_DERIVED_FROM_KML_ELEVATION_POINTS
15.308507890899994,74.30803724379989,245.98,3.12,217.3,SYNTHETIC_DERIVED_FROM_KML_ELEVATION_POINTS
15.308507890899994,74.30828724379988,245.04,3.35,220.1,SYNTHETIC_DERIVED_FROM_KML_ELEVATION_POINTS
15.308507890899994,74.30853724379988,243.96,3.6,222.9,SYNTHETIC_DERIVED_FROM_KML_ELEVATION_POINTS
15.308507890899994,74.30878724379987,242.74,3.87,225.7,SYNTHETIC_DERIVED_FROM_KML_ELEVATION_POINTS
15.308507890899994,74.30903724379986,241.36,4.18,228.8,SYNTHETIC_DERIVED_FROM_KML_ELEVATION_POINTS
15.308507890899994,74.30928724379986,239.79,4.52,232.0,SYNTHETIC_DERIVED_FROM_KML_ELEVATION_POINTS
15.308507890899994,74.30953724379985,238.02,4.89,235.2,SYNTHETIC_DERIVED_FROM_KML_ELEVATION_POINTS
15.308507890899994,74.30978724379985,236.02,5.29,238.7,SYNTHETIC_DERIVED_FROM_KML_ELEVATION_POINTS
15.308507890899994,74.31003724379984,233.77,5.75,242.5,SYNTHETIC_DERIVED_FROM_KML_ELEVATION_POINTS
15.308507890899994,74.31028724379983,231.23,6.23,246.4,SYNTHETIC_DERIVED_FROM_KML_ELEVATION_POINTS
15.308507890899994,74.31053724379983,228.4,6.74,250.7,SYNTHETIC_DERIVED_FROM_KML_ELEVATION_POINTS
15.308507890899994,74.31078724379982,225.24,7.27,255.3,SYNTHETIC_DERIVED_FROM_KML_ELEVATION_POINTS
15.308507890899994,74.31103724379982,221.78,7.77,260.4,SYNTHETIC_DERIVED_FROM_KML_ELEVATION_POINTS
15.308507890899994,74.31128724379981,218.02,8.23,265.9,SYNTHETIC_DERIVED_FROM_KML_ELEVATION_POINTS
15.308507890899994,74.3115372437998,214.03,8.58,272.3,SYNTHETIC_DERIVED_FROM_KML_ELEVATION_POINTS
15.308507890899994,74.3117872437998,209.93,8.75,279.7,SYNTHETIC_DERIVED_FROM_KML_ELEVATION_POINTS
15.308507890899994,74.3120372437998,205.88,8.71,288.6,SYNTHETIC_DERIVED_FROM_KML_ELEVATION_POINTS
15.308507890899994,74.31228724379979,202.14,8.37,299.9,SYNTHETIC_DERIVED_FROM_KML_ELEVATION_POINTS
15.308507890899994,74.31253724379978,199.03,7.8,314.6,SYNTHETIC_DERIVED_FROM_KML_ELEVATION_POINTS
15.308507890899994,74.31278724379978,196.9,7.04,332.4,SYNTHETIC_DERIVED_FROM_KML_ELEVATION_POINTS
15.308507890899994,74.31303724379977,195.96,5.88,349.9,SYNTHETIC_DERIVED_FROM_KML_ELEVATION_POINTS
15.308507890899994,74.31328724379976,195.93,4.44,6.6,SYNTHETIC_DERIVED_FROM_KML_ELEVATION_POINTS
15.308507890899994,74.31353724379976,196.44,4.47,24.1,SYNTHETIC_DERIVED_FROM_KML_ELEVATION_POINTS
15.308507890899994,74.31378724379975,197.64,5.36,40.5,SYNTHETIC_DERIVED_FROM_KML_ELEVATION_POINTS
15.308507890899994,74.31403724379975,199.71,6.22,55.5,SYNTHETIC_DERIVED_FROM_KML_ELEVATION_POINTS
15.308507890899994,74.31428724379974,202.46,6.77,67.0,SYNTHETIC_DERIVED_FROM_KML_ELEVATION_POINTS
15.308507890899994,74.31453724379973,205.58,6.93,75.6,SYNTHETIC_DERIVED_FROM_KML_ELEVATION_POINTS
15.308507890899994,74.31478724379973,208.78,6.76,82.3,SYNTHETIC_DERIVED_FROM_KML_ELEVATION_POINTS
15.308507890899994,74.31503724379972,211.89,6.4,87.8,SYNTHETIC_DERIVED_FROM_KML_ELEVATION_POINTS
15.308507890899994,74.31528724379972,214.8,5.92,92.5,SYNTHETIC_DERIVED_FROM_KML_ELEVATION_POINTS
15.308507890899994,74.31553724379971,217.45,5.39,96.5,SYNTHETIC_DERIVED_FROM_KML_ELEVATION_POINTS
15.308507890899994,74.3157872437997,219.83,4.87,100.1,SYNTHETIC_DERIVED_FROM_KML_ELEVATION_POINTS
15.308507890899994,74.3160372437997,221.95,4.39,103.4,SYNTHETIC_DERIVED_FROM_KML_ELEVATION_POINTS
15.308507890899994,74.31628724379969,223.84,3.94,106.2,SYNTHETIC_DERIVED_FROM_KML_ELEVATION_POINTS
15.308507890899994,74.31653724379969,225.5,3.54,108.8,SYNTHETIC_DERIVED_FROM_KML_ELEVATION_POINTS
15.308507890899994,74.31678724379968,226.98,3.18,111.4,SYNTHETIC_DERIVED_FROM_KML_ELEVATION_POINTS
15.308507890899994,74.31703724379967,228.28,2.87,113.7,SYNTHETIC_DERIVED_FROM_KML_ELEVATION_POINTS
15.308507890899994,74.31728724379967,229.44,2.72,114.4,SYNTHETIC_DERIVED_FROM_KML_ELEVATION_POINTS
15.308757890899994,74.3035372438,252.51,1.13,186.5,SYNTHETIC_DERIVED_FROM_KML_ELEVATION_POINTS
15.308757890899994,74.30378724379999,252.45,1.18,186.7,SYNTHETIC_DERIVED_FROM_KML_ELEVATION_POINTS
15.308757890899994,74.30403724379998,252.38,1.22,187.5,SYNTHETIC_DERIVED_FROM_KML_ELEVATION_POINTS
15.308757890899994,74.30428724379998,252.3,1.29,188.6,SYNTHETIC_DERIVED_FROM_KML_ELEVATION_POINTS
15.308757890899994,74.30453724379997,252.2,1.36,189.5,SYNTHETIC_DERIVED_FROM_KML_ELEVATION_POINTS
15.308757890899994,74.30478724379996,252.09,1.42,190.4,SYNTHETIC_DERIVED_FROM_KML_ELEVATION_POINTS
15.308757890899994,74.30503724379996,251.96,1.51,191.4,SYNTHETIC_DERIVED_FROM_KML_ELEVATION_POINTS
15.308757890899994,74.30528724379995,251.81,1.6,192.7,SYNTHETIC_DERIVED_FROM_KML_ELEVATION_POINTS
15.308757890899994,74.30553724379995,251.63,1.69,193.9,SYNTHETIC_DERIVED_FROM_KML_ELEVATION_POINTS
15.308757890899994,74.30578724379994,251.43,1.79,195.2,SYNTHETIC_DERIVED_FROM_KML_ELEVATION_POINTS
15.308757890899994,74.30603724379993,251.19,1.91,196.9,SYNTHETIC_DERIVED_FROM_KML_ELEVATION_POINTS
15.308757890899994,74.30628724379993,250.91,2.03,198.4,SYNTHETIC_DERIVED_FROM_KML_ELEVATION_POINTS
15.308757890899994,74.30653724379992,250.59,2.17,199.9,SYNTHETIC_DERIVED_FROM_KML_ELEVATION_POINTS
15.308757890899994,74.30678724379992,250.22,2.3,201.7,SYNTHETIC_DERIVED_FROM_KML_ELEVATION_POINTS
15.308757890899994,74.30703724379991,249.79,2.47,204.0,SYNTHETIC_DERIVED_FROM_KML_ELEVATION_POINTS
15.308757890899994,74.3072872437999,249.28,2.65,206.1,SYNTHETIC_DERIVED_FROM_KML_ELEVATION_POINTS
15.308757890899994,74.3075372437999,248.7,2.82,208.2,SYNTHETIC_DERIVED_FROM_KML_ELEVATION_POINTS
15.308757890899994,74.3077872437999,248.03,3.04,210.6,SYNTHETIC_DERIVED_FROM_KML_ELEVATION_POINTS
15.308757890899994,74.30803724379989,247.25,3.27,213.2,SYNTHETIC_DERIVED_FROM_KML_ELEVATION_POINTS
15.308757890899994,74.30828724379988,246.35,3.51,215.8,SYNTHETIC_DERIVED_FROM_KML_ELEVATION_POINTS
15.308757890899994,74.30853724379988,245.32,3.78,218.5,SYNTHETIC_DERIVED_FROM_KML_ELEVATION_POINTS
15.308757890899994,74.30878724379987,244.14,4.07,221.2,SYNTHETIC_DERIVED_FROM_KML_ELEVATION_POINTS
15.308757890899994,74.30903724379986,242.8,4.41,224.1,SYNTHETIC_DERIVED_FROM_KML_ELEVATION_POINTS
15.308757890899994,74.30928724379986,241.26,4.78,227.1,SYNTHETIC_DERIVED_FROM_KML_ELEVATION_POINTS
15.308757890899994,74.30953724379985,239.51,5.19,230.3,SYNTHETIC_DERIVED_FROM_KML_ELEVATION_POINTS
15.308757890899994,74.30978724379985,237.51,5.66,233.5,SYNTHETIC_DERIVED_FROM_KML_ELEVATION_POINTS
15.308757890899994,74.31003724379984,235.23,6.18,237.1,SYNTHETIC_DERIVED_FROM_KML_ELEVATION_POINTS
15.308757890899994,74.31028724379983,232.63,6.74,240.8,SYNTHETIC_DERIVED_FROM_KML_ELEVATION_POINTS
15.308757890899994,74.31053724379983,229.69,7.34,244.8,SYNTHETIC_DERIVED_FROM_KML_ELEVATION_POINTS
15.308757890899994,74.31078724379982,226.37,7.99,249.1,SYNTHETIC_DERIVED_FROM_KML_ELEVATION_POINTS
15.308757890899994,74.31103724379982,222.65,8.62,253.8,SYNTHETIC_DERIVED_FROM_KML_ELEVATION_POINTS
15.308757890899994,74.31128724379981,218.56,9.2,258.8,SYNTHETIC_DERIVED_FROM_KML_ELEVATION_POINTS
15.308757890899994,74.3115372437998,214.12,9.67,264.5,SYNTHETIC_DERIVED_FROM_KML_ELEVATION_POINTS
15.308757890899994,74.3117872437998,209.45,9.93,271.1,SYNTHETIC_DERIVED_FROM_KML_ELEVATION_POINTS
15.308757890899994,74.3120372437998,204.72,9.88,279.3,SYNTHETIC_DERIVED_FROM_KML_ELEVATION_POINTS
15.308757890899994,74.31228724379979,200.22,9.44,290.3,SYNTHETIC_DERIVED_FROM_KML_ELEVATION_POINTS
15.308757890899994,74.31253724379978,196.35,8.59,306.9,SYNTHETIC_DERIVED_FROM_KML_ELEVATION_POINTS
15.308757890899994,74.31278724379978,193.74,7.75,333.9,SYNTHETIC_DERIVED_FROM_KML_ELEVATION_POINTS
15.308757890899994,74.31303724379977,193.13,7.24,3.7,SYNTHETIC_DERIVED_FROM_KML_ELEVATION_POINTS
15.308757890899994,74.31328724379976,194.18,3.46,32.6,SYNTHETIC_DERIVED_FROM_KML_ELEVATION_POINTS
15.308757890899994,74.31353724379976,194.88,2.73,44.0,SYNTHETIC_DERIVED_FROM_KML_ELEVATION_POINTS
15.308757890899994,74.31378724379975,195.96,4.39,55.2,SYNTHETIC_DERIVED_FROM_KML_ELEVATION_POINTS
15.308757890899994,74.31403724379975,198.26,6.18,70.5,SYNTHETIC_DERIVED_FROM_KML_ELEVATION_POINTS
15.308757890899994,74.31428724379974,201.44,7.26,80.2,SYNTHETIC_DERIVED_FROM_KML_ELEVATION_POINTS
15.308757890899994,74.31453724379973,205.0,7.6,86.9,SYNTHETIC_DERIVED_FROM_KML_ELEVATION_POINTS
15.308757890899994,74.31478724379973,208.59,7.43,92.2,SYNTHETIC_DERIVED_FROM_KML_ELEVATION_POINTS
15.308757890899994,74.31503724379972,212.0,6.99,96.6,SYNTHETIC_DERIVED_FROM_KML_ELEVATION_POINTS
15.308757890899994,74.31528724379972,215.13,6.4,100.3,SYNTHETIC_DERIVED_FROM_KML_ELEVATION_POINTS
15.308757890899994,74.31553724379971,217.92,5.77,103.8,SYNTHETIC_DERIVED_FROM_KML_ELEVATION_POINTS
15.308757890899994,74.3157872437997,220.4,5.18,106.8,SYNTHETIC_DERIVED_FROM_KML_ELEVATION_POINTS
15.308757890899994,74.3160372437997,222.58,4.62,109.8,SYNTHETIC_DERIVED_FROM_KML_ELEVATION_POINTS
15.308757890899994,74.31628724379969,224.48,4.11,112.3,SYNTHETIC_DERIVED_FROM_KML_ELEVATION_POINTS
15.308757890899994,74.31653724379969,226.15,3.68,114.7,SYNTHETIC_DERIVED_FROM_KML_ELEVATION_POINTS
15.308757890899994,74.31678724379968,227.62,3.29,116.7,SYNTHETIC_DERIVED_FROM_KML_ELEVATION_POINTS
15.308757890899994,74.31703724379967,228.91,2.96,118.9,SYNTHETIC_DERIVED_FROM_KML_ELEVATION_POINTS
15.308757890899994,74.31728724379967,230.05,2.79,119.4,SYNTHETIC_DERIVED_FROM_KML_ELEVATION_POINTS
15.309007890899993,74.3035372438,253.06,1.14,183.2,SYNTHETIC_DERIVED_FROM_KML_ELEVATION_POINTS
15.309007890899993,74.30378724379999,253.03,1.2,184.1,SYNTHETIC_DERIVED_FROM_KML_ELEVATION_POINTS
15.309007890899993,74.30403724379998,252.98,1.26,184.9,SYNTHETIC_DERIVED_FROM_KML_ELEVATION_POINTS
15.309007890899993,74.30428724379998,252.93,1.31,185.6,SYNTHETIC_DERIVED_FROM_KML_ELEVATION_POINTS
15.309007890899993,74.30453724379997,252.86,1.39,186.6,SYNTHETIC_DERIVED_FROM_KML_ELEVATION_POINTS
15.309007890899993,74.30478724379996,252.78,1.46,187.1,SYNTHETIC_DERIVED_FROM_KML_ELEVATION_POINTS
15.309007890899993,74.30503724379996,252.69,1.54,188.0,SYNTHETIC_DERIVED_FROM_KML_ELEVATION_POINTS
15.309007890899993,74.30528724379995,252.58,1.63,189.4,SYNTHETIC_DERIVED_FROM_KML_ELEVATION_POINTS
15.309007890899993,74.30553724379995,252.44,1.74,190.6,SYNTHETIC_DERIVED_FROM_KML_ELEVATION_POINTS
15.309007890899993,74.30578724379994,252.28,1.84,191.4,SYNTHETIC_DERIVED_FROM_KML_ELEVATION_POINTS
15.309007890899993,74.30603724379993,252.1,1.95,192.9,SYNTHETIC_DERIVED_FROM_KML_ELEVATION_POINTS
15.309007890899993,74.30628724379993,251.87,2.09,194.5,SYNTHETIC_DERIVED_FROM_KML_ELEVATION_POINTS
15.309007890899993,74.30653724379992,251.61,2.24,196.1,SYNTHETIC_DERIVED_FROM_KML_ELEVATION_POINTS
15.309007890899993,74.30678724379992,251.29,2.39,197.9,SYNTHETIC_DERIVED_FROM_KML_ELEVATION_POINTS
15.309007890899993,74.30703724379991,250.92,2.56,199.7,SYNTHETIC_DERIVED_FROM_KML_ELEVATION_POINTS
15.309007890899993,74.3072872437999,250.48,2.75,201.9,SYNTHETIC_DERIVED_FROM_KML_ELEVATION_POINTS
15.309007890899993,74.3075372437999,249.96,2.95,204.1,SYNTHETIC_DERIVED_FROM_KML_ELEVATION_POINTS
15.309007890899993,74.3077872437999,249.35,3.17,206.4,SYNTHETIC_DERIVED_FROM_KML_ELEVATION_POINTS
15.309007890899993,74.30803724379989,248.64,3.4,208.8,SYNTHETIC_DERIVED_FROM_KML_ELEVATION_POINTS
15.309007890899993,74.30828724379988,247.81,3.68,211.5,SYNTHETIC_DERIVED_FROM_KML_ELEVATION_POINTS
15.309007890899993,74.30853724379988,246.84,3.96,214.2,SYNTHETIC_DERIVED_FROM_KML_ELEVATION_POINTS
15.309007890899993,74.30878724379987,245.72,4.28,216.7,SYNTHETIC_DERIVED_FROM_KML_ELEVATION_POINTS
15.309007890899993,74.30903724379986,244.44,4.63,219.4,SYNTHETIC_DERIVED_FROM_KML_ELEVATION_POINTS
15.309007890899993,74.30928724379986,242.96,5.03,222.4,SYNTHETIC_DERIVED_FROM_KML_ELEVATION_POINTS
15.309007890899993,74.30953724379985,241.25,5.48,225.3,SYNTHETIC_DERIVED_FROM_KML_ELEVATION_POINTS
15.309007890899993,74.30978724379985,239.3,6.0,228.3,SYNTHETIC_DERIVED_FROM_KML_ELEVATION_POINTS
15.309007890899993,74.31003724379984,237.04,6.59,231.6,SYNTHETIC_DERIVED_FROM_KML_ELEVATION_POINTS
15.309007890899993,74.31028724379983,234.44,7.25,234.9,SYNTHETIC_DERIVED_FROM_KML_ELEVATION_POINTS
15.309007890899993,74.31053724379983,231.45,7.96,238.6,SYNTHETIC_DERIVED_FROM_KML_ELEVATION_POINTS
15.309007890899993,74.31078724379982,228.03,8.72,242.5,SYNTHETIC_DERIVED_FROM_KML_ELEVATION_POINTS
15.309007890899993,74.31103724379982,224.14,9.51,246.7,SYNTHETIC_DERIVED_FROM_KML_ELEVATION_POINTS
15.309007890899993,74.31128724379981,219.77,10.26,251.2,SYNTHETIC_DERIVED_FROM_KML_ELEVATION_POINTS
15.309007890899993,74.3115372437998,214.94,10.9,256.1,SYNTHETIC_DERIVED_FROM_KML_ELEVATION_POINTS
15.309007890899993,74.3117872437998,209.74,11.32,261.5,SYNTHETIC_DERIVED_FROM_KML_ELEVATION_POINTS
15.309007890899993,74.3120372437998,204.31,11.39,267.9,SYNTHETIC_DERIVED_FROM_KML_ELEVATION_POINTS
15.309007890899993,74.31228724379979,198.93,10.96,276.5,SYNTHETIC_DERIVED_FROM_KML_ELEVATION_POINTS
15.309007890899993,74.31253724379978,193.98,9.92,289.8,SYNTHETIC_DERIVED_FROM_KML_ELEVATION_POINTS
15.309007890899993,74.31278724379978,190.1,8.16,318.7,SYNTHETIC_DERIVED_FROM_KML_ELEVATION_POINTS
15.309007890899993,74.31303724379977,188.9,9.32,19.8,SYNTHETIC_DERIVED_FROM_KML_ELEVATION_POINTS
15.309007890899993,74.31328724379976,193.09,7.98,48.4,SYNTHETIC_DERIVED_FROM_KML_ELEVATION_POINTS
15.309007890899993,74.31353724379976,194.53,2.61,59.5,SYNTHETIC_DERIVED_FROM_KML_ELEVATION_POINTS
15.309007890899993,74.31378724379975,195.2,3.43,80.2,SYNTHETIC_DERIVED_FROM_KML_ELEVATION_POINTS
15.309007890899993,74.31403724379975,197.7,6.43,90.6,SYNTHETIC_DERIVED_FROM_KML_ELEVATION_POINTS
15.309007890899993,74.31428724379974,201.25,7.97,95.4,SYNTHETIC_DERIVED_FROM_KML_ELEVATION_POINTS
15.309007890899993,74.31453724379973,205.18,8.38,99.1,SYNTHETIC_DERIVED_FROM_KML_ELEVATION_POINTS
15.309007890899993,74.31478724379973,209.06,8.13,102.4,SYNTHETIC_DERIVED_FROM_KML_ELEVATION_POINTS
15.309007890899993,74.31503724379972,212.67,7.55,105.4,SYNTHETIC_DERIVED_FROM_KML_ELEVATION_POINTS
15.309007890899993,74.31528724379972,215.92,6.84,108.2,SYNTHETIC_DERIVED_FROM_KML_ELEVATION_POINTS
15.309007890899993,74.31553724379971,218.79,6.11,110.9,SYNTHETIC_DERIVED_FROM_KML_ELEVATION_POINTS
15.309007890899993,74.3157872437997,221.29,5.43,113.5,SYNTHETIC_DERIVED_FROM_KML_ELEVATION_POINTS
15.309007890899993,74.3160372437997,223.47,4.82,115.9,SYNTHETIC_DERIVED_FROM_KML_ELEVATION_POINTS
15.309007890899993,74.31628724379969,225.36,4.27,118.3,SYNTHETIC_DERIVED_FROM_KML_ELEVATION_POINTS
15.309007890899993,74.31653724379969,227.0,3.79,120.5,SYNTHETIC_DERIVED_FROM_KML_ELEVATION_POINTS
15.309007890899993,74.31678724379968,228.42,3.37,122.4,SYNTHETIC_DERIVED_FROM_KML_ELEVATION_POINTS
15.309007890899993,74.31703724379967,229.67,3.03,124.3,SYNTHETIC_DERIVED_FROM_KML_ELEVATION_POINTS
15.309007890899993,74.31728724379967,230.77,2.84,124.2,SYNTHETIC_DERIVED_FROM_KML_ELEVATION_POINTS
15.309257890899993,74.3035372438,253.62,1.16,181.1,SYNTHETIC_DERIVED_FROM_KML_ELEVATION_POINTS
15.309257890899993,74.30378724379999,253.61,1.21,181.0,SYNTHETIC_DERIVED_FROM_KML_ELEVATION_POINTS
15.309257890899993,74.30403724379998,253.6,1.29,181.9,SYNTHETIC_DERIVED_FROM_KML_ELEVATION_POINTS
15.309257890899993,74.30428724379998,253.57,1.34,182.7,SYNTHETIC_DERIVED_FROM_KML_ELEVATION_POINTS
15.309257890899993,74.30453724379997,253.54,1.42,183.0,SYNTHETIC_DERIVED_FROM_KML_ELEVATION_POINTS
15.309257890899993,74.30478724379996,253.5,1.5,184.1,SYNTHETIC_DERIVED_FROM_KML_ELEVATION_POINTS
15.309257890899993,74.30503724379996,253.44,1.58,185.0,SYNTHETIC_DERIVED_FROM_KML_ELEVATION_POINTS
15.309257890899993,74.30528724379995,253.37,1.66,185.5,SYNTHETIC_DERIVED_FROM_KML_ELEVATION_POINTS
15.309257890899993,74.30553724379995,253.29,1.77,186.6,SYNTHETIC_DERIVED_FROM_KML_ELEVATION_POINTS
15.309257890899993,74.30578724379994,253.18,1.89,188.1,SYNTHETIC_DERIVED_FROM_KML_ELEVATION_POINTS
15.309257890899993,74.30603724379993,253.04,2.01,189.2,SYNTHETIC_DERIVED_FROM_KML_ELEVATION_POINTS
15.309257890899993,74.30628724379993,252.88,2.15,190.3,SYNTHETIC_DERIVED_FROM_KML_ELEVATION_POINTS
15.309257890899993,74.30653724379992,252.68,2.3,192.0,SYNTHETIC_DERIVED_FROM_KML_ELEVATION_POINTS
15.309257890899993,74.30678724379992,252.43,2.48,193.7,SYNTHETIC_DERIVED_FROM_KML_ELEVATION_POINTS
15.309257890899993,74.30703724379991,252.13,2.66,195.6,SYNTHETIC_DERIVED_FROM_KML_ELEVATION_POINTS
15.309257890899993,74.3072872437999,251.76,2.86,197.6,SYNTHETIC_DERIVED_FROM_KML_ELEVATION_POINTS
15.309257890899993,74.3075372437999,251.32,3.07,199.7,SYNTHETIC_DERIVED_FROM_KML_ELEVATION_POINTS
15.309257890899993,74.3077872437999,250.79,3.31,202.1,SYNTHETIC_DERIVED_FROM_KML_ELEVATION_POINTS
15.309257890899993,74.30803724379989,250.15,3.56,204.6,SYNTHETIC_DERIVED_FROM_KML_ELEVATION_POINTS
15.309257890899993,74.30828724379988,249.4,3.83,207.1,SYNTHETIC_DERIVED_FROM_KML_ELEVATION_POINTS
15.309257890899993,74.30853724379988,248.51,4.14,209.6,SYNTHETIC_DERIVED_FROM_KML_ELEVATION_POINTS
15.309257890899993,74.30878724379987,247.48,4.46,212.1,SYNTHETIC_DERIVED_FROM_KML_ELEVATION_POINTS
15.309257890899993,74.30903724379986,246.28,4.84,214.9,SYNTHETIC_DERIVED_FROM_KML_ELEVATION_POINTS
15.309257890899993,74.30928724379986,244.88,5.26,217.5,SYNTHETIC_DERIVED_FROM_KML_ELEVATION_POINTS
15.309257890899993,74.30953724379985,243.27,5.76,220.0,SYNTHETIC_DERIVED_FROM_KML_ELEVATION_POINTS
15.309257890899993,74.30978724379985,241.4,6.32,222.8,SYNTHETIC_DERIVED_FROM_KML_ELEVATION_POINTS
15.309257890899993,74.31003724379984,239.23,6.98,225.7,SYNTHETIC_DERIVED_FROM_KML_ELEVATION_POINTS
15.309257890899993,74.31028724379983,236.7,7.74,228.8,SYNTHETIC_DERIVED_FROM_KML_ELEVATION_POINTS
15.309257890899993,74.31053724379983,233.74,8.57,232.2,SYNTHETIC_DERIVED_FROM_KML_ELEVATION_POINTS
15.309257890899993,74.31078724379982,230.31,9.47,235.8,SYNTHETIC_DERIVED_FROM_KML_ELEVATION_POINTS
15.309257890899993,74.31103724379982,226.34,10.42,239.5,SYNTHETIC_DERIVED_FROM_KML_ELEVATION_POINTS
15.309257890899993,74.31128724379981,221.8,11.35,243.4,SYNTHETIC_DERIVED_FROM_KML_ELEVATION_POINTS
15.309257890899993,74.3115372437998,216.7,12.19,247.3,SYNTHETIC_DERIVED_FROM_KML_ELEVATION_POINTS
15.309257890899993,74.3117872437998,211.1,12.82,251.3,SYNTHETIC_DERIVED_FROM_KML_ELEVATION_POINTS
15.309257890899993,74.3120372437998,205.13,13.12,255.3,SYNTHETIC_DERIVED_FROM_KML_ELEVATION_POINTS
15.309257890899993,74.31228724379979,199.0,12.88,259.8,SYNTHETIC_DERIVED_FROM_KML_ELEVATION_POINTS
15.309257890899993,74.31253724379978,193.05,11.89,265.0,SYNTHETIC_DERIVED_FROM_KML_ELEVATION_POINTS
15.309257890899993,74.31278724379978,187.74,9.01,271.9,SYNTHETIC_DERIVED_FROM_KML_ELEVATION_POINTS
15.309257890899993,74.31303724379977,184.54,2.05,40.9,SYNTHETIC_DERIVED_FROM_KML_ELEVATION_POINTS
15.309257890899993,74.31328724379976,189.0,10.13,70.7,SYNTHETIC_DERIVED_FROM_KML_ELEVATION_POINTS
15.309257890899993,74.31353724379976,193.59,6.83,83.5,SYNTHETIC_DERIVED_FROM_KML_ELEVATION_POINTS
15.309257890899993,74.31378724379975,195.39,5.34,109.1,SYNTHETIC_DERIVED_FROM_KML_ELEVATION_POINTS
15.309257890899993,74.31403724379975,198.33,7.69,110.8,SYNTHETIC_DERIVED_FROM_KML_ELEVATION_POINTS
15.309257890899993,74.31428724379974,202.17,9.0,110.4,SYNTHETIC_DERIVED_FROM_KML_ELEVATION_POINTS
15.309257890899993,74.31453724379973,206.3,9.22,111.0,SYNTHETIC_DERIVED_FROM_KML_ELEVATION_POINTS
15.309257890899993,74.31478724379973,210.3,8.77,112.3,SYNTHETIC_DERIVED_FROM_KML_ELEVATION_POINTS
15.309257890899993,74.31503724379972,213.96,8.03,114.0,SYNTHETIC_DERIVED_FROM_KML_ELEVATION_POINTS
15.309257890899993,74.31528724379972,217.22,7.18,115.9,SYNTHETIC_DERIVED_FROM_KML_ELEVATION_POINTS
15.309257890899993,74.31553724379971,220.05,6.36,117.9,SYNTHETIC_DERIVED_FROM_KML_ELEVATION_POINTS
15.309257890899993,74.3157872437997,222.51,5.62,119.9,SYNTHETIC_DERIVED_FROM_KML_ELEVATION_POINTS
15.309257890899993,74.3160372437997,224.63,4.94,122.0,SYNTHETIC_DERIVED_FROM_KML_ELEVATION_POINTS
15.309257890899993,74.31628724379969,226.45,4.36,124.1,SYNTHETIC_DERIVED_FROM_KML_ELEVATION_POINTS
15.309257890899993,74.31653724379969,228.02,3.86,126.0,SYNTHETIC_DERIVED_FROM_KML_ELEVATION_POINTS
15.309257890899993,74.31678724379968,229.38,3.45,127.9,SYNTHETIC_DERIVED_FROM_KML_ELEVATION_POINTS
15.309257890899993,74.31703724379967,230.57,3.08,129.7,SYNTHETIC_DERIVED_FROM_KML_ELEVATION_POINTS
15.309257890899993,74.31728724379967,231.6,2.85,129.5,SYNTHETIC_DERIVED_FROM_KML_ELEVATION_POINTS
15.309507890899992,74.3035372438,254.19,1.18,177.9,SYNTHETIC_DERIVED_FROM_KML_ELEVATION_POINTS
15.309507890899992,74.30378724379999,254.21,1.25,178.0,SYNTHETIC_DERIVED_FROM_KML_ELEVATION_POINTS
15.309507890899992,74.30403724379998,254.23,1.3,179.1,SYNTHETIC_DERIVED_FROM_KML_ELEVATION_POINTS
15.309507890899992,74.30428724379998,254.23,1.37,179.6,SYNTHETIC_DERIVED_FROM_KML_ELEVATION_POINTS
15.309507890899992,74.30453724379997,254.24,1.44,180.0,SYNTHETIC_DERIVED_FROM_KML_ELEVATION_POINTS
15.309507890899992,74.30478724379996,254.23,1.51,180.8,SYNTHETIC_DERIVED_FROM_KML_ELEVATION_POINTS
15.309507890899992,74.30503724379996,254.22,1.61,181.5,SYNTHETIC_DERIVED_FROM_KML_ELEVATION_POINTS
15.309507890899992,74.30528724379995,254.19,1.71,182.5,SYNTHETIC_DERIVED_FROM_KML_ELEVATION_POINTS
15.309507890899992,74.30553724379995,254.15,1.8,183.1,SYNTHETIC_DERIVED_FROM_KML_ELEVATION_POINTS
15.309507890899992,74.30578724379994,254.1,1.93,183.8,SYNTHETIC_DERIVED_FROM_KML_ELEVATION_POINTS
15.309507890899992,74.30603724379993,254.03,2.07,185.0,SYNTHETIC_DERIVED_FROM_KML_ELEVATION_POINTS
15.309507890899992,74.30628724379993,253.93,2.21,186.4,SYNTHETIC_DERIVED_FROM_KML_ELEVATION_POINTS
15.309507890899992,74.30653724379992,253.8,2.37,187.8,SYNTHETIC_DERIVED_FROM_KML_ELEVATION_POINTS
15.309507890899992,74.30678724379992,253.63,2.55,189.4,SYNTHETIC_DERIVED_FROM_KML_ELEVATION_POINTS
15.309507890899992,74.30703724379991,253.41,2.75,191.2,SYNTHETIC_DERIVED_FROM_KML_ELEVATION_POINTS
15.309507890899992,74.3072872437999,253.13,2.96,193.3,SYNTHETIC_DERIVED_FROM_KML_ELEVATION_POINTS
15.309507890899992,74.3075372437999,252.77,3.19,195.5,SYNTHETIC_DERIVED_FROM_KML_ELEVATION_POINTS
15.309507890899992,74.3077872437999,252.33,3.43,197.7,SYNTHETIC_DERIVED_FROM_KML_ELEVATION_POINTS
15.309507890899992,74.30803724379989,251.79,3.7,200.2,SYNTHETIC_DERIVED_FROM_KML_ELEVATION_POINTS
15.309507890899992,74.30828724379988,251.13,3.99,202.8,SYNTHETIC_DERIVED_FROM_KML_ELEVATION_POINTS
15.309507890899992,74.30853724379988,250.34,4.31,205.3,SYNTHETIC_DERIVED_FROM_KML_ELEVATION_POINTS
15.309507890899992,74.30878724379987,249.4,4.65,207.7,SYNTHETIC_DERIVED_FROM_KML_ELEVATION_POINTS
15.309507890899992,74.30903724379986,248.31,5.03,210.1,SYNTHETIC_DERIVED_FROM_KML_ELEVATION_POINTS
15.309507890899992,74.30928724379986,247.03,5.48,212.4,SYNTHETIC_DERIVED_FROM_KML_ELEVATION_POINTS
15.309507890899992,74.30953724379985,245.55,5.99,214.7,SYNTHETIC_DERIVED_FROM_KML_ELEVATION_POINTS
15.309507890899992,74.30978724379985,243.82,6.6,217.1,SYNTHETIC_DERIVED_FROM_KML_ELEVATION_POINTS
15.309507890899992,74.31003724379984,241.8,7.32,219.7,SYNTHETIC_DERIVED_FROM_KML_ELEVATION_POINTS
15.309507890899992,74.31028724379983,239.42,8.17,222.5,SYNTHETIC_DERIVED_FROM_KML_ELEVATION_POINTS
15.309507890899992,74.31053724379983,236.59,9.14,225.6,SYNTHETIC_DERIVED_FROM_KML_ELEVATION_POINTS
15.309507890899992,74.31078724379982,233.25,10.18,228.9,SYNTHETIC_DERIVED_FROM_KML_ELEVATION_POINTS
15.309507890899992,74.31103724379982,229.33,11.29,232.3,SYNTHETIC_DERIVED_FROM_KML_ELEVATION_POINTS
15.309507890899992,74.31128724379981,224.77,12.4,235.7,SYNTHETIC_DERIVED_FROM_KML_ELEVATION_POINTS
15.309507890899992,74.3115372437998,219.58,13.43,238.7,SYNTHETIC_DERIVED_FROM_KML_ELEVATION_POINTS
15.309507890899992,74.3117872437998,213.81,14.28,241.2,SYNTHETIC_DERIVED_FROM_KML_ELEVATION_POINTS
15.309507890899992,74.3120372437998,207.6,14.8,242.9,SYNTHETIC_DERIVED_FROM_KML_ELEVATION_POINTS
15.309507890899992,74.31228724379979,201.19,14.76,243.0,SYNTHETIC_DERIVED_FROM_KML_ELEVATION_POINTS
15.309507890899992,74.31253724379978,195.0,13.78,239.8,SYNTHETIC_DERIVED_FROM_KML_ELEVATION_POINTS
15.309507890899992,74.31278724379978,189.81,11.22,225.6,SYNTHETIC_DERIVED_FROM_KML_ELEVATION_POINTS
15.309507890899992,74.31303724379977,187.39,9.15,180.1,SYNTHETIC_DERIVED_FROM_KML_ELEVATION_POINTS
15.309507890899992,74.31328724379976,189.8,8.8,129.8,SYNTHETIC_DERIVED_FROM_KML_ELEVATION_POINTS
15.309507890899992,74.31353724379976,193.77,8.38,116.1,SYNTHETIC_DERIVED_FROM_KML_ELEVATION_POINTS
15.309507890899992,74.31378724379975,196.9,8.63,125.9,SYNTHETIC_DERIVED_FROM_KML_ELEVATION_POINTS
15.309507890899992,74.31403724379975,200.37,9.67,125.7,SYNTHETIC_DERIVED_FROM_KML_ELEVATION_POINTS
15.309507890899992,74.31428724379974,204.33,10.16,123.2,SYNTHETIC_DERIVED_FROM_KML_ELEVATION_POINTS
15.309507890899992,74.31453724379973,208.42,9.92,121.7,SYNTHETIC_DERIVED_FROM_KML_ELEVATION_POINTS
15.309507890899992,74.31478724379973,212.32,9.22,121.4,SYNTHETIC_DERIVED_FROM_KML_ELEVATION_POINTS
15.309507890899992,74.31503724379972,215.86,8.3,121.8,SYNTHETIC_DERIVED_FROM_KML_ELEVATION_POINTS
15.309507890899992,74.31528724379972,218.98,7.36,122.8,SYNTHETIC_DERIVED_FROM_KML_ELEVATION_POINTS
15.309507890899992,74.31553724379971,221.69,6.48,124.3,SYNTHETIC_DERIVED_FROM_KML_ELEVATION_POINTS
15.309507890899992,74.3157872437997,224.02,5.69,125.9,SYNTHETIC_DERIVED_FROM_KML_ELEVATION_POINTS
15.309507890899992,74.3160372437997,226.02,5.0,127.7,SYNTHETIC_DERIVED_FROM_KML_ELEVATION_POINTS
15.309507890899992,74.31628724379969,227.74,4.41,129.5,SYNTHETIC_DERIVED_FROM_KML_ELEVATION_POINTS
15.309507890899992,74.31653724379969,229.21,3.9,131.5,SYNTHETIC_DERIVED_FROM_KML_ELEVATION_POINTS
15.309507890899992,74.31678724379968,230.48,3.47,133.2,SYNTHETIC_DERIVED_FROM_KML_ELEVATION_POINTS
15.309507890899992,74.31703724379967,231.58,3.09,134.9,SYNTHETIC_DERIVED_FROM_KML_ELEVATION_POINTS
15.309507890899992,74.31728724379967,232.53,2.85,134.7,SYNTHETIC_DERIVED_FROM_KML_ELEVATION_POINTS
15.309757890899991,74.3035372438,254.77,1.21,174.9,SYNTHETIC_DERIVED_FROM_KML_ELEVATION_POINTS
15.309757890899991,74.30378724379999,254.82,1.26,175.6,SYNTHETIC_DERIVED_FROM_KML_ELEVATION_POINTS
15.309757890899991,74.30403724379998,254.86,1.32,176.3,SYNTHETIC_DERIVED_FROM_KML_ELEVATION_POINTS
15.309757890899991,74.30428724379998,254.9,1.39,176.5,SYNTHETIC_DERIVED_FROM_KML_ELEVATION_POINTS
15.309757890899991,74.30453724379997,254.94,1.46,177.1,SYNTHETIC_DERIVED_FROM_KML_ELEVATION_POINTS
15.309757890899991,74.30478724379996,254.97,1.55,177.6,SYNTHETIC_DERIVED_FROM_KML_ELEVATION_POINTS
15.309757890899991,74.30503724379996,255.0,1.63,177.7,SYNTHETIC_DERIVED_FROM_KML_ELEVATION_POINTS
15.309757890899991,74.30528724379995,255.03,1.73,178.6,SYNTHETIC_DERIVED_FROM_KML_ELEVATION_POINTS
15.309757890899991,74.30553724379995,255.04,1.85,179.3,SYNTHETIC_DERIVED_FROM_KML_ELEVATION_POINTS
15.309757890899991,74.30578724379994,255.05,1.97,180.0,SYNTHETIC_DERIVED_FROM_KML_ELEVATION_POINTS
15.309757890899991,74.30603724379993,255.04,2.1,181.2,SYNTHETIC_DERIVED_FROM_KML_ELEVATION_POINTS
15.309757890899991,74.30628724379993,255.01,2.25,182.2,SYNTHETIC_DERIVED_FROM_KML_ELEVATION_POINTS
15.309757890899991,74.30653724379992,254.96,2.43,183.3,SYNTHETIC_DERIVED_FROM_KML_ELEVATION_POINTS
15.309757890899991,74.30678724379992,254.88,2.62,184.9,SYNTHETIC_DERIVED_FROM_KML_ELEVATION_POINTS
15.309757890899991,74.30703724379991,254.75,2.83,186.9,SYNTHETIC_DERIVED_FROM_KML_ELEVATION_POINTS
15.309757890899991,74.3072872437999,254.56,3.06,188.8,SYNTHETIC_DERIVED_FROM_KML_ELEVATION_POINTS
15.309757890899991,74.3075372437999,254.31,3.31,191.0,SYNTHETIC_DERIVED_FROM_KML_ELEVATION_POINTS
15.309757890899991,74.3077872437999,253.97,3.57,193.5,SYNTHETIC_DERIVED_FROM_KML_ELEVATION_POINTS
15.309757890899991,74.30803724379989,253.53,3.85,195.9,SYNTHETIC_DERIVED_FROM_KML_ELEVATION_POINTS
15.309757890899991,74.30828724379988,252.98,4.15,198.4,SYNTHETIC_DERIVED_FROM_KML_ELEVATION_POINTS
15.309757890899991,74.30853724379988,252.3,4.46,200.8,SYNTHETIC_DERIVED_FROM_KML_ELEVATION_POINTS
15.309757890899991,74.30878724379987,251.49,4.81,203.2,SYNTHETIC_DERIVED_FROM_KML_ELEVATION_POINTS
15.309757890899991,74.30903724379986,250.52,5.2,205.5,SYNTHETIC_DERIVED_FROM_KML_ELEVATION_POINTS
15.309757890899991,74.30928724379986,249.39,5.64,207.5,SYNTHETIC_DERIVED_FROM_KML_ELEVATION_POINTS
15.309757890899991,74.30953724379985,248.07,6.17,209.4,SYNTHETIC_DERIVED_FROM_KML_ELEVATION_POINTS
15.309757890899991,74.30978724379985,246.54,6.82,211.4,SYNTHETIC_DERIVED_FROM_KML_ELEVATION_POINTS
15.309757890899991,74.31003724379984,244.73,7.6,213.5,SYNTHETIC_DERIVED_FROM_KML_ELEVATION_POINTS
15.309757890899991,74.31028724379983,242.59,8.53,216.0,SYNTHETIC_DERIVED_FROM_KML_ELEVATION_POINTS
15.309757890899991,74.31053724379983,240.0,9.62,218.9,SYNTHETIC_DERIVED_FROM_KML_ELEVATION_POINTS
15.309757890899991,74.31078724379982,236.88,10.83,222.0,SYNTHETIC_DERIVED_FROM_KML_ELEVATION_POINTS
15.309757890899991,74.31103724379982,233.13,12.09,225.3,SYNTHETIC_DERIVED_FROM_KML_ELEVATION_POINTS
15.309757890899991,74.31128724379981,228.7,13.35,228.4,SYNTHETIC_DERIVED_FROM_KML_ELEVATION_POINTS
15.309757890899991,74.3115372437998,223.6,14.52,230.8,SYNTHETIC_DERIVED_FROM_KML_ELEVATION_POINTS
15.309757890899991,74.3117872437998,217.92,15.49,232.2,SYNTHETIC_DERIVED_FROM_KML_ELEVATION_POINTS
15.309757890899991,74.3120372437998,211.84,16.16,232.0,SYNTHETIC_DERIVED_FROM_KML_ELEVATION_POINTS
15.309757890899991,74.31228724379979,205.66,16.36,229.2,SYNTHETIC_DERIVED_FROM_KML_ELEVATION_POINTS
15.309757890899991,74.31253724379978,199.91,15.87,221.9,SYNTHETIC_DERIVED_FROM_KML_ELEVATION_POINTS
15.309757890899991,74.31278724379978,195.47,14.82,206.8,SYNTHETIC_DERIVED_FROM_KML_ELEVATION_POINTS
15.309757890899991,74.31303724379977,193.51,13.83,184.1,SYNTHETIC_DERIVED_FROM_KML_ELEVATION_POINTS
15.309757890899991,74.31328724379976,194.52,12.22,161.5,SYNTHETIC_DERIVED_FROM_KML_ELEVATION_POINTS
15.309757890899991,74.31353724379976,197.2,11.15,146.6,SYNTHETIC_DERIVED_FROM_KML_ELEVATION_POINTS
15.309757890899991,74.31378724379975,200.35,11.18,141.1,SYNTHETIC_DERIVED_FROM_KML_ELEVATION_POINTS
15.309757890899991,74.31403724379975,203.86,11.26,137.1,SYNTHETIC_DERIVED_FROM_KML_ELEVATION_POINTS
15.309757890899991,74.31428724379974,207.63,10.95,133.3,SYNTHETIC_DERIVED_FROM_KML_ELEVATION_POINTS
15.309757890899991,74.31453724379973,211.42,10.24,130.6,SYNTHETIC_DERIVED_FROM_KML_ELEVATION_POINTS
15.309757890899991,74.31478724379973,215.0,9.29,129.0,SYNTHETIC_DERIVED_FROM_KML_ELEVATION_POINTS
15.309757890899991,74.31503724379972,218.24,8.28,128.5,SYNTHETIC_DERIVED_FROM_KML_ELEVATION_POINTS
15.309757890899991,74.31528724379972,221.11,7.31,128.8,SYNTHETIC_DERIVED_FROM_KML_ELEVATION_POINTS
15.309757890899991,74.31553724379971,223.61,6.42,129.7,SYNTHETIC_DERIVED_FROM_KML_ELEVATION_POINTS
15.309757890899991,74.3157872437997,225.76,5.65,131.1,SYNTHETIC_DERIVED_FROM_KML_ELEVATION_POINTS
15.309757890899991,74.3160372437997,227.61,4.97,132.9,SYNTHETIC_DERIVED_FROM_KML_ELEVATION_POINTS
15.309757890899991,74.31628724379969,229.18,4.38,134.7,SYNTHETIC_DERIVED_FROM_KML_ELEVATION_POINTS
15.309757890899991,74.31653724379969,230.53,3.89,136.6,SYNTHETIC_DERIVED_FROM_KML_ELEVATION_POINTS
15.309757890899991,74.31678724379968,231.69,3.46,138.3,SYNTHETIC_DERIVED_FROM_KML_ELEVATION_POINTS
15.309757890899991,74.31703724379967,232.69,3.08,139.9,SYNTHETIC_DERIVED_FROM_KML_ELEVATION_POINTS
15.309757890899991,74.31728724379967,233.55,2.83,139.7,SYNTHETIC_DERIVED_FROM_KML_ELEVATION_POINTS
15.31000789089999,74.3035372438,255.36,1.22,173.0,SYNTHETIC_DERIVED_FROM_KML_ELEVATION_POINTS
15.31000789089999,74.30378724379999,255.43,1.28,172.8,SYNTHETIC_DERIVED_FROM_KML_ELEVATION_POINTS
15.31000789089999,74.30403724379998,255.51,1.35,173.2,SYNTHETIC_DERIVED_FROM_KML_ELEVATION_POINTS
15.31000789089999,74.30428724379998,255.58,1.42,173.5,SYNTHETIC_DERIVED_FROM_KML_ELEVATION_POINTS
15.31000789089999,74.30453724379997,255.66,1.49,173.8,SYNTHETIC_DERIVED_FROM_KML_ELEVATION_POINTS
15.31000789089999,74.30478724379996,255.73,1.57,174.5,SYNTHETIC_DERIVED_FROM_KML_ELEVATION_POINTS
15.31000789089999,74.30503724379996,255.8,1.66,174.8,SYNTHETIC_DERIVED_FROM_KML_ELEVATION_POINTS
15.31000789089999,74.30528724379995,255.87,1.76,174.8,SYNTHETIC_DERIVED_FROM_KML_ELEVATION_POINTS
15.31000789089999,74.30553724379995,255.95,1.88,175.4,SYNTHETIC_DERIVED_FROM_KML_ELEVATION_POINTS
15.31000789089999,74.30578724379994,256.01,2.0,176.3,SYNTHETIC_DERIVED_FROM_KML_ELEVATION_POINTS
15.31000789089999,74.30603724379993,256.07,2.14,176.9,SYNTHETIC_DERIVED_FROM_KML_ELEVATION_POINTS
15.31000789089999,74.30628724379993,256.12,2.32,177.6,SYNTHETIC_DERIVED_FROM_KML_ELEVATION_POINTS
15.31000789089999,74.30653724379992,256.16,2.49,178.8,SYNTHETIC_DERIVED_FROM_KML_ELEVATION_POINTS
15.31000789089999,74.30678724379992,256.17,2.7,180.5,SYNTHETIC_DERIVED_FROM_KML_ELEVATION_POINTS
15.31000789089999,74.30703724379991,256.14,2.92,182.1,SYNTHETIC_DERIVED_FROM_KML_ELEVATION_POINTS
15.31000789089999,74.3072872437999,256.07,3.18,184.0,SYNTHETIC_DERIVED_FROM_KML_ELEVATION_POINTS
15.31000789089999,74.3075372437999,255.93,3.43,186.4,SYNTHETIC_DERIVED_FROM_KML_ELEVATION_POINTS
15.31000789089999,74.3077872437999,255.71,3.71,188.9,SYNTHETIC_DERIVED_FROM_KML_ELEVATION_POINTS
15.31000789089999,74.30803724379989,255.39,4.02,191.5,SYNTHETIC_DERIVED_FROM_KML_ELEVATION_POINTS
15.31000789089999,74.30828724379988,254.96,4.32,194.1,SYNTHETIC_DERIVED_FROM_KML_ELEVATION_POINTS
15.31000789089999,74.30853724379988,254.4,4.63,196.7,SYNTHETIC_DERIVED_FROM_KML_ELEVATION_POINTS
15.31000789089999,74.30878724379987,253.71,4.96,199.0,SYNTHETIC_DERIVED_FROM_KML_ELEVATION_POINTS
15.31000789089999,74.30903724379986,252.88,5.32,201.1,SYNTHETIC_DERIVED_FROM_KML_ELEVATION_POINTS
15.31000789089999,74.30928724379986,251.91,5.75,202.7,SYNTHETIC_DERIVED_FROM_KML_ELEVATION_POINTS
15.31000789089999,74.30953724379985,250.79,6.27,204.1,SYNTHETIC_DERIVED_FROM_KML_ELEVATION_POINTS
15.31000789089999,74.30978724379985,249.5,6.93,205.4,SYNTHETIC_DERIVED_FROM_KML_ELEVATION_POINTS
15.31000789089999,74.31003724379984,247.99,7.77,207.0,SYNTHETIC_DERIVED_FROM_KML_ELEVATION_POINTS
15.31000789089999,74.31028724379983,246.17,8.8,209.2,SYNTHETIC_DERIVED_FROM_KML_ELEVATION_POINTS
15.31000789089999,74.31053724379983,243.94,10.02,211.9,SYNTHETIC_DERIVED_FROM_KML_ELEVATION_POINTS
15.31000789089999,74.31078724379982,241.16,11.39,215.2,SYNTHETIC_DERIVED_FROM_KML_ELEVATION_POINTS
15.31000789089999,74.31103724379982,237.71,12.8,218.7,SYNTHETIC_DERIVED_FROM_KML_ELEVATION_POINTS
15.31000789089999,74.31128724379981,233.54,14.16,221.8,SYNTHETIC_DERIVED_FROM_KML_ELEVATION_POINTS
15.31000789089999,74.3115372437998,228.68,15.36,224.2,SYNTHETIC_DERIVED_FROM_KML_ELEVATION_POINTS
15.31000789089999,74.3117872437998,223.26,16.32,225.2,SYNTHETIC_DERIVED_FROM_KML_ELEVATION_POINTS
15.31000789089999,74.3120372437998,217.53,16.98,224.1,SYNTHETIC_DERIVED_FROM_KML_ELEVATION_POINTS
15.31000789089999,74.31228724379979,211.86,17.27,220.1,SYNTHETIC_DERIVED_FROM_KML_ELEVATION_POINTS
15.31000789089999,74.31253724379978,206.78,17.14,212.5,SYNTHETIC_DERIVED_FROM_KML_ELEVATION_POINTS
15.31000789089999,74.31278724379978,202.96,16.62,200.9,SYNTHETIC_DERIVED_FROM_KML_ELEVATION_POINTS
15.31000789089999,74.31303724379977,201.06,15.72,186.6,SYNTHETIC_DERIVED_FROM_KML_ELEVATION_POINTS
15.31000789089999,74.31328724379976,201.23,14.38,172.2,SYNTHETIC_DERIVED_FROM_KML_ELEVATION_POINTS
15.31000789089999,74.31353724379976,202.92,13.2,160.4,SYNTHETIC_DERIVED_FROM_KML_ELEVATION_POINTS
15.31000789089999,74.31378724379975,205.46,12.45,152.0,SYNTHETIC_DERIVED_FROM_KML_ELEVATION_POINTS
15.31000789089999,74.31403724379975,208.48,11.71,145.8,SYNTHETIC_DERIVED_FROM_KML_ELEVATION_POINTS
15.31000789089999,74.31428724379974,211.71,10.84,140.9,SYNTHETIC_DERIVED_FROM_KML_ELEVATION_POINTS
15.31000789089999,74.31453724379973,214.96,9.85,137.2,SYNTHETIC_DERIVED_FROM_KML_ELEVATION_POINTS
15.31000789089999,74.31478724379973,218.05,8.84,134.7,SYNTHETIC_DERIVED_FROM_KML_ELEVATION_POINTS
15.31000789089999,74.31503724379972,220.9,7.89,133.4,SYNTHETIC_DERIVED_FROM_KML_ELEVATION_POINTS
15.31000789089999,74.31528724379972,223.45,7.0,133.4,SYNTHETIC_DERIVED_FROM_KML_ELEVATION_POINTS
15.31000789089999,74.31553724379971,225.69,6.2,134.0,SYNTHETIC_DERIVED_FROM_KML_ELEVATION_POINTS
15.31000789089999,74.3157872437997,227.64,5.49,135.4,SYNTHETIC_DERIVED_FROM_KML_ELEVATION_POINTS
15.31000789089999,74.3160372437997,229.31,4.86,137.2,SYNTHETIC_DERIVED_FROM_KML_ELEVATION_POINTS
15.31000789089999,74.31628724379969,230.74,4.32,139.2,SYNTHETIC_DERIVED_FROM_KML_ELEVATION_POINTS
15.31000789089999,74.31653724379969,231.96,3.83,141.3,SYNTHETIC_DERIVED_FROM_KML_ELEVATION_POINTS
15.31000789089999,74.31678724379968,232.99,3.4,143.2,SYNTHETIC_DERIVED_FROM_KML_ELEVATION_POINTS
15.31000789089999,74.31703724379967,233.87,3.04,144.9,SYNTHETIC_DERIVED_FROM_KML_ELEVATION_POINTS
15.31000789089999,74.31728724379967,234.63,2.79,144.5,SYNTHETIC_DERIVED_FROM_KML_ELEVATION_POINTS
15.31025789089999,74.3035372438,255.95,1.24,170.1,SYNTHETIC_DERIVED_FROM_KML_ELEVATION_POINTS
15.31025789089999,74.30378724379999,256.05,1.31,170.1,SYNTHETIC_DERIVED_FROM_KML_ELEVATION_POINTS
15.31025789089999,74.30403724379998,256.16,1.36,170.0,SYNTHETIC_DERIVED_FROM_KML_ELEVATION_POINTS
15.31025789089999,74.30428724379998,256.27,1.43,170.5,SYNTHETIC_DERIVED_FROM_KML_ELEVATION_POINTS
15.31025789089999,74.30453724379997,256.38,1.5,171.0,SYNTHETIC_DERIVED_FROM_KML_ELEVATION_POINTS
15.31025789089999,74.30478724379996,256.49,1.58,171.1,SYNTHETIC_DERIVED_FROM_KML_ELEVATION_POINTS
15.31025789089999,74.30503724379996,256.61,1.68,171.2,SYNTHETIC_DERIVED_FROM_KML_ELEVATION_POINTS
15.31025789089999,74.30528724379995,256.73,1.79,171.4,SYNTHETIC_DERIVED_FROM_KML_ELEVATION_POINTS
15.31025789089999,74.30553724379995,256.86,1.89,171.6,SYNTHETIC_DERIVED_FROM_KML_ELEVATION_POINTS
15.31025789089999,74.30578724379994,256.99,2.04,172.2,SYNTHETIC_DERIVED_FROM_KML_ELEVATION_POINTS
15.31025789089999,74.30603724379993,257.12,2.19,172.4,SYNTHETIC_DERIVED_FROM_KML_ELEVATION_POINTS
15.31025789089999,74.30628724379993,257.26,2.36,173.3,SYNTHETIC_DERIVED_FROM_KML_ELEVATION_POINTS
15.31025789089999,74.30653724379992,257.38,2.54,174.2,SYNTHETIC_DERIVED_FROM_KML_ELEVATION_POINTS
15.31025789089999,74.30678724379992,257.5,2.77,175.4,SYNTHETIC_DERIVED_FROM_KML_ELEVATION_POINTS
15.31025789089999,74.30703724379991,257.59,3.01,177.2,SYNTHETIC_DERIVED_FROM_KML_ELEVATION_POINTS
15.31025789089999,74.3072872437999,257.64,3.27,179.3,SYNTHETIC_DERIVED_FROM_KML_ELEVATION_POINTS
15.31025789089999,74.3075372437999,257.63,3.56,181.7,SYNTHETIC_DERIVED_FROM_KML_ELEVATION_POINTS
15.31025789089999,74.3077872437999,257.54,3.87,184.3,SYNTHETIC_DERIVED_FROM_KML_ELEVATION_POINTS
15.31025789089999,74.30803724379989,257.36,4.17,187.0,SYNTHETIC_DERIVED_FROM_KML_ELEVATION_POINTS
15.31025789089999,74.30828724379988,257.06,4.49,190.1,SYNTHETIC_DERIVED_FROM_KML_ELEVATION_POINTS
15.31025789089999,74.30853724379988,256.62,4.8,192.8,SYNTHETIC_DERIVED_FROM_KML_ELEVATION_POINTS
15.31025789089999,74.30878724379987,256.06,5.11,195.2,SYNTHETIC_DERIVED_FROM_KML_ELEVATION_POINTS
15.31025789089999,74.30903724379986,255.36,5.43,197.1,SYNTHETIC_DERIVED_FROM_KML_ELEVATION_POINTS
15.31025789089999,74.30928724379986,254.56,5.81,198.2,SYNTHETIC_DERIVED_FROM_KML_ELEVATION_POINTS
15.31025789089999,74.30953724379985,253.65,6.28,198.9,SYNTHETIC_DERIVED_FROM_KML_ELEVATION_POINTS
15.31025789089999,74.30978724379985,252.65,6.92,199.3,SYNTHETIC_DERIVED_FROM_KML_ELEVATION_POINTS
15.31025789089999,74.31003724379984,251.5,7.8,200.2,SYNTHETIC_DERIVED_FROM_KML_ELEVATION_POINTS
15.31025789089999,74.31028724379983,250.11,8.95,201.9,SYNTHETIC_DERIVED_FROM_KML_ELEVATION_POINTS
15.31025789089999,74.31053724379983,248.35,10.32,204.6,SYNTHETIC_DERIVED_FROM_KML_ELEVATION_POINTS
15.31025789089999,74.31078724379982,246.04,11.86,208.3,SYNTHETIC_DERIVED_FROM_KML_ELEVATION_POINTS
15.31025789089999,74.31103724379982,243.0,13.43,212.5,SYNTHETIC_DERIVED_FROM_KML_ELEVATION_POINTS
15.31025789089999,74.31128724379981,239.16,14.84,216.4,SYNTHETIC_DERIVED_FROM_KML_ELEVATION_POINTS
15.31025789089999,74.3115372437998,234.56,15.96,219.4,SYNTHETIC_DERIVED_FROM_KML_ELEVATION_POINTS
15.31025789089999,74.3117872437998,229.41,16.73,220.7,SYNTHETIC_DERIVED_FROM_KML_ELEVATION_POINTS
15.31025789089999,74.3120372437998,224.05,17.11,219.5,SYNTHETIC_DERIVED_FROM_KML_ELEVATION_POINTS
15.31025789089999,74.31228724379979,218.89,17.17,215.7,SYNTHETIC_DERIVED_FROM_KML_ELEVATION_POINTS
15.31025789089999,74.31253724379978,214.38,16.93,208.9,SYNTHETIC_DERIVED_FROM_KML_ELEVATION_POINTS
15.31025789089999,74.31278724379978,210.99,16.4,199.6,SYNTHETIC_DERIVED_FROM_KML_ELEVATION_POINTS
15.31025789089999,74.31303724379977,209.07,15.51,189.0,SYNTHETIC_DERIVED_FROM_KML_ELEVATION_POINTS
15.31025789089999,74.31328724379976,208.66,14.28,178.2,SYNTHETIC_DERIVED_FROM_KML_ELEVATION_POINTS
15.31025789089999,74.31353724379976,209.5,12.94,168.1,SYNTHETIC_DERIVED_FROM_KML_ELEVATION_POINTS
15.31025789089999,74.31378724379975,211.2,11.69,159.4,SYNTHETIC_DERIVED_FROM_KML_ELEVATION_POINTS
15.31025789089999,74.31403724379975,213.41,10.55,151.9,SYNTHETIC_DERIVED_FROM_KML_ELEVATION_POINTS
15.31025789089999,74.31428724379974,215.91,9.53,145.6,SYNTHETIC_DERIVED_FROM_KML_ELEVATION_POINTS
15.31025789089999,74.31453724379973,218.51,8.65,140.6,SYNTHETIC_DERIVED_FROM_KML_ELEVATION_POINTS
15.31025789089999,74.31478724379973,221.09,7.87,137.3,SYNTHETIC_DERIVED_FROM_KML_ELEVATION_POINTS
15.31025789089999,74.31503724379972,223.54,7.16,135.7,SYNTHETIC_DERIVED_FROM_KML_ELEVATION_POINTS
15.31025789089999,74.31528724379972,225.8,6.49,135.7,SYNTHETIC_DERIVED_FROM_KML_ELEVATION_POINTS
15.31025789089999,74.31553724379971,227.81,5.85,136.7,SYNTHETIC_DERIVED_FROM_KML_ELEVATION_POINTS
15.31025789089999,74.3157872437997,229.57,5.24,138.4,SYNTHETIC_DERIVED_FROM_KML_ELEVATION_POINTS
15.31025789089999,74.3160372437997,231.08,4.69,140.7,SYNTHETIC_DERIVED_FROM_KML_ELEVATION_POINTS
15.31025789089999,74.31628724379969,232.36,4.18,143.0,SYNTHETIC_DERIVED_FROM_KML_ELEVATION_POINTS
15.31025789089999,74.31653724379969,233.44,3.72,145.4,SYNTHETIC_DERIVED_FROM_KML_ELEVATION_POINTS
15.31025789089999,74.31678724379968,234.34,3.33,147.7,SYNTHETIC_DERIVED_FROM_KML_ELEVATION_POINTS
15.31025789089999,74.31703724379967,235.11,2.99,149.6,SYNTHETIC_DERIVED_FROM_KML_ELEVATION_POINTS
15.31025789089999,74.31728724379967,235.76,2.73,149.5,SYNTHETIC_DERIVED_FROM_KML_ELEVATION_POINTS
15.31050789089999,74.3035372438,256.55,1.27,167.3,SYNTHETIC_DERIVED_FROM_KML_ELEVATION_POINTS
15.31050789089999,74.30378724379999,256.68,1.32,167.8,SYNTHETIC_DERIVED_FROM_KML_ELEVATION_POINTS
15.31050789089999,74.30403724379998,256.81,1.38,167.9,SYNTHETIC_DERIVED_FROM_KML_ELEVATION_POINTS
15.31050789089999,74.30428724379998,256.95,1.44,167.6,SYNTHETIC_DERIVED_FROM_KML_ELEVATION_POINTS
15.31050789089999,74.30453724379997,257.1,1.52,167.8,SYNTHETIC_DERIVED_FROM_KML_ELEVATION_POINTS
15.31050789089999,74.30478724379996,257.25,1.6,168.1,SYNTHETIC_DERIVED_FROM_KML_ELEVATION_POINTS
15.31050789089999,74.30503724379996,257.41,1.69,167.6,SYNTHETIC_DERIVED_FROM_KML_ELEVATION_POINTS
15.31050789089999,74.30528724379995,257.59,1.8,167.7,SYNTHETIC_DERIVED_FROM_KML_ELEVATION_POINTS
15.31050789089999,74.30553724379995,257.77,1.92,167.8,SYNTHETIC_DERIVED_FROM_KML_ELEVATION_POINTS
15.31050789089999,74.30578724379994,257.97,2.05,167.7,SYNTHETIC_DERIVED_FROM_KML_ELEVATION_POINTS
15.31050789089999,74.30603724379993,258.18,2.21,168.0,SYNTHETIC_DERIVED_FROM_KML_ELEVATION_POINTS
15.31050789089999,74.30628724379993,258.4,2.38,168.6,SYNTHETIC_DERIVED_FROM_KML_ELEVATION_POINTS
15.31050789089999,74.30653724379992,258.62,2.6,169.3,SYNTHETIC_DERIVED_FROM_KML_ELEVATION_POINTS
15.31050789089999,74.30678724379992,258.85,2.83,170.4,SYNTHETIC_DERIVED_FROM_KML_ELEVATION_POINTS
15.31050789089999,74.30703724379991,259.06,3.08,172.1,SYNTHETIC_DERIVED_FROM_KML_ELEVATION_POINTS
15.31050789089999,74.3072872437999,259.25,3.37,174.0,SYNTHETIC_DERIVED_FROM_KML_ELEVATION_POINTS
15.31050789089999,74.3075372437999,259.39,3.69,176.5,SYNTHETIC_DERIVED_FROM_KML_ELEVATION_POINTS
15.31050789089999,74.3077872437999,259.46,4.02,179.5,SYNTHETIC_DERIVED_FROM_KML_ELEVATION_POINTS
15.31050789089999,74.30803724379989,259.42,4.34,182.8,SYNTHETIC_DERIVED_FROM_KML_ELEVATION_POINTS
15.31050789089999,74.30828724379988,259.26,4.67,186.0,SYNTHETIC_DERIVED_FROM_KML_ELEVATION_POINTS
15.31050789089999,74.30853724379988,258.96,4.98,189.2,SYNTHETIC_DERIVED_FROM_KML_ELEVATION_POINTS
15.31050789089999,74.30878724379987,258.51,5.26,191.9,SYNTHETIC_DERIVED_FROM_KML_ELEVATION_POINTS
15.31050789089999,74.30903724379986,257.94,5.52,193.6,SYNTHETIC_DERIVED_FROM_KML_ELEVATION_POINTS
15.31050789089999,74.30928724379986,257.29,5.8,194.3,SYNTHETIC_DERIVED_FROM_KML_ELEVATION_POINTS
15.31050789089999,74.30953724379985,256.59,6.19,194.0,SYNTHETIC_DERIVED_FROM_KML_ELEVATION_POINTS
15.31050789089999,74.30978724379985,255.88,6.78,193.0,SYNTHETIC_DERIVED_FROM_KML_ELEVATION_POINTS
15.31050789089999,74.31003724379984,255.15,7.68,192.5,SYNTHETIC_DERIVED_FROM_KML_ELEVATION_POINTS
15.31050789089999,74.31028724379983,254.31,8.94,193.6,SYNTHETIC_DERIVED_FROM_KML_ELEVATION_POINTS
15.31050789089999,74.31053724379983,253.16,10.51,196.7,SYNTHETIC_DERIVED_FROM_KML_ELEVATION_POINTS
15.31050789089999,74.31078724379982,251.45,12.26,201.3,SYNTHETIC_DERIVED_FROM_KML_ELEVATION_POINTS
15.31050789089999,74.31103724379982,248.92,13.99,206.9,SYNTHETIC_DERIVED_FROM_KML_ELEVATION_POINTS
15.31050789089999,74.31128724379981,245.41,15.45,212.4,SYNTHETIC_DERIVED_FROM_KML_ELEVATION_POINTS
15.31050789089999,74.3115372437998,240.98,16.42,216.7,SYNTHETIC_DERIVED_FROM_KML_ELEVATION_POINTS
15.31050789089999,74.3117872437998,235.95,16.83,219.1,SYNTHETIC_DERIVED_FROM_KML_ELEVATION_POINTS
15.31050789089999,74.3120372437998,230.74,16.72,218.9,SYNTHETIC_DERIVED_FROM_KML_ELEVATION_POINTS
15.31050789089999,74.31228724379979,225.83,16.24,215.7,SYNTHETIC_DERIVED_FROM_KML_ELEVATION_POINTS
15.31050789089999,74.31253724379978,221.61,15.5,210.0,SYNTHETIC_DERIVED_FROM_KML_ELEVATION_POINTS
15.31050789089999,74.31278724379978,218.39,14.55,202.3,SYNTHETIC_DERIVED_FROM_KML_ELEVATION_POINTS
15.31050789089999,74.31303724379977,216.32,13.33,193.6,SYNTHETIC_DERIVED_FROM_KML_ELEVATION_POINTS
15.31050789089999,74.31328724379976,215.39,11.85,184.5,SYNTHETIC_DERIVED_FROM_KML_ELEVATION_POINTS
15.31050789089999,74.31353724379976,215.43,10.21,175.0,SYNTHETIC_DERIVED_FROM_KML_ELEVATION_POINTS
15.31050789089999,74.31378724379975,216.24,8.71,164.6,SYNTHETIC_DERIVED_FROM_KML_ELEVATION_POINTS
15.31050789089999,74.31403724379975,217.62,7.64,153.8,SYNTHETIC_DERIVED_FROM_KML_ELEVATION_POINTS
15.31050789089999,74.31428724379974,219.42,7.05,144.3,SYNTHETIC_DERIVED_FROM_KML_ELEVATION_POINTS
15.31050789089999,74.31453724379973,221.5,6.8,137.9,SYNTHETIC_DERIVED_FROM_KML_ELEVATION_POINTS
15.31050789089999,74.31478724379973,223.71,6.6,134.7,SYNTHETIC_DERIVED_FROM_KML_ELEVATION_POINTS
15.31050789089999,74.31503724379972,225.91,6.33,134.2,SYNTHETIC_DERIVED_FROM_KML_ELEVATION_POINTS
15.31050789089999,74.31528724379972,227.98,5.94,135.2,SYNTHETIC_DERIVED_FROM_KML_ELEVATION_POINTS
15.31050789089999,74.31553724379971,229.84,5.47,137.4,SYNTHETIC_DERIVED_FROM_KML_ELEVATION_POINTS
15.31050789089999,74.3157872437997,231.46,4.98,140.1,SYNTHETIC_DERIVED_FROM_KML_ELEVATION_POINTS
15.31050789089999,74.3160372437997,232.84,4.48,143.1,SYNTHETIC_DERIVED_FROM_KML_ELEVATION_POINTS
15.31050789089999,74.31628724379969,233.99,4.03,146.3,SYNTHETIC_DERIVED_FROM_KML_ELEVATION_POINTS
15.31050789089999,74.31653724379969,234.94,3.61,149.1,SYNTHETIC_DERIVED_FROM_KML_ELEVATION_POINTS
15.31050789089999,74.31678724379968,235.73,3.24,151.8,SYNTHETIC_DERIVED_FROM_KML_ELEVATION_POINTS
15.31050789089999,74.31703724379967,236.38,2.9,154.1,SYNTHETIC_DERIVED_FROM_KML_ELEVATION_POINTS
15.31050789089999,74.31728724379967,236.92,2.66,154.3,SYNTHETIC_DERIVED_FROM_KML_ELEVATION_POINTS
15.310757890899989,74.3035372438,257.15,1.28,165.5,SYNTHETIC_DERIVED_FROM_KML_ELEVATION_POINTS
15.310757890899989,74.30378724379999,257.3,1.33,165.1,SYNTHETIC_DERIVED_FROM_KML_ELEVATION_POINTS
15.310757890899989,74.30403724379998,257.47,1.4,164.9,SYNTHETIC_DERIVED_FROM_KML_ELEVATION_POINTS
15.310757890899989,74.30428724379998,257.64,1.46,165.2,SYNTHETIC_DERIVED_FROM_KML_ELEVATION_POINTS
15.310757890899989,74.30453724379997,257.82,1.53,165.1,SYNTHETIC_DERIVED_FROM_KML_ELEVATION_POINTS
15.310757890899989,74.30478724379996,258.01,1.61,165.0,SYNTHETIC_DERIVED_FROM_KML_ELEVATION_POINTS
15.310757890899989,74.30503724379996,258.21,1.71,164.4,SYNTHETIC_DERIVED_FROM_KML_ELEVATION_POINTS
15.310757890899989,74.30528724379995,258.44,1.8,163.8,SYNTHETIC_DERIVED_FROM_KML_ELEVATION_POINTS
15.310757890899989,74.30553724379995,258.68,1.93,163.9,SYNTHETIC_DERIVED_FROM_KML_ELEVATION_POINTS
15.310757890899989,74.30578724379994,258.94,2.06,163.7,SYNTHETIC_DERIVED_FROM_KML_ELEVATION_POINTS
15.310757890899989,74.30603724379993,259.22,2.22,163.5,SYNTHETIC_DERIVED_FROM_KML_ELEVATION_POINTS
15.310757890899989,74.30628724379993,259.53,2.41,163.6,SYNTHETIC_DERIVED_FROM_KML_ELEVATION_POINTS
15.310757890899989,74.30653724379992,259.86,2.63,164.0,SYNTHETIC_DERIVED_FROM_KML_ELEVATION_POINTS
15.310757890899989,74.30678724379992,260.21,2.88,165.0,SYNTHETIC_DERIVED_FROM_KML_ELEVATION_POINTS
15.310757890899989,74.30703724379991,260.56,3.16,166.5,SYNTHETIC_DERIVED_FROM_KML_ELEVATION_POINTS
15.310757890899989,74.3072872437999,260.9,3.47,168.5,SYNTHETIC_DERIVED_FROM_KML_ELEVATION_POINTS
15.310757890899989,74.3075372437999,261.21,3.82,171.2,SYNTHETIC_DERIVED_FROM_KML_ELEVATION_POINTS
15.310757890899989,74.3077872437999,261.45,4.17,174.6,SYNTHETIC_DERIVED_FROM_KML_ELEVATION_POINTS
15.310757890899989,74.30803724379989,261.58,4.53,178.2,SYNTHETIC_DERIVED_FROM_KML_ELEVATION_POINTS
15.310757890899989,74.30828724379988,261.58,4.88,182.1,SYNTHETIC_DERIVED_FROM_KML_ELEVATION_POINTS
15.310757890899989,74.30853724379988,261.41,5.19,186.0,SYNTHETIC_DERIVED_FROM_KML_ELEVATION_POINTS
15.310757890899989,74.30878724379987,261.07,5.44,189.2,SYNTHETIC_DERIVED_FROM_KML_ELEVATION_POINTS
15.310757890899989,74.30903724379986,260.59,5.61,191.3,SYNTHETIC_DERIVED_FROM_KML_ELEVATION_POINTS
15.310757890899989,74.30928724379986,260.04,5.74,191.5,SYNTHETIC_DERIVED_FROM_KML_ELEVATION_POINTS
15.310757890899989,74.30953724379985,259.51,5.97,189.6,SYNTHETIC_DERIVED_FROM_KML_ELEVATION_POINTS
15.310757890899989,74.30978724379985,259.1,6.46,186.4,SYNTHETIC_DERIVED_FROM_KML_ELEVATION_POINTS
15.310757890899989,74.31003724379984,258.83,7.37,184.0,SYNTHETIC_DERIVED_FROM_KML_ELEVATION_POINTS
15.310757890899989,74.31028724379983,258.62,8.74,184.1,SYNTHETIC_DERIVED_FROM_KML_ELEVATION_POINTS
15.310757890899989,74.31053724379983,258.24,10.52,187.5,SYNTHETIC_DERIVED_FROM_KML_ELEVATION_POINTS
15.310757890899989,74.31078724379982,257.31,12.52,193.9,SYNTHETIC_DERIVED_FROM_KML_ELEVATION_POINTS
15.310757890899989,74.31103724379982,255.37,14.46,201.9,SYNTHETIC_DERIVED_FROM_KML_ELEVATION_POINTS
15.310757890899989,74.31128724379981,252.15,16.0,209.8,SYNTHETIC_DERIVED_FROM_KML_ELEVATION_POINTS
15.310757890899989,74.3115372437998,247.71,16.84,216.5,SYNTHETIC_DERIVED_FROM_KML_ELEVATION_POINTS
15.310757890899989,74.3117872437998,242.48,16.87,220.8,SYNTHETIC_DERIVED_FROM_KML_ELEVATION_POINTS
15.310757890899989,74.3120372437998,237.07,16.18,222.0,SYNTHETIC_DERIVED_FROM_KML_ELEVATION_POINTS
15.310757890899989,74.31228724379979,232.05,15.03,220.3,SYNTHETIC_DERIVED_FROM_KML_ELEVATION_POINTS
15.310757890899989,74.31253724379978,227.75,13.65,216.1,SYNTHETIC_DERIVED_FROM_KML_ELEVATION_POINTS
15.310757890899989,74.31278724379978,224.36,12.1,210.6,SYNTHETIC_DERIVED_FROM_KML_ELEVATION_POINTS
15.310757890899989,74.31303724379977,221.89,10.28,204.6,SYNTHETIC_DERIVED_FROM_KML_ELEVATION_POINTS
15.310757890899989,74.31328724379976,220.3,8.13,198.2,SYNTHETIC_DERIVED_FROM_KML_ELEVATION_POINTS
15.310757890899989,74.31353724379976,219.49,5.79,189.3,SYNTHETIC_DERIVED_FROM_KML_ELEVATION_POINTS
15.310757890899989,74.31378724379975,219.42,3.86,170.1,SYNTHETIC_DERIVED_FROM_KML_ELEVATION_POINTS
15.310757890899989,74.31403724379975,220.11,3.41,139.4,SYNTHETIC_DERIVED_FROM_KML_ELEVATION_POINTS
15.310757890899989,74.31428724379974,221.5,4.21,122.8,SYNTHETIC_DERIVED_FROM_KML_ELEVATION_POINTS
15.310757890899989,74.31453724379973,223.43,5.1,120.7,SYNTHETIC_DERIVED_FROM_KML_ELEVATION_POINTS
15.310757890899989,74.31478724379973,225.62,5.63,123.5,SYNTHETIC_DERIVED_FROM_KML_ELEVATION_POINTS
15.310757890899989,74.31503724379972,227.84,5.76,127.6,SYNTHETIC_DERIVED_FROM_KML_ELEVATION_POINTS
15.310757890899989,74.31528724379972,229.91,5.56,131.9,SYNTHETIC_DERIVED_FROM_KML_ELEVATION_POINTS
15.310757890899989,74.31553724379971,231.73,5.2,136.2,SYNTHETIC_DERIVED_FROM_KML_ELEVATION_POINTS
15.310757890899989,74.3157872437997,233.29,4.76,140.6,SYNTHETIC_DERIVED_FROM_KML_ELEVATION_POINTS
15.310757890899989,74.3160372437997,234.57,4.31,144.8,SYNTHETIC_DERIVED_FROM_KML_ELEVATION_POINTS
15.310757890899989,74.31628724379969,235.62,3.88,148.9,SYNTHETIC_DERIVED_FROM_KML_ELEVATION_POINTS
15.310757890899989,74.31653724379969,236.45,3.48,152.7,SYNTHETIC_DERIVED_FROM_KML_ELEVATION_POINTS
15.310757890899989,74.31678724379968,237.12,3.12,155.8,SYNTHETIC_DERIVED_FROM_KML_ELEVATION_POINTS
15.310757890899989,74.31703724379967,237.65,2.82,158.5,SYNTHETIC_DERIVED_FROM_KML_ELEVATION_POINTS
15.310757890899989,74.31728724379967,238.09,2.57,158.6,SYNTHETIC_DERIVED_FROM_KML_ELEVATION_POINTS
15.311007890899988,74.3035372438,257.75,1.29,162.7,SYNTHETIC_DERIVED_FROM_KML_ELEVATION_POINTS
15.311007890899988,74.30378724379999,257.93,1.36,163.1,SYNTHETIC_DERIVED_FROM_KML_ELEVATION_POINTS
15.311007890899988,74.30403724379998,258.12,1.41,162.8,SYNTHETIC_DERIVED_FROM_KML_ELEVATION_POINTS
15.311007890899988,74.30428724379998,258.32,1.48,162.4,SYNTHETIC_DERIVED_FROM_KML_ELEVATION_POINTS
15.311007890899988,74.30453724379997,258.54,1.54,162.3,SYNTHETIC_DERIVED_FROM_KML_ELEVATION_POINTS
15.311007890899988,74.30478724379996,258.76,1.62,162.0,SYNTHETIC_DERIVED_FROM_KML_ELEVATION_POINTS
15.311007890899988,74.30503724379996,259.01,1.71,161.5,SYNTHETIC_DERIVED_FROM_KML_ELEVATION_POINTS
15.311007890899988,74.30528724379995,259.27,1.81,160.7,SYNTHETIC_DERIVED_FROM_KML_ELEVATION_POINTS
15.311007890899988,74.30553724379995,259.57,1.93,159.9,SYNTHETIC_DERIVED_FROM_KML_ELEVATION_POINTS
15.311007890899988,74.30578724379994,259.89,2.07,159.4,SYNTHETIC_DERIVED_FROM_KML_ELEVATION_POINTS
15.311007890899988,74.30603724379993,260.25,2.24,158.8,SYNTHETIC_DERIVED_FROM_KML_ELEVATION_POINTS
15.311007890899988,74.30628724379993,260.65,2.43,158.6,SYNTHETIC_DERIVED_FROM_KML_ELEVATION_POINTS
15.311007890899988,74.30653724379992,261.08,2.65,158.8,SYNTHETIC_DERIVED_FROM_KML_ELEVATION_POINTS
15.311007890899988,74.30678724379992,261.55,2.92,159.2,SYNTHETIC_DERIVED_FROM_KML_ELEVATION_POINTS
15.311007890899988,74.30703724379991,262.05,3.22,160.5,SYNTHETIC_DERIVED_FROM_KML_ELEVATION_POINTS
15.311007890899988,74.3072872437999,262.56,3.56,162.4,SYNTHETIC_DERIVED_FROM_KML_ELEVATION_POINTS
15.311007890899988,74.3075372437999,263.06,3.93,165.2,SYNTHETIC_DERIVED_FROM_KML_ELEVATION_POINTS
15.311007890899988,74.3077872437999,263.5,4.32,169.1,SYNTHETIC_DERIVED_FROM_KML_ELEVATION_POINTS
15.311007890899988,74.30803724379989,263.83,4.72,173.4,SYNTHETIC_DERIVED_FROM_KML_ELEVATION_POINTS
15.311007890899988,74.30828724379988,264.01,5.11,178.1,SYNTHETIC_DERIVED_FROM_KML_ELEVATION_POINTS
15.311007890899988,74.30853724379988,263.99,5.43,183.0,SYNTHETIC_DERIVED_FROM_KML_ELEVATION_POINTS
15.311007890899988,74.30878724379987,263.74,5.64,187.5,SYNTHETIC_DERIVED_FROM_KML_ELEVATION_POINTS
15.311007890899988,74.30903724379986,263.3,5.72,190.4,SYNTHETIC_DERIVED_FROM_KML_ELEVATION_POINTS
15.311007890899988,74.30928724379986,262.77,5.67,190.5,SYNTHETIC_DERIVED_FROM_KML_ELEVATION_POINTS
15.311007890899988,74.30953724379985,262.33,5.64,186.8,SYNTHETIC_DERIVED_FROM_KML_ELEVATION_POINTS
15.311007890899988,74.30978724379985,262.14,5.93,180.0,SYNTHETIC_DERIVED_FROM_KML_ELEVATION_POINTS
15.311007890899988,74.31003724379984,262.33,6.81,173.6,SYNTHETIC_DERIVED_FROM_KML_ELEVATION_POINTS
15.311007890899988,74.31028724379983,262.85,8.33,172.1,SYNTHETIC_DERIVED_FROM_KML_ELEVATION_POINTS
15.311007890899988,74.31053724379983,263.41,10.27,176.5,SYNTHETIC_DERIVED_FROM_KML_ELEVATION_POINTS
15.311007890899988,74.31078724379982,263.45,12.41,185.7,SYNTHETIC_DERIVED_FROM_KML_ELEVATION_POINTS
15.311007890899988,74.31103724379982,262.24,14.56,197.5,SYNTHETIC_DERIVED_FROM_KML_ELEVATION_POINTS
15.311007890899988,74.31128724379981,259.25,16.32,209.4,SYNTHETIC_DERIVED_FROM_KML_ELEVATION_POINTS
15.311007890899988,74.3115372437998,254.52,17.23,219.2,SYNTHETIC_DERIVED_FROM_KML_ELEVATION_POINTS
15.311007890899988,74.3117872437998,248.72,17.03,225.8,SYNTHETIC_DERIVED_FROM_KML_ELEVATION_POINTS
15.311007890899988,74.3120372437998,242.73,15.89,228.7,SYNTHETIC_DERIVED_FROM_KML_ELEVATION_POINTS
15.311007890899988,74.31228724379979,237.23,14.19,228.7,SYNTHETIC_DERIVED_FROM_KML_ELEVATION_POINTS
15.311007890899988,74.31253724379978,232.53,12.34,226.9,SYNTHETIC_DERIVED_FROM_KML_ELEVATION_POINTS
15.311007890899988,74.31278724379978,228.66,10.42,225.4,SYNTHETIC_DERIVED_FROM_KML_ELEVATION_POINTS
15.311007890899988,74.31303724379977,225.5,8.31,226.8,SYNTHETIC_DERIVED_FROM_KML_ELEVATION_POINTS
15.311007890899988,74.31328724379976,222.94,5.82,235.4,SYNTHETIC_DERIVED_FROM_KML_ELEVATION_POINTS
15.311007890899988,74.31353724379976,221.0,3.22,263.8,SYNTHETIC_DERIVED_FROM_KML_ELEVATION_POINTS
15.311007890899988,74.31378724379975,219.94,2.4,337.6,SYNTHETIC_DERIVED_FROM_KML_ELEVATION_POINTS
15.311007890899988,74.31403724379975,220.14,3.59,30.3,SYNTHETIC_DERIVED_FROM_KML_ELEVATION_POINTS
15.311007890899988,74.31428724379974,221.64,4.6,64.5,SYNTHETIC_DERIVED_FROM_KML_ELEVATION_POINTS
15.311007890899988,74.31453724379973,224.04,5.43,90.1,SYNTHETIC_DERIVED_FROM_KML_ELEVATION_POINTS
15.311007890899988,74.31478724379973,226.74,5.89,107.3,SYNTHETIC_DERIVED_FROM_KML_ELEVATION_POINTS
15.311007890899988,74.31503724379972,229.33,5.91,119.0,SYNTHETIC_DERIVED_FROM_KML_ELEVATION_POINTS
15.311007890899988,74.31528724379972,231.6,5.6,127.6,SYNTHETIC_DERIVED_FROM_KML_ELEVATION_POINTS
15.311007890899988,74.31553724379971,233.5,5.15,134.7,SYNTHETIC_DERIVED_FROM_KML_ELEVATION_POINTS
15.311007890899988,74.3157872437997,235.04,4.65,140.6,SYNTHETIC_DERIVED_FROM_KML_ELEVATION_POINTS
15.311007890899988,74.3160372437997,236.27,4.18,146.2,SYNTHETIC_DERIVED_FROM_KML_ELEVATION_POINTS
15.311007890899988,74.31628724379969,237.22,3.73,151.3,SYNTHETIC_DERIVED_FROM_KML_ELEVATION_POINTS
15.311007890899988,74.31653724379969,237.95,3.34,155.9,SYNTHETIC_DERIVED_FROM_KML_ELEVATION_POINTS
15.311007890899988,74.31678724379968,238.5,3.02,159.7,SYNTHETIC_DERIVED_FROM_KML_ELEVATION_POINTS
15.311007890899988,74.31703724379967,238.93,2.72,162.9,SYNTHETIC_DERIVED_FROM_KML_ELEVATION_POINTS
15.311007890899988,74.31728724379967,239.25,2.47,164.0,SYNTHETIC_DERIVED_FROM_KML_ELEVATION_POINTS
15.311257890899988,74.3035372438,258.35,1.31,160.1,SYNTHETIC_DERIVED_FROM_KML_ELEVATION_POINTS
15.311257890899988,74.30378724379999,258.56,1.38,160.5,SYNTHETIC_DERIVED_FROM_KML_ELEVATION_POINTS
15.311257890899988,74.30403724379998,258.78,1.43,160.4,SYNTHETIC_DERIVED_FROM_KML_ELEVATION_POINTS
15.311257890899988,74.30428724379998,259.01,1.49,160.3,SYNTHETIC_DERIVED_FROM_KML_ELEVATION_POINTS
15.311257890899988,74.30453724379997,259.25,1.55,159.8,SYNTHETIC_DERIVED_FROM_KML_ELEVATION_POINTS
15.311257890899988,74.30478724379996,259.51,1.63,159.3,SYNTHETIC_DERIVED_FROM_KML_ELEVATION_POINTS
15.311257890899988,74.30503724379996,259.79,1.71,158.3,SYNTHETIC_DERIVED_FROM_KML_ELEVATION_POINTS
15.311257890899988,74.30528724379995,260.1,1.82,157.5,SYNTHETIC_DERIVED_FROM_KML_ELEVATION_POINTS
15.311257890899988,74.30553724379995,260.44,1.92,156.4,SYNTHETIC_DERIVED_FROM_KML_ELEVATION_POINTS
15.311257890899988,74.30578724379994,260.82,2.06,155.2,SYNTHETIC_DERIVED_FROM_KML_ELEVATION_POINTS
15.311257890899988,74.30603724379993,261.25,2.23,154.2,SYNTHETIC_DERIVED_FROM_KML_ELEVATION_POINTS
15.311257890899988,74.30628724379993,261.73,2.41,153.5,SYNTHETIC_DERIVED_FROM_KML_ELEVATION_POINTS
15.311257890899988,74.30653724379992,262.26,2.66,153.0,SYNTHETIC_DERIVED_FROM_KML_ELEVATION_POINTS
15.311257890899988,74.30678724379992,262.86,2.94,153.1,SYNTHETIC_DERIVED_FROM_KML_ELEVATION_POINTS
15.311257890899988,74.30703724379991,263.51,3.26,154.0,SYNTHETIC_DERIVED_FROM_KML_ELEVATION_POINTS
15.311257890899988,74.3072872437999,264.2,3.63,155.7,SYNTHETIC_DERIVED_FROM_KML_ELEVATION_POINTS
15.311257890899988,74.3075372437999,264.91,4.03,158.6,SYNTHETIC_DERIVED_FROM_KML_ELEVATION_POINTS
15.311257890899988,74.3077872437999,265.58,4.46,162.8,SYNTHETIC_DERIVED_FROM_KML_ELEVATION_POINTS
15.311257890899988,74.30803724379989,266.15,4.92,167.9,SYNTHETIC_DERIVED_FROM_KML_ELEVATION_POINTS
15.311257890899988,74.30828724379988,266.55,5.34,173.8,SYNTHETIC_DERIVED_FROM_KML_ELEVATION_POINTS
15.311257890899988,74.30853724379988,266.69,5.68,180.3,SYNTHETIC_DERIVED_FROM_KML_ELEVATION_POINTS
15.311257890899988,74.30878724379987,266.52,5.9,186.4,SYNTHETIC_DERIVED_FROM_KML_ELEVATION_POINTS
15.311257890899988,74.30903724379986,266.07,5.89,190.9,SYNTHETIC_DERIVED_FROM_KML_ELEVATION_POINTS
15.311257890899988,74.30928724379986,265.47,5.62,192.0,SYNTHETIC_DERIVED_FROM_KML_ELEVATION_POINTS
15.311257890899988,74.30953724379985,264.97,5.23,186.9,SYNTHETIC_DERIVED_FROM_KML_ELEVATION_POINTS
15.311257890899988,74.30978724379985,264.88,5.2,174.5,SYNTHETIC_DERIVED_FROM_KML_ELEVATION_POINTS
15.311257890899988,74.31003724379984,265.44,6.05,161.4,SYNTHETIC_DERIVED_FROM_KML_ELEVATION_POINTS
15.311257890899988,74.31028724379983,266.69,7.69,156.7,SYNTHETIC_DERIVED_FROM_KML_ELEVATION_POINTS
15.311257890899988,74.31053724379983,268.31,9.58,161.9,SYNTHETIC_DERIVED_FROM_KML_ELEVATION_POINTS
15.311257890899988,74.31078724379982,269.5,11.46,175.5,SYNTHETIC_DERIVED_FROM_KML_ELEVATION_POINTS
15.311257890899988,74.31103724379982,269.16,13.55,194.1,SYNTHETIC_DERIVED_FROM_KML_ELEVATION_POINTS
15.311257890899988,74.31128724379981,266.35,15.79,212.1,SYNTHETIC_DERIVED_FROM_KML_ELEVATION_POINTS
15.311257890899988,74.3115372437998,261.08,17.33,225.7,SYNTHETIC_DERIVED_FROM_KML_ELEVATION_POINTS
15.311257890899988,74.3117872437998,254.37,17.35,233.9,SYNTHETIC_DERIVED_FROM_KML_ELEVATION_POINTS
15.311257890899988,74.3120372437998,247.52,16.01,237.8,SYNTHETIC_DERIVED_FROM_KML_ELEVATION_POINTS
15.311257890899988,74.31228724379979,241.34,14.02,238.7,SYNTHETIC_DERIVED_FROM_KML_ELEVATION_POINTS
15.311257890899988,74.31253724379978,236.07,12.06,238.6,SYNTHETIC_DERIVED_FROM_KML_ELEVATION_POINTS
15.311257890899988,74.31278724379978,231.55,10.42,240.8,SYNTHETIC_DERIVED_FROM_KML_ELEVATION_POINTS
15.311257890899988,74.31303724379977,227.45,9.07,249.5,SYNTHETIC_DERIVED_FROM_KML_ELEVATION_POINTS
15.311257890899988,74.31328724379976,223.52,8.08,269.8,SYNTHETIC_DERIVED_FROM_KML_ELEVATION_POINTS
15.311257890899988,74.31353724379976,219.83,8.04,304.4,SYNTHETIC_DERIVED_FROM_KML_ELEVATION_POINTS
15.311257890899988,74.31378724379975,217.26,9.51,342.3,SYNTHETIC_DERIVED_FROM_KML_ELEVATION_POINTS
15.311257890899988,74.31403724379975,217.09,10.25,13.8,SYNTHETIC_DERIVED_FROM_KML_ELEVATION_POINTS
15.311257890899988,74.31428724379974,219.57,9.21,46.8,SYNTHETIC_DERIVED_FROM_KML_ELEVATION_POINTS
15.311257890899988,74.31453724379973,223.44,8.39,78.4,SYNTHETIC_DERIVED_FROM_KML_ELEVATION_POINTS
15.311257890899988,74.31478724379973,227.33,7.76,100.6,SYNTHETIC_DERIVED_FROM_KML_ELEVATION_POINTS
15.311257890899988,74.31503724379972,230.63,6.95,115.4,SYNTHETIC_DERIVED_FROM_KML_ELEVATION_POINTS
15.311257890899988,74.31528724379972,233.24,6.1,126.2,SYNTHETIC_DERIVED_FROM_KML_ELEVATION_POINTS
15.311257890899988,74.31553724379971,235.26,5.32,134.8,SYNTHETIC_DERIVED_FROM_KML_ELEVATION_POINTS
15.311257890899988,74.3157872437997,236.79,4.65,142.0,SYNTHETIC_DERIVED_FROM_KML_ELEVATION_POINTS
15.311257890899988,74.3160372437997,237.95,4.09,148.4,SYNTHETIC_DERIVED_FROM_KML_ELEVATION_POINTS
15.311257890899988,74.31628724379969,238.8,3.62,154.3,SYNTHETIC_DERIVED_FROM_KML_ELEVATION_POINTS
15.311257890899988,74.31653724379969,239.42,3.22,159.3,SYNTHETIC_DERIVED_FROM_KML_ELEVATION_POINTS
15.311257890899988,74.31678724379968,239.87,2.89,163.7,SYNTHETIC_DERIVED_FROM_KML_ELEVATION_POINTS
15.311257890899988,74.31703724379967,240.18,2.6,167.5,SYNTHETIC_DERIVED_FROM_KML_ELEVATION_POINTS
15.311257890899988,74.31728724379967,240.4,2.38,168.6,SYNTHETIC_DERIVED_FROM_KML_ELEVATION_POINTS
15.311507890899987,74.3035372438,258.95,1.35,157.6,SYNTHETIC_DERIVED_FROM_KML_ELEVATION_POINTS
15.311507890899987,74.30378724379999,259.19,1.38,158.3,SYNTHETIC_DERIVED_FROM_KML_ELEVATION_POINTS
15.311507890899987,74.30403724379998,259.43,1.44,158.7,SYNTHETIC_DERIVED_FROM_KML_ELEVATION_POINTS
15.311507890899987,74.30428724379998,259.68,1.5,158.2,SYNTHETIC_DERIVED_FROM_KML_ELEVATION_POINTS
15.311507890899987,74.30453724379997,259.95,1.56,157.5,SYNTHETIC_DERIVED_FROM_KML_ELEVATION_POINTS
15.311507890899987,74.30478724379996,260.24,1.63,156.9,SYNTHETIC_DERIVED_FROM_KML_ELEVATION_POINTS
15.311507890899987,74.30503724379996,260.55,1.71,155.6,SYNTHETIC_DERIVED_FROM_KML_ELEVATION_POINTS
15.311507890899987,74.30528724379995,260.9,1.79,154.3,SYNTHETIC_DERIVED_FROM_KML_ELEVATION_POINTS
15.311507890899987,74.30553724379995,261.28,1.91,153.0,SYNTHETIC_DERIVED_FROM_KML_ELEVATION_POINTS
15.311507890899987,74.30578724379994,261.71,2.03,151.1,SYNTHETIC_DERIVED_FROM_KML_ELEVATION_POINTS
15.311507890899987,74.30603724379993,262.2,2.19,149.6,SYNTHETIC_DERIVED_FROM_KML_ELEVATION_POINTS
15.311507890899987,74.30628724379993,262.75,2.39,148.2,SYNTHETIC_DERIVED_FROM_KML_ELEVATION_POINTS
15.311507890899987,74.30653724379992,263.38,2.65,147.1,SYNTHETIC_DERIVED_FROM_KML_ELEVATION_POINTS
15.311507890899987,74.30678724379992,264.1,2.94,146.5,SYNTHETIC_DERIVED_FROM_KML_ELEVATION_POINTS
15.311507890899987,74.30703724379991,264.9,3.28,146.9,SYNTHETIC_DERIVED_FROM_KML_ELEVATION_POINTS
15.311507890899987,74.3072872437999,265.78,3.67,148.3,SYNTHETIC_DERIVED_FROM_KML_ELEVATION_POINTS
15.311507890899987,74.3075372437999,266.71,4.11,151.0,SYNTHETIC_DERIVED_FROM_KML_ELEVATION_POINTS
15.311507890899987,74.3077872437999,267.65,4.57,155.2,SYNTHETIC_DERIVED_FROM_KML_ELEVATION_POINTS
15.311507890899987,74.30803724379989,268.51,5.04,161.2,SYNTHETIC_DERIVED_FROM_KML_ELEVATION_POINTS
15.311507890899987,74.30828724379988,269.18,5.51,168.6,SYNTHETIC_DERIVED_FROM_KML_ELEVATION_POINTS
15.311507890899987,74.30853724379988,269.53,5.92,177.1,SYNTHETIC_DERIVED_FROM_KML_ELEVATION_POINTS
15.311507890899987,74.30878724379987,269.46,6.18,185.8,SYNTHETIC_DERIVED_FROM_KML_ELEVATION_POINTS
15.311507890899987,74.30903724379986,268.94,6.17,193.2,SYNTHETIC_DERIVED_FROM_KML_ELEVATION_POINTS
15.311507890899987,74.30928724379986,268.13,5.72,196.7,SYNTHETIC_DERIVED_FROM_KML_ELEVATION_POINTS
15.311507890899987,74.30953724379985,267.39,4.87,192.0,SYNTHETIC_DERIVED_FROM_KML_ELEVATION_POINTS
15.311507890899987,74.30978724379985,267.18,4.27,172.4,SYNTHETIC_DERIVED_FROM_KML_ELEVATION_POINTS
15.311507890899987,74.31003724379984,267.92,5.05,147.2,SYNTHETIC_DERIVED_FROM_KML_ELEVATION_POINTS
15.311507890899987,74.31028724379983,269.75,6.87,136.9,SYNTHETIC_DERIVED_FROM_KML_ELEVATION_POINTS
15.311507890899987,74.31053724379983,272.34,8.38,141.3,SYNTHETIC_DERIVED_FROM_KML_ELEVATION_POINTS
15.311507890899987,74.31078724379982,274.7,9.02,160.0,SYNTHETIC_DERIVED_FROM_KML_ELEVATION_POINTS
15.311507890899987,74.31103724379982,275.25,10.21,192.7,SYNTHETIC_DERIVED_FROM_KML_ELEVATION_POINTS
15.311507890899987,74.31128724379981,272.58,13.56,221.6,SYNTHETIC_DERIVED_FROM_KML_ELEVATION_POINTS
15.311507890899987,74.3115372437998,266.66,16.74,237.5,SYNTHETIC_DERIVED_FROM_KML_ELEVATION_POINTS
15.311507890899987,74.3117872437998,258.96,17.58,245.0,SYNTHETIC_DERIVED_FROM_KML_ELEVATION_POINTS
15.311507890899987,74.3120372437998,251.24,16.28,247.6,SYNTHETIC_DERIVED_FROM_KML_ELEVATION_POINTS
15.311507890899987,74.31228724379979,244.46,14.17,247.4,SYNTHETIC_DERIVED_FROM_KML_ELEVATION_POINTS
15.311507890899987,74.31253724379978,238.73,12.38,246.5,SYNTHETIC_DERIVED_FROM_KML_ELEVATION_POINTS
15.311507890899987,74.31278724379978,233.65,11.47,248.3,SYNTHETIC_DERIVED_FROM_KML_ELEVATION_POINTS
15.311507890899987,74.31303724379977,228.61,11.59,255.9,SYNTHETIC_DERIVED_FROM_KML_ELEVATION_POINTS
15.311507890899987,74.31328724379976,222.97,12.65,271.1,SYNTHETIC_DERIVED_FROM_KML_ELEVATION_POINTS
15.311507890899987,74.31353724379976,216.56,13.93,296.6,SYNTHETIC_DERIVED_FROM_KML_ELEVATION_POINTS
15.311507890899987,74.31378724379975,211.06,15.72,335.8,SYNTHETIC_DERIVED_FROM_KML_ELEVATION_POINTS
15.311507890899987,74.31403724379975,210.36,16.76,15.8,SYNTHETIC_DERIVED_FROM_KML_ELEVATION_POINTS
15.311507890899987,74.31428724379974,215.46,14.93,57.2,SYNTHETIC_DERIVED_FROM_KML_ELEVATION_POINTS
15.311507890899987,74.31453724379973,222.39,13.29,88.1,SYNTHETIC_DERIVED_FROM_KML_ELEVATION_POINTS
15.311507890899987,74.31478724379973,228.13,10.84,106.7,SYNTHETIC_DERIVED_FROM_KML_ELEVATION_POINTS
15.311507890899987,74.31503724379972,232.24,8.52,119.8,SYNTHETIC_DERIVED_FROM_KML_ELEVATION_POINTS
15.311507890899987,74.31528724379972,235.11,6.81,130.0,SYNTHETIC_DERIVED_FROM_KML_ELEVATION_POINTS
15.311507890899987,74.31553724379971,237.15,5.59,138.2,SYNTHETIC_DERIVED_FROM_KML_ELEVATION_POINTS
15.311507890899987,74.3157872437997,238.61,4.7,145.4,SYNTHETIC_DERIVED_FROM_KML_ELEVATION_POINTS
15.311507890899987,74.3160372437997,239.66,4.02,151.9,SYNTHETIC_DERIVED_FROM_KML_ELEVATION_POINTS
15.311507890899987,74.31628724379969,240.39,3.5,158.2,SYNTHETIC_DERIVED_FROM_KML_ELEVATION_POINTS
15.311507890899987,74.31653724379969,240.88,3.09,163.8,SYNTHETIC_DERIVED_FROM_KML_ELEVATION_POINTS
15.311507890899987,74.31678724379968,241.2,2.76,168.4,SYNTHETIC_DERIVED_FROM_KML_ELEVATION_POINTS
15.311507890899987,74.31703724379967,241.4,2.49,172.1,SYNTHETIC_DERIVED_FROM_KML_ELEVATION_POINTS
15.311507890899987,74.31728724379967,241.52,2.27,173.5,SYNTHETIC_DERIVED_FROM_KML_ELEVATION_POINTS
15.311757890899987,74.3035372438,259.56,1.35,156.8,SYNTHETIC_DERIVED_FROM_KML_ELEVATION_POINTS
15.311757890899987,74.30378724379999,259.81,1.4,156.7,SYNTHETIC_DERIVED_FROM_KML_ELEVATION_POINTS
15.311757890899987,74.30403724379998,260.08,1.46,156.3,SYNTHETIC_DERIVED_FROM_KML_ELEVATION_POINTS
15.311757890899987,74.30428724379998,260.36,1.52,156.4,SYNTHETIC_DERIVED_FROM_KML_ELEVATION_POINTS
15.311757890899987,74.30453724379997,260.65,1.58,155.7,SYNTHETIC_DERIVED_FROM_KML_ELEVATION_POINTS
15.311757890899987,74.30478724379996,260.97,1.64,154.9,SYNTHETIC_DERIVED_FROM_KML_ELEVATION_POINTS
15.311757890899987,74.30503724379996,261.3,1.71,154.0,SYNTHETIC_DERIVED_FROM_KML_ELEVATION_POINTS
15.311757890899987,74.30528724379995,261.67,1.79,151.8,SYNTHETIC_DERIVED_FROM_KML_ELEVATION_POINTS
15.311757890899987,74.30553724379995,262.09,1.88,150.0,SYNTHETIC_DERIVED_FROM_KML_ELEVATION_POINTS
15.311757890899987,74.30578724379994,262.55,2.0,147.7,SYNTHETIC_DERIVED_FROM_KML_ELEVATION_POINTS
15.311757890899987,74.30603724379993,263.09,2.15,145.3,SYNTHETIC_DERIVED_FROM_KML_ELEVATION_POINTS
15.311757890899987,74.30628724379993,263.7,2.35,142.9,SYNTHETIC_DERIVED_FROM_KML_ELEVATION_POINTS
15.311757890899987,74.30653724379992,264.42,2.6,140.8,SYNTHETIC_DERIVED_FROM_KML_ELEVATION_POINTS
15.311757890899987,74.30678724379992,265.24,2.9,139.7,SYNTHETIC_DERIVED_FROM_KML_ELEVATION_POINTS
15.311757890899987,74.30703724379991,266.18,3.26,139.2,SYNTHETIC_DERIVED_FROM_KML_ELEVATION_POINTS
15.311757890899987,74.3072872437999,267.24,3.69,139.8,SYNTHETIC_DERIVED_FROM_KML_ELEVATION_POINTS
15.311757890899987,74.3075372437999,268.41,4.14,142.2,SYNTHETIC_DERIVED_FROM_KML_ELEVATION_POINTS
15.311757890899987,74.3077872437999,269.62,4.6,146.4,SYNTHETIC_DERIVED_FROM_KML_ELEVATION_POINTS
15.311757890899987,74.30803724379989,270.8,5.07,152.7,SYNTHETIC_DERIVED_FROM_KML_ELEVATION_POINTS
15.311757890899987,74.30828724379988,271.81,5.51,161.4,SYNTHETIC_DERIVED_FROM_KML_ELEVATION_POINTS
15.311757890899987,74.30853724379988,272.45,5.93,172.7,SYNTHETIC_DERIVED_FROM_KML_ELEVATION_POINTS
15.311757890899987,74.30878724379987,272.52,6.28,185.1,SYNTHETIC_DERIVED_FROM_KML_ELEVATION_POINTS
15.311757890899987,74.30903724379986,271.93,6.4,196.5,SYNTHETIC_DERIVED_FROM_KML_ELEVATION_POINTS
15.311757890899987,74.30928724379986,270.81,6.0,204.3,SYNTHETIC_DERIVED_FROM_KML_ELEVATION_POINTS
15.311757890899987,74.30953724379985,269.61,4.79,203.7,SYNTHETIC_DERIVED_FROM_KML_ELEVATION_POINTS
15.311757890899987,74.30978724379985,269.0,3.3,180.6,SYNTHETIC_DERIVED_FROM_KML_ELEVATION_POINTS
15.311757890899987,74.31003724379984,269.58,3.76,132.8,SYNTHETIC_DERIVED_FROM_KML_ELEVATION_POINTS
15.311757890899987,74.31028724379983,271.59,5.94,113.3,SYNTHETIC_DERIVED_FROM_KML_ELEVATION_POINTS
15.311757890899987,74.31053724379983,274.71,7.1,111.8,SYNTHETIC_DERIVED_FROM_KML_ELEVATION_POINTS
15.311757890899987,74.31078724379982,277.8,5.53,125.5,SYNTHETIC_DERIVED_FROM_KML_ELEVATION_POINTS
15.311757890899987,74.31103724379982,278.94,4.04,201.8,SYNTHETIC_DERIVED_FROM_KML_ELEVATION_POINTS
15.311757890899987,74.31128724379981,276.39,10.16,247.2,SYNTHETIC_DERIVED_FROM_KML_ELEVATION_POINTS
15.311757890899987,74.3115372437998,270.07,15.62,256.1,SYNTHETIC_DERIVED_FROM_KML_ELEVATION_POINTS
15.311757890899987,74.3117872437998,261.82,17.3,258.1,SYNTHETIC_DERIVED_FROM_KML_ELEVATION_POINTS
15.311757890899987,74.3120372437998,253.71,16.08,256.9,SYNTHETIC_DERIVED_FROM_KML_ELEVATION_POINTS
15.311757890899987,74.31228724379979,246.75,13.94,253.5,SYNTHETIC_DERIVED_FROM_KML_ELEVATION_POINTS
15.311757890899987,74.31253724379978,240.94,12.38,249.2,SYNTHETIC_DERIVED_FROM_KML_ELEVATION_POINTS
15.311757890899987,74.31278724379978,235.73,12.23,246.9,SYNTHETIC_DERIVED_FROM_KML_ELEVATION_POINTS
15.311757890899987,74.31303724379977,230.24,13.92,249.4,SYNTHETIC_DERIVED_FROM_KML_ELEVATION_POINTS
15.311757890899987,74.31328724379976,223.28,17.61,256.8,SYNTHETIC_DERIVED_FROM_KML_ELEVATION_POINTS
15.311757890899987,74.31353724379976,213.65,20.73,268.7,SYNTHETIC_DERIVED_FROM_KML_ELEVATION_POINTS
15.311757890899987,74.31378724379975,202.97,15.14,299.1,SYNTHETIC_DERIVED_FROM_KML_ELEVATION_POINTS
15.311757890899987,74.31403724379975,200.96,13.13,43.1,SYNTHETIC_DERIVED_FROM_KML_ELEVATION_POINTS
15.311757890899987,74.31428724379974,211.53,22.34,91.3,SYNTHETIC_DERIVED_FROM_KML_ELEVATION_POINTS
15.311757890899987,74.31453724379973,223.01,20.3,108.2,SYNTHETIC_DERIVED_FROM_KML_ELEVATION_POINTS
15.311757890899987,74.31478724379973,230.39,14.24,120.3,SYNTHETIC_DERIVED_FROM_KML_ELEVATION_POINTS
15.311757890899987,74.31503724379972,234.77,9.9,130.5,SYNTHETIC_DERIVED_FROM_KML_ELEVATION_POINTS
15.311757890899987,74.31528724379972,237.51,7.32,138.7,SYNTHETIC_DERIVED_FROM_KML_ELEVATION_POINTS
15.311757890899987,74.31553724379971,239.32,5.73,145.5,SYNTHETIC_DERIVED_FROM_KML_ELEVATION_POINTS
15.311757890899987,74.3157872437997,240.56,4.67,151.7,SYNTHETIC_DERIVED_FROM_KML_ELEVATION_POINTS
15.311757890899987,74.3160372437997,241.4,3.9,157.5,SYNTHETIC_DERIVED_FROM_KML_ELEVATION_POINTS
15.311757890899987,74.31628724379969,241.96,3.36,163.2,SYNTHETIC_DERIVED_FROM_KML_ELEVATION_POINTS
15.311757890899987,74.31653724379969,242.31,2.95,168.7,SYNTHETIC_DERIVED_FROM_KML_ELEVATION_POINTS
15.311757890899987,74.31678724379968,242.5,2.63,173.7,SYNTHETIC_DERIVED_FROM_KML_ELEVATION_POINTS
15.311757890899987,74.31703724379967,242.58,2.38,177.7,SYNTHETIC_DERIVED_FROM_KML_ELEVATION_POINTS
15.311757890899987,74.31728724379967,242.59,2.16,179.4,SYNTHETIC_DERIVED_FROM_KML_ELEVATION_POINTS
15.312007890899986,74.3035372438,260.16,1.38,154.4,SYNTHETIC_DERIVED_FROM_KML_ELEVATION_POINTS
15.312007890899986,74.30378724379999,260.44,1.44,155.0,SYNTHETIC_DERIVED_FROM_KML_ELEVATION_POINTS
15.312007890899986,74.30403724379998,260.73,1.49,155.0,SYNTHETIC_DERIVED_FROM_KML_ELEVATION_POINTS
15.312007890899986,74.30428724379998,261.03,1.54,154.5,SYNTHETIC_DERIVED_FROM_KML_ELEVATION_POINTS
15.312007890899986,74.30453724379997,261.35,1.59,154.1,SYNTHETIC_DERIVED_FROM_KML_ELEVATION_POINTS
15.312007890899986,74.30478724379996,261.68,1.64,153.3,SYNTHETIC_DERIVED_FROM_KML_ELEVATION_POINTS
15.312007890899986,74.30503724379996,262.04,1.7,152.0,SYNTHETIC_DERIVED_FROM_KML_ELEVATION_POINTS
15.312007890899986,74.30528724379995,262.43,1.77,150.3,SYNTHETIC_DERIVED_FROM_KML_ELEVATION_POINTS
15.312007890899986,74.30553724379995,262.86,1.84,147.7,SYNTHETIC_DERIVED_FROM_KML_ELEVATION_POINTS
15.312007890899986,74.30578724379994,263.35,1.96,144.7,SYNTHETIC_DERIVED_FROM_KML_ELEVATION_POINTS
15.312007890899986,74.30603724379993,263.92,2.09,141.5,SYNTHETIC_DERIVED_FROM_KML_ELEVATION_POINTS
15.312007890899986,74.30628724379993,264.57,2.28,138.3,SYNTHETIC_DERIVED_FROM_KML_ELEVATION_POINTS
15.312007890899986,74.30653724379992,265.34,2.52,134.6,SYNTHETIC_DERIVED_FROM_KML_ELEVATION_POINTS
15.312007890899986,74.30678724379992,266.25,2.83,132.3,SYNTHETIC_DERIVED_FROM_KML_ELEVATION_POINTS
15.312007890899986,74.30703724379991,267.3,3.2,130.9,SYNTHETIC_DERIVED_FROM_KML_ELEVATION_POINTS
15.312007890899986,74.3072872437999,268.52,3.63,130.6,SYNTHETIC_DERIVED_FROM_KML_ELEVATION_POINTS
15.312007890899986,74.3075372437999,269.89,4.09,131.9,SYNTHETIC_DERIVED_FROM_KML_ELEVATION_POINTS
15.312007890899986,74.3077872437999,271.38,4.56,135.4,SYNTHETIC_DERIVED_FROM_KML_ELEVATION_POINTS
15.312007890899986,74.30803724379989,272.9,4.95,141.6,SYNTHETIC_DERIVED_FROM_KML_ELEVATION_POINTS
15.312007890899986,74.30828724379988,274.27,5.25,151.4,SYNTHETIC_DERIVED_FROM_KML_ELEVATION_POINTS
15.312007890899986,74.30853724379988,275.26,5.51,165.6,SYNTHETIC_DERIVED_FROM_KML_ELEVATION_POINTS
15.312007890899986,74.30878724379987,275.56,5.85,183.4,SYNTHETIC_DERIVED_FROM_KML_ELEVATION_POINTS
15.312007890899986,74.30903724379986,274.93,6.25,200.9,SYNTHETIC_DERIVED_FROM_KML_ELEVATION_POINTS
15.312007890899986,74.30928724379986,273.46,6.23,213.9,SYNTHETIC_DERIVED_FROM_KML_ELEVATION_POINTS
15.312007890899986,74.30953724379985,271.66,5.13,219.6,SYNTHETIC_DERIVED_FROM_KML_ELEVATION_POINTS
15.312007890899986,74.30978724379985,270.39,2.82,208.2,SYNTHETIC_DERIVED_FROM_KML_ELEVATION_POINTS
15.312007890899986,74.31003724379984,270.41,2.07,121.5,SYNTHETIC_DERIVED_FROM_KML_ELEVATION_POINTS
15.312007890899986,74.31028724379983,272.04,4.8,87.5,SYNTHETIC_DERIVED_FROM_KML_ELEVATION_POINTS
15.312007890899986,74.31053724379983,274.91,6.33,76.6,SYNTHETIC_DERIVED_FROM_KML_ELEVATION_POINTS
15.312007890899986,74.31078724379982,277.83,5.01,58.0,SYNTHETIC_DERIVED_FROM_KML_ELEVATION_POINTS
15.312007890899986,74.31103724379982,278.9,3.7,336.4,SYNTHETIC_DERIVED_FROM_KML_ELEVATION_POINTS
15.312007890899986,74.31128724379981,276.44,9.53,289.4,SYNTHETIC_DERIVED_FROM_KML_ELEVATION_POINTS
15.312007890899986,74.3115372437998,270.4,14.64,277.7,SYNTHETIC_DERIVED_FROM_KML_ELEVATION_POINTS
15.312007890899986,74.3117872437998,262.54,16.14,271.0,SYNTHETIC_DERIVED_FROM_KML_ELEVATION_POINTS
15.312007890899986,74.3120372437998,254.87,14.83,264.7,SYNTHETIC_DERIVED_FROM_KML_ELEVATION_POINTS
15.312007890899986,74.31228724379979,248.39,12.72,256.8,SYNTHETIC_DERIVED_FROM_KML_ELEVATION_POINTS
15.312007890899986,74.31253724379978,243.07,11.42,247.2,SYNTHETIC_DERIVED_FROM_KML_ELEVATION_POINTS
15.312007890899986,74.31278724379978,238.39,11.78,239.0,SYNTHETIC_DERIVED_FROM_KML_ELEVATION_POINTS
15.312007890899986,74.31303724379977,233.47,14.44,235.6,SYNTHETIC_DERIVED_FROM_KML_ELEVATION_POINTS
15.312007890899986,74.31328724379976,226.99,20.11,236.8,SYNTHETIC_DERIVED_FROM_KML_ELEVATION_POINTS
15.312007890899986,74.31353724379976,217.03,27.31,237.0,SYNTHETIC_DERIVED_FROM_KML_ELEVATION_POINTS
15.312007890899986,74.31378724379975,203.74,25.67,218.8,SYNTHETIC_DERIVED_FROM_KML_ELEVATION_POINTS
15.312007890899986,74.31403724379975,200.88,25.98,152.1,SYNTHETIC_DERIVED_FROM_KML_ELEVATION_POINTS
15.312007890899986,74.31428724379974,215.99,33.28,127.5,SYNTHETIC_DERIVED_FROM_KML_ELEVATION_POINTS
15.312007890899986,74.31453724379973,228.82,25.13,130.1,SYNTHETIC_DERIVED_FROM_KML_ELEVATION_POINTS
15.312007890899986,74.31478724379973,235.26,15.47,139.1,SYNTHETIC_DERIVED_FROM_KML_ELEVATION_POINTS
15.312007890899986,74.31503724379972,238.55,10.07,146.8,SYNTHETIC_DERIVED_FROM_KML_ELEVATION_POINTS
15.312007890899986,74.31528724379972,240.48,7.23,152.0,SYNTHETIC_DERIVED_FROM_KML_ELEVATION_POINTS
15.312007890899986,74.31553724379971,241.75,5.57,156.0,SYNTHETIC_DERIVED_FROM_KML_ELEVATION_POINTS
15.312007890899986,74.3157872437997,242.61,4.48,160.3,SYNTHETIC_DERIVED_FROM_KML_ELEVATION_POINTS
15.312007890899986,74.3160372437997,243.17,3.74,165.0,SYNTHETIC_DERIVED_FROM_KML_ELEVATION_POINTS
15.312007890899986,74.31628724379969,243.52,3.2,170.0,SYNTHETIC_DERIVED_FROM_KML_ELEVATION_POINTS
15.312007890899986,74.31653724379969,243.69,2.79,175.2,SYNTHETIC_DERIVED_FROM_KML_ELEVATION_POINTS
15.312007890899986,74.31678724379968,243.74,2.49,179.5,SYNTHETIC_DERIVED_FROM_KML_ELEVATION_POINTS
15.312007890899986,74.31703724379967,243.71,2.25,183.3,SYNTHETIC_DERIVED_FROM_KML_ELEVATION_POINTS
15.312007890899986,74.31728724379967,243.62,2.06,185.4,SYNTHETIC_DERIVED_FROM_KML_ELEVATION_POINTS
15.312257890899986,74.3035372438,260.77,1.42,152.2,SYNTHETIC_DERIVED_FROM_KML_ELEVATION_POINTS
15.312257890899986,74.30378724379999,261.08,1.46,153.2,SYNTHETIC_DERIVED_FROM_KML_ELEVATION_POINTS
15.312257890899986,74.30403724379998,261.39,1.52,153.7,SYNTHETIC_DERIVED_FROM_KML_ELEVATION_POINTS
15.312257890899986,74.30428724379998,261.71,1.56,153.6,SYNTHETIC_DERIVED_FROM_KML_ELEVATION_POINTS
15.312257890899986,74.30453724379997,262.04,1.6,153.1,SYNTHETIC_DERIVED_FROM_KML_ELEVATION_POINTS
15.312257890899986,74.30478724379996,262.39,1.65,152.3,SYNTHETIC_DERIVED_FROM_KML_ELEVATION_POINTS
15.312257890899986,74.30503724379996,262.76,1.69,151.0,SYNTHETIC_DERIVED_FROM_KML_ELEVATION_POINTS
15.312257890899986,74.30528724379995,263.16,1.74,149.0,SYNTHETIC_DERIVED_FROM_KML_ELEVATION_POINTS
15.312257890899986,74.30553724379995,263.6,1.81,146.3,SYNTHETIC_DERIVED_FROM_KML_ELEVATION_POINTS
15.312257890899986,74.30578724379994,264.1,1.89,142.5,SYNTHETIC_DERIVED_FROM_KML_ELEVATION_POINTS
15.312257890899986,74.30603724379993,264.68,2.01,138.4,SYNTHETIC_DERIVED_FROM_KML_ELEVATION_POINTS
15.312257890899986,74.30628724379993,265.35,2.17,134.2,SYNTHETIC_DERIVED_FROM_KML_ELEVATION_POINTS
15.312257890899986,74.30653724379992,266.14,2.4,129.4,SYNTHETIC_DERIVED_FROM_KML_ELEVATION_POINTS
15.312257890899986,74.30678724379992,267.09,2.71,125.0,SYNTHETIC_DERIVED_FROM_KML_ELEVATION_POINTS
15.312257890899986,74.30703724379991,268.22,3.09,122.2,SYNTHETIC_DERIVED_FROM_KML_ELEVATION_POINTS
15.312257890899986,74.3072872437999,269.54,3.53,120.5,SYNTHETIC_DERIVED_FROM_KML_ELEVATION_POINTS
15.312257890899986,74.3075372437999,271.07,4.0,120.3,SYNTHETIC_DERIVED_FROM_KML_ELEVATION_POINTS
15.312257890899986,74.3077872437999,272.78,4.42,122.2,SYNTHETIC_DERIVED_FROM_KML_ELEVATION_POINTS
15.312257890899986,74.30803724379989,274.58,4.69,126.9,SYNTHETIC_DERIVED_FROM_KML_ELEVATION_POINTS
15.312257890899986,74.30828724379988,276.3,4.72,136.1,SYNTHETIC_DERIVED_FROM_KML_ELEVATION_POINTS
15.312257890899986,74.30853724379988,277.65,4.49,153.1,SYNTHETIC_DERIVED_FROM_KML_ELEVATION_POINTS
15.312257890899986,74.30878724379987,278.21,4.48,180.4,SYNTHETIC_DERIVED_FROM_KML_ELEVATION_POINTS
15.312257890899986,74.30903724379986,277.62,5.22,208.8,SYNTHETIC_DERIVED_FROM_KML_ELEVATION_POINTS
15.312257890899986,74.30928724379986,275.85,6.05,227.0,SYNTHETIC_DERIVED_FROM_KML_ELEVATION_POINTS
15.312257890899986,74.30953724379985,273.46,5.65,236.6,SYNTHETIC_DERIVED_FROM_KML_ELEVATION_POINTS
15.312257890899986,74.30978724379985,271.42,3.48,240.2,SYNTHETIC_DERIVED_FROM_KML_ELEVATION_POINTS
15.312257890899986,74.31003724379984,270.63,0.08,204.0,SYNTHETIC_DERIVED_FROM_KML_ELEVATION_POINTS
15.312257890899986,74.31028724379983,271.39,3.39,56.5,SYNTHETIC_DERIVED_FROM_KML_ELEVATION_POINTS
15.312257890899986,74.31053724379983,273.28,5.8,44.4,SYNTHETIC_DERIVED_FROM_KML_ELEVATION_POINTS
15.312257890899986,74.31078724379982,275.21,6.89,21.3,SYNTHETIC_DERIVED_FROM_KML_ELEVATION_POINTS
15.312257890899986,74.31103724379982,275.64,8.12,345.4,SYNTHETIC_DERIVED_FROM_KML_ELEVATION_POINTS
15.312257890899986,74.31128724379981,273.28,10.96,313.8,SYNTHETIC_DERIVED_FROM_KML_ELEVATION_POINTS
15.312257890899986,74.3115372437998,268.13,13.5,294.3,SYNTHETIC_DERIVED_FROM_KML_ELEVATION_POINTS
15.312257890899986,74.3117872437998,261.53,13.93,281.3,SYNTHETIC_DERIVED_FROM_KML_ELEVATION_POINTS
15.312257890899986,74.3120372437998,255.07,12.5,270.0,SYNTHETIC_DERIVED_FROM_KML_ELEVATION_POINTS
15.312257890899986,74.31228724379979,249.63,10.59,257.1,SYNTHETIC_DERIVED_FROM_KML_ELEVATION_POINTS
15.312257890899986,74.31253724379978,245.29,9.54,241.4,SYNTHETIC_DERIVED_FROM_KML_ELEVATION_POINTS
15.312257890899986,74.31278724379978,241.71,10.15,226.3,SYNTHETIC_DERIVED_FROM_KML_ELEVATION_POINTS
15.312257890899986,74.31303724379977,238.34,12.84,216.4,SYNTHETIC_DERIVED_FROM_KML_ELEVATION_POINTS
15.312257890899986,74.31328724379976,234.45,18.13,210.9,SYNTHETIC_DERIVED_FROM_KML_ELEVATION_POINTS
15.312257890899986,74.31353724379976,229.3,26.16,203.8,SYNTHETIC_DERIVED_FROM_KML_ELEVATION_POINTS
15.312257890899986,74.31378724379975,223.83,34.97,186.7,SYNTHETIC_DERIVED_FROM_KML_ELEVATION_POINTS
15.312257890899986,74.31403724379975,224.92,38.85,166.7,SYNTHETIC_DERIVED_FROM_KML_ELEVATION_POINTS
15.312257890899986,74.31428724379974,233.79,32.76,154.5,SYNTHETIC_DERIVED_FROM_KML_ELEVATION_POINTS
15.312257890899986,74.31453724379973,239.81,21.7,157.3,SYNTHETIC_DERIVED_FROM_KML_ELEVATION_POINTS
15.312257890899986,74.31478724379973,242.03,13.22,165.2,SYNTHETIC_DERIVED_FROM_KML_ELEVATION_POINTS
15.312257890899986,74.31503724379972,243.04,8.9,168.3,SYNTHETIC_DERIVED_FROM_KML_ELEVATION_POINTS
15.312257890899986,74.31528724379972,243.74,6.56,168.4,SYNTHETIC_DERIVED_FROM_KML_ELEVATION_POINTS
15.312257890899986,74.31553724379971,244.28,5.13,168.9,SYNTHETIC_DERIVED_FROM_KML_ELEVATION_POINTS
15.312257890899986,74.3157872437997,244.67,4.15,170.7,SYNTHETIC_DERIVED_FROM_KML_ELEVATION_POINTS
15.312257890899986,74.3160372437997,244.91,3.48,173.9,SYNTHETIC_DERIVED_FROM_KML_ELEVATION_POINTS
15.312257890899986,74.31628724379969,245.02,2.97,177.9,SYNTHETIC_DERIVED_FROM_KML_ELEVATION_POINTS
15.312257890899986,74.31653724379969,245.01,2.62,182.3,SYNTHETIC_DERIVED_FROM_KML_ELEVATION_POINTS
15.312257890899986,74.31678724379968,244.92,2.34,186.5,SYNTHETIC_DERIVED_FROM_KML_ELEVATION_POINTS
15.312257890899986,74.31703724379967,244.76,2.12,189.9,SYNTHETIC_DERIVED_FROM_KML_ELEVATION_POINTS
15.312257890899986,74.31728724379967,244.58,1.94,191.4,SYNTHETIC_DERIVED_FROM_KML_ELEVATION_POINTS
15.312507890899985,74.3035372438,261.38,1.45,150.9,SYNTHETIC_DERIVED_FROM_KML_ELEVATION_POINTS
15.312507890899985,74.30378724379999,261.71,1.5,151.5,SYNTHETIC_DERIVED_FROM_KML_ELEVATION_POINTS
15.312507890899985,74.30403724379998,262.05,1.55,152.1,SYNTHETIC_DERIVED_FROM_KML_ELEVATION_POINTS
15.312507890899985,74.30428724379998,262.39,1.59,152.4,SYNTHETIC_DERIVED_FROM_KML_ELEVATION_POINTS
15.312507890899985,74.30453724379997,262.74,1.64,152.4,SYNTHETIC_DERIVED_FROM_KML_ELEVATION_POINTS
15.312507890899985,74.30478724379996,263.1,1.67,151.8,SYNTHETIC_DERIVED_FROM_KML_ELEVATION_POINTS
15.312507890899985,74.30503724379996,263.48,1.71,150.9,SYNTHETIC_DERIVED_FROM_KML_ELEVATION_POINTS
15.312507890899985,74.30528724379995,263.88,1.74,149.0,SYNTHETIC_DERIVED_FROM_KML_ELEVATION_POINTS
15.312507890899985,74.30553724379995,264.32,1.77,146.0,SYNTHETIC_DERIVED_FROM_KML_ELEVATION_POINTS
15.312507890899985,74.30578724379994,264.81,1.83,141.9,SYNTHETIC_DERIVED_FROM_KML_ELEVATION_POINTS
15.312507890899985,74.30603724379993,265.38,1.91,136.6,SYNTHETIC_DERIVED_FROM_KML_ELEVATION_POINTS
15.312507890899985,74.30628724379993,266.04,2.04,131.0,SYNTHETIC_DERIVED_FROM_KML_ELEVATION_POINTS
15.312507890899985,74.30653724379992,266.82,2.23,124.8,SYNTHETIC_DERIVED_FROM_KML_ELEVATION_POINTS
15.312507890899985,74.30678724379992,267.76,2.53,118.7,SYNTHETIC_DERIVED_FROM_KML_ELEVATION_POINTS
15.312507890899985,74.30703724379991,268.9,2.91,113.6,SYNTHETIC_DERIVED_FROM_KML_ELEVATION_POINTS
15.312507890899985,74.3072872437999,270.26,3.35,109.9,SYNTHETIC_DERIVED_FROM_KML_ELEVATION_POINTS
15.312507890899985,74.3075372437999,271.85,3.82,107.9,SYNTHETIC_DERIVED_FROM_KML_ELEVATION_POINTS
15.312507890899985,74.3077872437999,273.67,4.23,107.2,SYNTHETIC_DERIVED_FROM_KML_ELEVATION_POINTS
15.312507890899985,74.30803724379989,275.64,4.4,108.7,SYNTHETIC_DERIVED_FROM_KML_ELEVATION_POINTS
15.312507890899985,74.30828724379988,277.58,4.09,113.4,SYNTHETIC_DERIVED_FROM_KML_ELEVATION_POINTS
15.312507890899985,74.30853724379988,279.16,3.12,126.9,SYNTHETIC_DERIVED_FROM_KML_ELEVATION_POINTS
15.312507890899985,74.30878724379987,279.92,2.12,173.4,SYNTHETIC_DERIVED_FROM_KML_ELEVATION_POINTS
15.312507890899985,74.30903724379986,279.39,3.41,229.8,SYNTHETIC_DERIVED_FROM_KML_ELEVATION_POINTS
15.312507890899985,74.30928724379986,277.48,5.41,247.6,SYNTHETIC_DERIVED_FROM_KML_ELEVATION_POINTS
15.312507890899985,74.30953724379985,274.69,5.97,254.4,SYNTHETIC_DERIVED_FROM_KML_ELEVATION_POINTS
15.312507890899985,74.30978724379985,272.07,4.55,260.3,SYNTHETIC_DERIVED_FROM_KML_ELEVATION_POINTS
15.312507890899985,74.31003724379984,270.48,2.06,286.3,SYNTHETIC_DERIVED_FROM_KML_ELEVATION_POINTS
15.312507890899985,74.31028724379983,270.22,2.52,9.5,SYNTHETIC_DERIVED_FROM_KML_ELEVATION_POINTS
15.312507890899985,74.31053724379983,270.87,5.04,16.6,SYNTHETIC_DERIVED_FROM_KML_ELEVATION_POINTS
15.312507890899985,74.31078724379982,271.57,7.14,2.9,SYNTHETIC_DERIVED_FROM_KML_ELEVATION_POINTS
15.312507890899985,74.31103724379982,271.21,8.96,342.2,SYNTHETIC_DERIVED_FROM_KML_ELEVATION_POINTS
15.312507890899985,74.31128724379981,268.98,10.56,320.9,SYNTHETIC_DERIVED_FROM_KML_ELEVATION_POINTS
15.312507890899985,74.3115372437998,264.9,11.43,302.6,SYNTHETIC_DERIVED_FROM_KML_ELEVATION_POINTS
15.312507890899985,74.3117872437998,259.84,11.05,287.1,SYNTHETIC_DERIVED_FROM_KML_ELEVATION_POINTS
15.312507890899985,74.3120372437998,254.88,9.65,272.0,SYNTHETIC_DERIVED_FROM_KML_ELEVATION_POINTS
15.312507890899985,74.31228724379979,250.72,8.08,254.2,SYNTHETIC_DERIVED_FROM_KML_ELEVATION_POINTS
15.312507890899985,74.31253724379978,247.55,7.33,232.1,SYNTHETIC_DERIVED_FROM_KML_ELEVATION_POINTS
15.312507890899985,74.31278724379978,245.27,8.09,210.5,SYNTHETIC_DERIVED_FROM_KML_ELEVATION_POINTS
15.312507890899985,74.31303724379977,243.68,10.5,195.5,SYNTHETIC_DERIVED_FROM_KML_ELEVATION_POINTS
15.312507890899985,74.31328724379976,242.62,14.68,186.7,SYNTHETIC_DERIVED_FROM_KML_ELEVATION_POINTS
15.312507890899985,74.31353724379976,242.05,20.58,180.6,SYNTHETIC_DERIVED_FROM_KML_ELEVATION_POINTS
15.312507890899985,74.31378724379975,242.4,26.15,174.6,SYNTHETIC_DERIVED_FROM_KML_ELEVATION_POINTS
15.312507890899985,74.31403724379975,244.51,25.52,166.7,SYNTHETIC_DERIVED_FROM_KML_ELEVATION_POINTS
15.312507890899985,74.31428724379974,248.3,19.09,165.2,SYNTHETIC_DERIVED_FROM_KML_ELEVATION_POINTS
15.312507890899985,74.31453724379973,249.26,13.04,181.8,SYNTHETIC_DERIVED_FROM_KML_ELEVATION_POINTS
15.312507890899985,74.31478724379973,247.9,9.5,194.0,SYNTHETIC_DERIVED_FROM_KML_ELEVATION_POINTS
15.312507890899985,74.31503724379972,247.08,7.12,189.9,SYNTHETIC_DERIVED_FROM_KML_ELEVATION_POINTS
15.312507890899985,74.31528724379972,246.75,5.56,184.7,SYNTHETIC_DERIVED_FROM_KML_ELEVATION_POINTS
15.312507890899985,74.31553724379971,246.65,4.5,182.0,SYNTHETIC_DERIVED_FROM_KML_ELEVATION_POINTS
15.312507890899985,74.3157872437997,246.6,3.72,181.8,SYNTHETIC_DERIVED_FROM_KML_ELEVATION_POINTS
15.312507890899985,74.3160372437997,246.54,3.16,183.7,SYNTHETIC_DERIVED_FROM_KML_ELEVATION_POINTS
15.312507890899985,74.31628724379969,246.41,2.74,186.9,SYNTHETIC_DERIVED_FROM_KML_ELEVATION_POINTS
15.312507890899985,74.31653724379969,246.23,2.42,190.4,SYNTHETIC_DERIVED_FROM_KML_ELEVATION_POINTS
15.312507890899985,74.31678724379968,246.0,2.17,193.9,SYNTHETIC_DERIVED_FROM_KML_ELEVATION_POINTS
15.312507890899985,74.31703724379967,245.74,2.0,196.5,SYNTHETIC_DERIVED_FROM_KML_ELEVATION_POINTS
15.312507890899985,74.31728724379967,245.47,1.83,198.3,SYNTHETIC_DERIVED_FROM_KML_ELEVATION_POINTS
15.312757890899984,74.3035372438,262.0,1.5,149.2,SYNTHETIC_DERIVED_FROM_KML_ELEVATION_POINTS
15.312757890899984,74.30378724379999,262.36,1.55,150.3,SYNTHETIC_DERIVED_FROM_KML_ELEVATION_POINTS
15.312757890899984,74.30403724379998,262.72,1.59,151.1,SYNTHETIC_DERIVED_FROM_KML_ELEVATION_POINTS
15.312757890899984,74.30428724379998,263.08,1.64,151.6,SYNTHETIC_DERIVED_FROM_KML_ELEVATION_POINTS
15.312757890899984,74.30453724379997,263.45,1.68,152.0,SYNTHETIC_DERIVED_FROM_KML_ELEVATION_POINTS
15.312757890899984,74.30478724379996,263.82,1.71,151.6,SYNTHETIC_DERIVED_FROM_KML_ELEVATION_POINTS
15.312757890899984,74.30503724379996,264.21,1.73,150.9,SYNTHETIC_DERIVED_FROM_KML_ELEVATION_POINTS
15.312757890899984,74.30528724379995,264.61,1.75,150.0,SYNTHETIC_DERIVED_FROM_KML_ELEVATION_POINTS
15.312757890899984,74.30553724379995,265.03,1.75,147.2,SYNTHETIC_DERIVED_FROM_KML_ELEVATION_POINTS
15.312757890899984,74.30578724379994,265.5,1.78,143.1,SYNTHETIC_DERIVED_FROM_KML_ELEVATION_POINTS
15.312757890899984,74.30603724379993,266.03,1.81,137.3,SYNTHETIC_DERIVED_FROM_KML_ELEVATION_POINTS
15.312757890899984,74.30628724379993,266.65,1.88,130.1,SYNTHETIC_DERIVED_FROM_KML_ELEVATION_POINTS
15.312757890899984,74.30653724379992,267.38,2.03,121.8,SYNTHETIC_DERIVED_FROM_KML_ELEVATION_POINTS
15.312757890899984,74.30678724379992,268.27,2.29,113.5,SYNTHETIC_DERIVED_FROM_KML_ELEVATION_POINTS
15.312757890899984,74.30703724379991,269.35,2.64,105.8,SYNTHETIC_DERIVED_FROM_KML_ELEVATION_POINTS
15.312757890899984,74.3072872437999,270.65,3.09,99.8,SYNTHETIC_DERIVED_FROM_KML_ELEVATION_POINTS
15.312757890899984,74.3075372437999,272.21,3.58,95.1,SYNTHETIC_DERIVED_FROM_KML_ELEVATION_POINTS
15.312757890899984,74.3077872437999,274.0,3.99,91.5,SYNTHETIC_DERIVED_FROM_KML_ELEVATION_POINTS
15.312757890899984,74.30803724379989,275.95,4.14,88.3,SYNTHETIC_DERIVED_FROM_KML_ELEVATION_POINTS
15.312757890899984,74.30828724379988,277.88,3.77,84.7,SYNTHETIC_DERIVED_FROM_KML_ELEVATION_POINTS
15.312757890899984,74.30853724379988,279.47,2.6,77.4,SYNTHETIC_DERIVED_FROM_KML_ELEVATION_POINTS
15.312757890899984,74.30878724379987,280.26,0.77,23.5,SYNTHETIC_DERIVED_FROM_KML_ELEVATION_POINTS
15.312757890899984,74.30903724379986,279.76,2.65,285.1,SYNTHETIC_DERIVED_FROM_KML_ELEVATION_POINTS
15.312757890899984,74.30928724379986,277.86,5.06,275.8,SYNTHETIC_DERIVED_FROM_KML_ELEVATION_POINTS
15.312757890899984,74.30953724379985,275.03,6.06,272.9,SYNTHETIC_DERIVED_FROM_KML_ELEVATION_POINTS
15.312757890899984,74.30978724379985,272.17,5.3,274.7,SYNTHETIC_DERIVED_FROM_KML_ELEVATION_POINTS
15.312757890899984,74.31003724379984,270.07,3.59,288.3,SYNTHETIC_DERIVED_FROM_KML_ELEVATION_POINTS
15.312757890899984,74.31028724379983,268.97,2.96,327.6,SYNTHETIC_DERIVED_FROM_KML_ELEVATION_POINTS
15.312757890899984,74.31053724379983,268.58,4.35,349.9,SYNTHETIC_DERIVED_FROM_KML_ELEVATION_POINTS
15.312757890899984,74.31078724379982,268.25,6.15,347.1,SYNTHETIC_DERIVED_FROM_KML_ELEVATION_POINTS
15.312757890899984,74.31103724379982,267.29,7.66,335.2,SYNTHETIC_DERIVED_FROM_KML_ELEVATION_POINTS
15.312757890899984,74.31128724379981,265.22,8.62,320.0,SYNTHETIC_DERIVED_FROM_KML_ELEVATION_POINTS
15.312757890899984,74.3115372437998,262.06,8.81,304.2,SYNTHETIC_DERIVED_FROM_KML_ELEVATION_POINTS
15.312757890899984,74.3117872437998,258.34,8.17,288.3,SYNTHETIC_DERIVED_FROM_KML_ELEVATION_POINTS
15.312757890899984,74.3120372437998,254.74,6.97,270.8,SYNTHETIC_DERIVED_FROM_KML_ELEVATION_POINTS
15.312757890899984,74.31228724379979,251.78,5.78,248.4,SYNTHETIC_DERIVED_FROM_KML_ELEVATION_POINTS
15.312757890899984,74.31253724379978,249.69,5.36,220.2,SYNTHETIC_DERIVED_FROM_KML_ELEVATION_POINTS
15.312757890899984,74.31278724379978,248.53,6.2,194.0,SYNTHETIC_DERIVED_FROM_KML_ELEVATION_POINTS
15.312757890899984,74.31303724379977,248.28,8.14,177.0,SYNTHETIC_DERIVED_FROM_KML_ELEVATION_POINTS
15.312757890899984,74.31328724379976,248.93,10.76,169.2,SYNTHETIC_DERIVED_FROM_KML_ELEVATION_POINTS
15.312757890899984,74.31353724379976,250.2,13.31,170.4,SYNTHETIC_DERIVED_FROM_KML_ELEVATION_POINTS
15.312757890899984,74.31378724379975,251.04,14.3,177.6,SYNTHETIC_DERIVED_FROM_KML_ELEVATION_POINTS
15.312757890899984,74.31403724379975,250.78,9.26,171.0,SYNTHETIC_DERIVED_FROM_KML_ELEVATION_POINTS
15.312757890899984,74.31428724379974,252.41,5.82,159.6,SYNTHETIC_DERIVED_FROM_KML_ELEVATION_POINTS
15.312757890899984,74.31453724379973,252.69,4.52,198.4,SYNTHETIC_DERIVED_FROM_KML_ELEVATION_POINTS
15.312757890899984,74.31478724379973,251.07,5.71,211.4,SYNTHETIC_DERIVED_FROM_KML_ELEVATION_POINTS
15.312757890899984,74.31503724379972,249.89,5.19,203.3,SYNTHETIC_DERIVED_FROM_KML_ELEVATION_POINTS
15.312757890899984,74.31528724379972,249.14,4.46,197.1,SYNTHETIC_DERIVED_FROM_KML_ELEVATION_POINTS
15.312757890899984,74.31553724379971,248.66,3.8,193.8,SYNTHETIC_DERIVED_FROM_KML_ELEVATION_POINTS
15.312757890899984,74.3157872437997,248.29,3.25,192.9,SYNTHETIC_DERIVED_FROM_KML_ELEVATION_POINTS
15.312757890899984,74.3160372437997,247.98,2.81,193.8,SYNTHETIC_DERIVED_FROM_KML_ELEVATION_POINTS
15.312757890899984,74.31628724379969,247.66,2.48,196.5,SYNTHETIC_DERIVED_FROM_KML_ELEVATION_POINTS
15.312757890899984,74.31653724379969,247.32,2.22,199.3,SYNTHETIC_DERIVED_FROM_KML_ELEVATION_POINTS
15.312757890899984,74.31678724379968,246.97,2.02,201.7,SYNTHETIC_DERIVED_FROM_KML_ELEVATION_POINTS
15.312757890899984,74.31703724379967,246.62,1.85,203.7,SYNTHETIC_DERIVED_FROM_KML_ELEVATION_POINTS
15.312757890899984,74.31728724379967,246.27,1.72,205.7,SYNTHETIC_DERIVED_FROM_KML_ELEVATION_POINTS
15.313007890899984,74.3035372438,262.63,1.55,147.5,SYNTHETIC_DERIVED_FROM_KML_ELEVATION_POINTS
15.313007890899984,74.30378724379999,263.02,1.6,149.0,SYNTHETIC_DERIVED_FROM_KML_ELEVATION_POINTS
15.313007890899984,74.30403724379998,263.4,1.65,150.1,SYNTHETIC_DERIVED_FROM_KML_ELEVATION_POINTS
15.313007890899984,74.30428724379998,263.79,1.7,150.7,SYNTHETIC_DERIVED_FROM_KML_ELEVATION_POINTS
15.313007890899984,74.30453724379997,264.18,1.73,151.7,SYNTHETIC_DERIVED_FROM_KML_ELEVATION_POINTS
15.313007890899984,74.30478724379996,264.56,1.77,152.3,SYNTHETIC_DERIVED_FROM_KML_ELEVATION_POINTS
15.313007890899984,74.30503724379996,264.95,1.79,151.8,SYNTHETIC_DERIVED_FROM_KML_ELEVATION_POINTS
15.313007890899984,74.30528724379995,265.35,1.78,151.4,SYNTHETIC_DERIVED_FROM_KML_ELEVATION_POINTS
15.313007890899984,74.30553724379995,265.75,1.77,149.5,SYNTHETIC_DERIVED_FROM_KML_ELEVATION_POINTS
15.313007890899984,74.30578724379994,266.19,1.75,145.9,SYNTHETIC_DERIVED_FROM_KML_ELEVATION_POINTS
15.313007890899984,74.30603724379993,266.67,1.72,140.4,SYNTHETIC_DERIVED_FROM_KML_ELEVATION_POINTS
15.313007890899984,74.30628724379993,267.22,1.72,132.5,SYNTHETIC_DERIVED_FROM_KML_ELEVATION_POINTS
15.313007890899984,74.30653724379992,267.86,1.8,122.1,SYNTHETIC_DERIVED_FROM_KML_ELEVATION_POINTS
15.313007890899984,74.30678724379992,268.65,1.98,110.7,SYNTHETIC_DERIVED_FROM_KML_ELEVATION_POINTS
15.313007890899984,74.30703724379991,269.6,2.29,99.8,SYNTHETIC_DERIVED_FROM_KML_ELEVATION_POINTS
15.313007890899984,74.3072872437999,270.77,2.73,90.6,SYNTHETIC_DERIVED_FROM_KML_ELEVATION_POINTS
15.313007890899984,74.3075372437999,272.16,3.22,83.0,SYNTHETIC_DERIVED_FROM_KML_ELEVATION_POINTS
15.313007890899984,74.3077872437999,273.77,3.69,76.3,SYNTHETIC_DERIVED_FROM_KML_ELEVATION_POINTS
15.313007890899984,74.30803724379989,275.52,3.96,68.9,SYNTHETIC_DERIVED_FROM_KML_ELEVATION_POINTS
15.313007890899984,74.30828724379988,277.24,3.87,58.4,SYNTHETIC_DERIVED_FROM_KML_ELEVATION_POINTS
15.313007890899984,74.30853724379988,278.61,3.36,39.1,SYNTHETIC_DERIVED_FROM_KML_ELEVATION_POINTS
15.313007890899984,74.30878724379987,279.23,3.05,2.2,SYNTHETIC_DERIVED_FROM_KML_ELEVATION_POINTS
15.313007890899984,74.30903724379986,278.72,3.91,322.2,SYNTHETIC_DERIVED_FROM_KML_ELEVATION_POINTS
15.313007890899984,74.30928724379986,276.98,5.34,300.4,SYNTHETIC_DERIVED_FROM_KML_ELEVATION_POINTS
15.313007890899984,74.30953724379985,274.39,6.03,290.0,SYNTHETIC_DERIVED_FROM_KML_ELEVATION_POINTS
15.313007890899984,74.30978724379985,271.65,5.57,286.7,SYNTHETIC_DERIVED_FROM_KML_ELEVATION_POINTS
15.313007890899984,74.31003724379984,269.38,4.45,292.4,SYNTHETIC_DERIVED_FROM_KML_ELEVATION_POINTS
15.313007890899984,74.31028724379983,267.79,3.72,309.9,SYNTHETIC_DERIVED_FROM_KML_ELEVATION_POINTS
15.313007890899984,74.31053724379983,266.7,4.1,327.4,SYNTHETIC_DERIVED_FROM_KML_ELEVATION_POINTS
15.313007890899984,74.31078724379982,265.72,5.09,331.4,SYNTHETIC_DERIVED_FROM_KML_ELEVATION_POINTS
15.313007890899984,74.31103724379982,264.41,6.02,325.5,SYNTHETIC_DERIVED_FROM_KML_ELEVATION_POINTS
15.313007890899984,74.31128724379981,262.51,6.52,314.7,SYNTHETIC_DERIVED_FROM_KML_ELEVATION_POINTS
15.313007890899984,74.3115372437998,260.05,6.45,301.3,SYNTHETIC_DERIVED_FROM_KML_ELEVATION_POINTS
15.313007890899984,74.3117872437998,257.33,5.82,285.9,SYNTHETIC_DERIVED_FROM_KML_ELEVATION_POINTS
15.313007890899984,74.3120372437998,254.79,4.84,266.7,SYNTHETIC_DERIVED_FROM_KML_ELEVATION_POINTS
15.313007890899984,74.31228724379979,252.79,3.98,240.5,SYNTHETIC_DERIVED_FROM_KML_ELEVATION_POINTS
15.313007890899984,74.31253724379978,251.54,3.82,207.4,SYNTHETIC_DERIVED_FROM_KML_ELEVATION_POINTS
15.313007890899984,74.31278724379978,251.14,4.6,178.8,SYNTHETIC_DERIVED_FROM_KML_ELEVATION_POINTS
15.313007890899984,74.31303724379977,251.63,5.96,160.5,SYNTHETIC_DERIVED_FROM_KML_ELEVATION_POINTS
15.313007890899984,74.31328724379976,253.01,7.35,150.6,SYNTHETIC_DERIVED_FROM_KML_ELEVATION_POINTS
15.313007890899984,74.31353724379976,255.03,7.98,151.8,SYNTHETIC_DERIVED_FROM_KML_ELEVATION_POINTS
15.313007890899984,74.31378724379975,256.57,7.97,192.0,SYNTHETIC_DERIVED_FROM_KML_ELEVATION_POINTS
15.313007890899984,74.31403724379975,253.47,11.95,195.0,SYNTHETIC_DERIVED_FROM_KML_ELEVATION_POINTS
15.313007890899984,74.31428724379974,253.62,5.32,180.3,SYNTHETIC_DERIVED_FROM_KML_ELEVATION_POINTS
15.313007890899984,74.31453724379973,253.44,2.84,201.4,SYNTHETIC_DERIVED_FROM_KML_ELEVATION_POINTS
15.313007890899984,74.31478724379973,252.65,3.54,211.2,SYNTHETIC_DERIVED_FROM_KML_ELEVATION_POINTS
15.313007890899984,74.31503724379972,251.72,3.74,209.9,SYNTHETIC_DERIVED_FROM_KML_ELEVATION_POINTS
15.313007890899984,74.31528724379972,250.9,3.5,206.8,SYNTHETIC_DERIVED_FROM_KML_ELEVATION_POINTS
15.313007890899984,74.31553724379971,250.24,3.13,204.5,SYNTHETIC_DERIVED_FROM_KML_ELEVATION_POINTS
15.313007890899984,74.3157872437997,249.68,2.79,203.7,SYNTHETIC_DERIVED_FROM_KML_ELEVATION_POINTS
15.313007890899984,74.3160372437997,249.19,2.47,204.5,SYNTHETIC_DERIVED_FROM_KML_ELEVATION_POINTS
15.313007890899984,74.31628724379969,248.72,2.22,206.3,SYNTHETIC_DERIVED_FROM_KML_ELEVATION_POINTS
15.313007890899984,74.31653724379969,248.27,2.03,208.2,SYNTHETIC_DERIVED_FROM_KML_ELEVATION_POINTS
15.313007890899984,74.31678724379968,247.82,1.87,210.2,SYNTHETIC_DERIVED_FROM_KML_ELEVATION_POINTS
15.313007890899984,74.31703724379967,247.39,1.73,211.2,SYNTHETIC_DERIVED_FROM_KML_ELEVATION_POINTS
15.313007890899984,74.31728724379967,246.98,1.62,212.6,SYNTHETIC_DERIVED_FROM_KML_ELEVATION_POINTS
15.313257890899983,74.3035372438,263.27,1.6,146.0,SYNTHETIC_DERIVED_FROM_KML_ELEVATION_POINTS
15.313257890899983,74.30378724379999,263.69,1.66,147.4,SYNTHETIC_DERIVED_FROM_KML_ELEVATION_POINTS
15.313257890899983,74.30403724379998,264.11,1.72,149.0,SYNTHETIC_DERIVED_FROM_KML_ELEVATION_POINTS
15.313257890899983,74.30428724379998,264.52,1.77,150.3,SYNTHETIC_DERIVED_FROM_KML_ELEVATION_POINTS
15.313257890899983,74.30453724379997,264.93,1.82,151.3,SYNTHETIC_DERIVED_FROM_KML_ELEVATION_POINTS
15.313257890899983,74.30478724379996,265.34,1.86,152.3,SYNTHETIC_DERIVED_FROM_KML_ELEVATION_POINTS
15.313257890899983,74.30503724379996,265.74,1.87,153.2,SYNTHETIC_DERIVED_FROM_KML_ELEVATION_POINTS
15.313257890899983,74.30528724379995,266.13,1.86,153.8,SYNTHETIC_DERIVED_FROM_KML_ELEVATION_POINTS
15.313257890899983,74.30553724379995,266.51,1.84,153.0,SYNTHETIC_DERIVED_FROM_KML_ELEVATION_POINTS
15.313257890899983,74.30578724379994,266.91,1.77,150.8,SYNTHETIC_DERIVED_FROM_KML_ELEVATION_POINTS
15.313257890899983,74.30603724379993,267.32,1.69,146.6,SYNTHETIC_DERIVED_FROM_KML_ELEVATION_POINTS
15.313257890899983,74.30628724379993,267.78,1.61,139.0,SYNTHETIC_DERIVED_FROM_KML_ELEVATION_POINTS
15.313257890899983,74.30653724379992,268.31,1.58,127.8,SYNTHETIC_DERIVED_FROM_KML_ELEVATION_POINTS
15.313257890899983,74.30678724379992,268.95,1.64,112.5,SYNTHETIC_DERIVED_FROM_KML_ELEVATION_POINTS
15.313257890899983,74.30703724379991,269.73,1.86,97.0,SYNTHETIC_DERIVED_FROM_KML_ELEVATION_POINTS
15.313257890899983,74.3072872437999,270.68,2.26,83.2,SYNTHETIC_DERIVED_FROM_KML_ELEVATION_POINTS
15.313257890899983,74.3075372437999,271.83,2.76,72.4,SYNTHETIC_DERIVED_FROM_KML_ELEVATION_POINTS
15.313257890899983,74.3077872437999,273.15,3.27,62.7,SYNTHETIC_DERIVED_FROM_KML_ELEVATION_POINTS
15.313257890899983,74.30803724379989,274.56,3.7,52.6,SYNTHETIC_DERIVED_FROM_KML_ELEVATION_POINTS
15.313257890899983,74.30828724379988,275.91,3.98,39.4,SYNTHETIC_DERIVED_FROM_KML_ELEVATION_POINTS
15.313257890899983,74.30853724379988,276.93,4.1,21.2,SYNTHETIC_DERIVED_FROM_KML_ELEVATION_POINTS
15.313257890899983,74.30878724379987,277.3,4.34,357.5,SYNTHETIC_DERIVED_FROM_KML_ELEVATION_POINTS
15.313257890899983,74.30903724379986,276.75,4.93,333.4,SYNTHETIC_DERIVED_FROM_KML_ELEVATION_POINTS
15.313257890899983,74.30928724379986,275.23,5.59,314.8,SYNTHETIC_DERIVED_FROM_KML_ELEVATION_POINTS
15.313257890899983,74.30953724379985,273.02,5.84,302.7,SYNTHETIC_DERIVED_FROM_KML_ELEVATION_POINTS
15.313257890899983,74.30978724379985,270.61,5.47,296.4,SYNTHETIC_DERIVED_FROM_KML_ELEVATION_POINTS
15.313257890899983,74.31003724379984,268.42,4.72,296.8,SYNTHETIC_DERIVED_FROM_KML_ELEVATION_POINTS
15.313257890899983,74.31028724379983,266.65,4.11,304.0,SYNTHETIC_DERIVED_FROM_KML_ELEVATION_POINTS
15.313257890899983,74.31053724379983,265.22,4.03,313.3,SYNTHETIC_DERIVED_FROM_KML_ELEVATION_POINTS
15.313257890899983,74.31078724379982,263.9,4.37,317.6,SYNTHETIC_DERIVED_FROM_KML_ELEVATION_POINTS
15.313257890899983,74.31103724379982,262.45,4.76,315.0,SYNTHETIC_DERIVED_FROM_KML_ELEVATION_POINTS
15.313257890899983,74.31128724379981,260.74,4.9,307.4,SYNTHETIC_DERIVED_FROM_KML_ELEVATION_POINTS
15.313257890899983,74.3115372437998,258.79,4.69,296.1,SYNTHETIC_DERIVED_FROM_KML_ELEVATION_POINTS
15.313257890899983,74.3117872437998,256.79,4.11,281.4,SYNTHETIC_DERIVED_FROM_KML_ELEVATION_POINTS
15.313257890899983,74.3120372437998,255.01,3.34,261.3,SYNTHETIC_DERIVED_FROM_KML_ELEVATION_POINTS
15.313257890899983,74.31228724379979,253.69,2.72,232.3,SYNTHETIC_DERIVED_FROM_KML_ELEVATION_POINTS
15.313257890899983,74.31253724379978,252.99,2.67,195.7,SYNTHETIC_DERIVED_FROM_KML_ELEVATION_POINTS
15.313257890899983,74.31278724379978,253.01,3.27,165.5,SYNTHETIC_DERIVED_FROM_KML_ELEVATION_POINTS
15.313257890899983,74.31303724379977,253.76,4.13,145.8,SYNTHETIC_DERIVED_FROM_KML_ELEVATION_POINTS
15.313257890899983,74.31328724379976,255.19,4.75,132.1,SYNTHETIC_DERIVED_FROM_KML_ELEVATION_POINTS
15.313257890899983,74.31353724379976,257.07,4.47,124.1,SYNTHETIC_DERIVED_FROM_KML_ELEVATION_POINTS
15.313257890899983,74.31378724379975,258.66,5.86,112.5,SYNTHETIC_DERIVED_FROM_KML_ELEVATION_POINTS
15.313257890899983,74.31403724379975,262.16,6.2,190.6,SYNTHETIC_DERIVED_FROM_KML_ELEVATION_POINTS
15.313257890899983,74.31428724379974,257.59,8.6,238.2,SYNTHETIC_DERIVED_FROM_KML_ELEVATION_POINTS
15.313257890899983,74.31453724379973,255.26,4.8,232.3,SYNTHETIC_DERIVED_FROM_KML_ELEVATION_POINTS
15.313257890899983,74.31478724379973,254.02,3.37,224.5,SYNTHETIC_DERIVED_FROM_KML_ELEVATION_POINTS
15.313257890899983,74.31503724379972,253.04,3.03,220.4,SYNTHETIC_DERIVED_FROM_KML_ELEVATION_POINTS
15.313257890899983,74.31528724379972,252.18,2.82,217.4,SYNTHETIC_DERIVED_FROM_KML_ELEVATION_POINTS
15.313257890899983,74.31553724379971,251.43,2.59,215.5,SYNTHETIC_DERIVED_FROM_KML_ELEVATION_POINTS
15.313257890899983,74.3157872437997,250.77,2.37,214.9,SYNTHETIC_DERIVED_FROM_KML_ELEVATION_POINTS
15.313257890899983,74.3160372437997,250.16,2.16,215.6,SYNTHETIC_DERIVED_FROM_KML_ELEVATION_POINTS
15.313257890899983,74.31628724379969,249.59,1.99,216.2,SYNTHETIC_DERIVED_FROM_KML_ELEVATION_POINTS
15.313257890899983,74.31653724379969,249.06,1.84,217.5,SYNTHETIC_DERIVED_FROM_KML_ELEVATION_POINTS
15.313257890899983,74.31678724379968,248.54,1.72,218.4,SYNTHETIC_DERIVED_FROM_KML_ELEVATION_POINTS
15.313257890899983,74.31703724379967,248.06,1.62,218.4,SYNTHETIC_DERIVED_FROM_KML_ELEVATION_POINTS
15.313257890899983,74.31728724379967,247.6,1.54,219.7,SYNTHETIC_DERIVED_FROM_KML_ELEVATION_POINTS
15.313507890899983,74.3035372438,263.92,1.67,143.9,SYNTHETIC_DERIVED_FROM_KML_ELEVATION_POINTS
15.313507890899983,74.30378724379999,264.38,1.73,145.8,SYNTHETIC_DERIVED_FROM_KML_ELEVATION_POINTS
15.313507890899983,74.30403724379998,264.83,1.79,147.6,SYNTHETIC_DERIVED_FROM_KML_ELEVATION_POINTS
15.313507890899983,74.30428724379998,265.28,1.87,149.1,SYNTHETIC_DERIVED_FROM_KML_ELEVATION_POINTS
15.313507890899983,74.30453724379997,265.73,1.92,150.8,SYNTHETIC_DERIVED_FROM_KML_ELEVATION_POINTS
15.313507890899983,74.30478724379996,266.16,1.96,152.7,SYNTHETIC_DERIVED_FROM_KML_ELEVATION_POINTS
15.313507890899983,74.30503724379996,266.57,1.99,154.2,SYNTHETIC_DERIVED_FROM_KML_ELEVATION_POINTS
15.313507890899983,74.30528724379995,266.97,1.99,155.6,SYNTHETIC_DERIVED_FROM_KML_ELEVATION_POINTS
15.313507890899983,74.30553724379995,267.34,1.96,156.9,SYNTHETIC_DERIVED_FROM_KML_ELEVATION_POINTS
15.313507890899983,74.30578724379994,267.69,1.88,156.6,SYNTHETIC_DERIVED_FROM_KML_ELEVATION_POINTS
15.313507890899983,74.30603724379993,268.04,1.78,154.7,SYNTHETIC_DERIVED_FROM_KML_ELEVATION_POINTS
15.313507890899983,74.30628724379993,268.4,1.62,149.9,SYNTHETIC_DERIVED_FROM_KML_ELEVATION_POINTS
15.313507890899983,74.30653724379992,268.8,1.45,140.7,SYNTHETIC_DERIVED_FROM_KML_ELEVATION_POINTS
15.313507890899983,74.30678724379992,269.26,1.32,124.2,SYNTHETIC_DERIVED_FROM_KML_ELEVATION_POINTS
15.313507890899983,74.30703724379991,269.82,1.36,101.3,SYNTHETIC_DERIVED_FROM_KML_ELEVATION_POINTS
15.313507890899983,74.3072872437999,270.51,1.66,80.0,SYNTHETIC_DERIVED_FROM_KML_ELEVATION_POINTS
15.313507890899983,74.3075372437999,271.35,2.15,63.5,SYNTHETIC_DERIVED_FROM_KML_ELEVATION_POINTS
15.313507890899983,74.3077872437999,272.31,2.72,51.0,SYNTHETIC_DERIVED_FROM_KML_ELEVATION_POINTS
15.313507890899983,74.30803724379989,273.33,3.27,39.3,SYNTHETIC_DERIVED_FROM_KML_ELEVATION_POINTS
15.313507890899983,74.30828724379988,274.25,3.77,26.2,SYNTHETIC_DERIVED_FROM_KML_ELEVATION_POINTS
15.313507890899983,74.30853724379988,274.89,4.21,11.1,SYNTHETIC_DERIVED_FROM_KML_ELEVATION_POINTS
15.313507890899983,74.30878724379987,275.01,4.64,353.9,SYNTHETIC_DERIVED_FROM_KML_ELEVATION_POINTS
15.313507890899983,74.30903724379986,274.43,5.07,336.9,SYNTHETIC_DERIVED_FROM_KML_ELEVATION_POINTS
15.313507890899983,74.30928724379986,273.14,5.39,322.1,SYNTHETIC_DERIVED_FROM_KML_ELEVATION_POINTS
15.313507890899983,74.30953724379985,271.32,5.41,310.6,SYNTHETIC_DERIVED_FROM_KML_ELEVATION_POINTS
15.313507890899983,74.30978724379985,269.28,5.11,303.3,SYNTHETIC_DERIVED_FROM_KML_ELEVATION_POINTS
15.313507890899983,74.31003724379984,267.31,4.61,300.4,SYNTHETIC_DERIVED_FROM_KML_ELEVATION_POINTS
15.313507890899983,74.31028724379983,265.55,4.14,301.9,SYNTHETIC_DERIVED_FROM_KML_ELEVATION_POINTS
15.313507890899983,74.31053724379983,264.01,3.9,305.7,SYNTHETIC_DERIVED_FROM_KML_ELEVATION_POINTS
15.313507890899983,74.31078724379982,262.58,3.87,307.6,SYNTHETIC_DERIVED_FROM_KML_ELEVATION_POINTS
15.313507890899983,74.31103724379982,261.13,3.9,305.8,SYNTHETIC_DERIVED_FROM_KML_ELEVATION_POINTS
15.313507890899983,74.31128724379981,259.61,3.8,300.0,SYNTHETIC_DERIVED_FROM_KML_ELEVATION_POINTS
15.313507890899983,74.3115372437998,258.04,3.49,290.5,SYNTHETIC_DERIVED_FROM_KML_ELEVATION_POINTS
15.313507890899983,74.3117872437998,256.54,2.96,276.8,SYNTHETIC_DERIVED_FROM_KML_ELEVATION_POINTS
15.313507890899983,74.3120372437998,255.28,2.33,257.0,SYNTHETIC_DERIVED_FROM_KML_ELEVATION_POINTS
15.313507890899983,74.31228724379979,254.41,1.84,226.0,SYNTHETIC_DERIVED_FROM_KML_ELEVATION_POINTS
15.313507890899983,74.31253724379978,254.04,1.81,186.4,SYNTHETIC_DERIVED_FROM_KML_ELEVATION_POINTS
15.313507890899983,74.31278724379978,254.22,2.22,154.1,SYNTHETIC_DERIVED_FROM_KML_ELEVATION_POINTS
15.313507890899983,74.31303724379977,254.95,2.72,132.1,SYNTHETIC_DERIVED_FROM_KML_ELEVATION_POINTS
15.313507890899983,74.31328724379976,256.11,2.94,114.1,SYNTHETIC_DERIVED_FROM_KML_ELEVATION_POINTS
15.313507890899983,74.31353724379976,257.47,2.83,94.0,SYNTHETIC_DERIVED_FROM_KML_ELEVATION_POINTS
15.313507890899983,74.31378724379975,258.76,2.19,71.1,SYNTHETIC_DERIVED_FROM_KML_ELEVATION_POINTS
15.313507890899983,74.31403724379975,259.41,4.23,349.7,SYNTHETIC_DERIVED_FROM_KML_ELEVATION_POINTS
15.313507890899983,74.31428724379974,258.05,3.32,271.6,SYNTHETIC_DERIVED_FROM_KML_ELEVATION_POINTS
15.313507890899983,74.31453724379973,256.3,3.49,249.1,SYNTHETIC_DERIVED_FROM_KML_ELEVATION_POINTS
15.313507890899983,74.31478724379973,254.99,2.89,239.8,SYNTHETIC_DERIVED_FROM_KML_ELEVATION_POINTS
15.313507890899983,74.31503724379972,253.96,2.52,233.8,SYNTHETIC_DERIVED_FROM_KML_ELEVATION_POINTS
15.313507890899983,74.31528724379972,253.08,2.33,229.9,SYNTHETIC_DERIVED_FROM_KML_ELEVATION_POINTS
15.313507890899983,74.31553724379971,252.29,2.17,227.8,SYNTHETIC_DERIVED_FROM_KML_ELEVATION_POINTS
15.313507890899983,74.3157872437997,251.57,2.03,226.9,SYNTHETIC_DERIVED_FROM_KML_ELEVATION_POINTS
15.313507890899983,74.3160372437997,250.9,1.9,226.5,SYNTHETIC_DERIVED_FROM_KML_ELEVATION_POINTS
15.313507890899983,74.31628724379969,250.28,1.79,226.3,SYNTHETIC_DERIVED_FROM_KML_ELEVATION_POINTS
15.313507890899983,74.31653724379969,249.69,1.68,226.8,SYNTHETIC_DERIVED_FROM_KML_ELEVATION_POINTS
15.313507890899983,74.31678724379968,249.13,1.59,226.0,SYNTHETIC_DERIVED_FROM_KML_ELEVATION_POINTS
15.313507890899983,74.31703724379967,248.62,1.49,225.8,SYNTHETIC_DERIVED_FROM_KML_ELEVATION_POINTS
15.313507890899983,74.31728724379967,248.13,1.45,226.0,SYNTHETIC_DERIVED_FROM_KML_ELEVATION_POINTS
15.313757890899982,74.3035372438,264.58,1.73,141.9,SYNTHETIC_DERIVED_FROM_KML_ELEVATION_POINTS
15.313757890899982,74.30378724379999,265.08,1.8,143.7,SYNTHETIC_DERIVED_FROM_KML_ELEVATION_POINTS
15.313757890899982,74.30403724379998,265.58,1.88,145.5,SYNTHETIC_DERIVED_FROM_KML_ELEVATION_POINTS
15.313757890899982,74.30428724379998,266.08,1.97,147.9,SYNTHETIC_DERIVED_FROM_KML_ELEVATION_POINTS
15.313757890899982,74.30453724379997,266.56,2.03,150.1,SYNTHETIC_DERIVED_FROM_KML_ELEVATION_POINTS
15.313757890899982,74.30478724379996,267.03,2.11,152.2,SYNTHETIC_DERIVED_FROM_KML_ELEVATION_POINTS
15.313757890899982,74.30503724379996,267.48,2.15,154.7,SYNTHETIC_DERIVED_FROM_KML_ELEVATION_POINTS
15.313757890899982,74.30528724379995,267.89,2.16,157.4,SYNTHETIC_DERIVED_FROM_KML_ELEVATION_POINTS
15.313757890899982,74.30553724379995,268.26,2.15,159.7,SYNTHETIC_DERIVED_FROM_KML_ELEVATION_POINTS
15.313757890899982,74.30578724379994,268.59,2.1,161.7,SYNTHETIC_DERIVED_FROM_KML_ELEVATION_POINTS
15.313757890899982,74.30603724379993,268.88,1.98,162.8,SYNTHETIC_DERIVED_FROM_KML_ELEVATION_POINTS
15.313757890899982,74.30628724379993,269.14,1.8,162.0,SYNTHETIC_DERIVED_FROM_KML_ELEVATION_POINTS
15.313757890899982,74.30653724379992,269.4,1.53,158.3,SYNTHETIC_DERIVED_FROM_KML_ELEVATION_POINTS
15.313757890899982,74.30678724379992,269.67,1.22,148.8,SYNTHETIC_DERIVED_FROM_KML_ELEVATION_POINTS
15.313757890899982,74.30703724379991,269.99,0.96,125.5,SYNTHETIC_DERIVED_FROM_KML_ELEVATION_POINTS
15.313757890899982,74.3072872437999,270.4,0.97,87.6,SYNTHETIC_DERIVED_FROM_KML_ELEVATION_POINTS
15.313757890899982,74.3075372437999,270.9,1.37,57.9,SYNTHETIC_DERIVED_FROM_KML_ELEVATION_POINTS
15.313757890899982,74.3077872437999,271.49,1.97,40.4,SYNTHETIC_DERIVED_FROM_KML_ELEVATION_POINTS
15.313757890899982,74.30803724379989,272.1,2.61,27.5,SYNTHETIC_DERIVED_FROM_KML_ELEVATION_POINTS
15.313757890899982,74.30828724379988,272.62,3.21,15.6,SYNTHETIC_DERIVED_FROM_KML_ELEVATION_POINTS
15.313757890899982,74.30853724379988,272.91,3.78,3.1,SYNTHETIC_DERIVED_FROM_KML_ELEVATION_POINTS
15.313757890899982,74.30878724379987,272.81,4.25,349.9,SYNTHETIC_DERIVED_FROM_KML_ELEVATION_POINTS
15.313757890899982,74.30903724379986,272.21,4.62,336.6,SYNTHETIC_DERIVED_FROM_KML_ELEVATION_POINTS
15.313757890899982,74.30928724379986,271.09,4.82,324.7,SYNTHETIC_DERIVED_FROM_KML_ELEVATION_POINTS
15.313757890899982,74.30953724379985,269.59,4.81,314.8,SYNTHETIC_DERIVED_FROM_KML_ELEVATION_POINTS
15.313757890899982,74.30978724379985,267.88,4.6,307.2,SYNTHETIC_DERIVED_FROM_KML_ELEVATION_POINTS
15.313757890899982,74.31003724379984,266.15,4.26,302.9,SYNTHETIC_DERIVED_FROM_KML_ELEVATION_POINTS
15.313757890899982,74.31028724379983,264.52,3.91,301.2,SYNTHETIC_DERIVED_FROM_KML_ELEVATION_POINTS
15.313757890899982,74.31053724379983,263.01,3.64,301.2,SYNTHETIC_DERIVED_FROM_KML_ELEVATION_POINTS
15.313757890899982,74.31078724379982,261.6,3.46,301.0,SYNTHETIC_DERIVED_FROM_KML_ELEVATION_POINTS
15.313757890899982,74.31103724379982,260.23,3.29,298.6,SYNTHETIC_DERIVED_FROM_KML_ELEVATION_POINTS
15.313757890899982,74.31128724379981,258.89,3.06,293.6,SYNTHETIC_DERIVED_FROM_KML_ELEVATION_POINTS
15.313757890899982,74.3115372437998,257.6,2.7,285.5,SYNTHETIC_DERIVED_FROM_KML_ELEVATION_POINTS
15.313757890899982,74.3117872437998,256.45,2.22,273.2,SYNTHETIC_DERIVED_FROM_KML_ELEVATION_POINTS
15.313757890899982,74.3120372437998,255.52,1.68,254.7,SYNTHETIC_DERIVED_FROM_KML_ELEVATION_POINTS
15.313757890899982,74.31228724379979,254.93,1.22,222.9,SYNTHETIC_DERIVED_FROM_KML_ELEVATION_POINTS
15.313757890899982,74.31253724379978,254.74,1.15,178.9,SYNTHETIC_DERIVED_FROM_KML_ELEVATION_POINTS
15.313757890899982,74.31278724379978,254.95,1.42,143.6,SYNTHETIC_DERIVED_FROM_KML_ELEVATION_POINTS
15.313757890899982,74.31303724379977,255.53,1.71,118.4,SYNTHETIC_DERIVED_FROM_KML_ELEVATION_POINTS
15.313757890899982,74.31328724379976,256.36,1.86,96.4,SYNTHETIC_DERIVED_FROM_KML_ELEVATION_POINTS
15.313757890899982,74.31353724379976,257.26,1.83,70.2,SYNTHETIC_DERIVED_FROM_KML_ELEVATION_POINTS
15.313757890899982,74.31378724379975,257.97,1.8,30.3,SYNTHETIC_DERIVED_FROM_KML_ELEVATION_POINTS
15.313757890899982,74.31403724379975,258.11,2.24,347.1,SYNTHETIC_DERIVED_FROM_KML_ELEVATION_POINTS
15.313757890899982,74.31428724379974,257.5,2.1,303.6,SYNTHETIC_DERIVED_FROM_KML_ELEVATION_POINTS
15.313757890899982,74.31453724379973,256.47,2.21,271.1,SYNTHETIC_DERIVED_FROM_KML_ELEVATION_POINTS
15.313757890899982,74.31478724379973,255.43,2.17,256.6,SYNTHETIC_DERIVED_FROM_KML_ELEVATION_POINTS
15.313757890899982,74.31503724379972,254.49,2.05,248.8,SYNTHETIC_DERIVED_FROM_KML_ELEVATION_POINTS
15.313757890899982,74.31528724379972,253.64,1.95,244.0,SYNTHETIC_DERIVED_FROM_KML_ELEVATION_POINTS
15.313757890899982,74.31553724379971,252.85,1.86,240.8,SYNTHETIC_DERIVED_FROM_KML_ELEVATION_POINTS
15.313757890899982,74.3157872437997,252.12,1.77,238.8,SYNTHETIC_DERIVED_FROM_KML_ELEVATION_POINTS
15.313757890899982,74.3160372437997,251.43,1.69,237.2,SYNTHETIC_DERIVED_FROM_KML_ELEVATION_POINTS
15.313757890899982,74.31628724379969,250.79,1.61,236.1,SYNTHETIC_DERIVED_FROM_KML_ELEVATION_POINTS
15.313757890899982,74.31653724379969,250.18,1.53,235.2,SYNTHETIC_DERIVED_FROM_KML_ELEVATION_POINTS
15.313757890899982,74.31678724379968,249.61,1.47,233.9,SYNTHETIC_DERIVED_FROM_KML_ELEVATION_POINTS
15.313757890899982,74.31703724379967,249.07,1.39,232.5,SYNTHETIC_DERIVED_FROM_KML_ELEVATION_POINTS
15.313757890899982,74.31728724379967,248.58,1.34,231.4,SYNTHETIC_DERIVED_FROM_KML_ELEVATION_POINTS
15.314007890899981,74.3035372438,265.24,1.8,139.2,SYNTHETIC_DERIVED_FROM_KML_ELEVATION_POINTS
15.314007890899981,74.30378724379999,265.79,1.88,141.4,SYNTHETIC_DERIVED_FROM_KML_ELEVATION_POINTS
15.314007890899981,74.30403724379998,266.34,1.99,143.4,SYNTHETIC_DERIVED_FROM_KML_ELEVATION_POINTS
15.314007890899981,74.30428724379998,266.9,2.08,145.7,SYNTHETIC_DERIVED_FROM_KML_ELEVATION_POINTS
15.314007890899981,74.30453724379997,267.44,2.18,148.4,SYNTHETIC_DERIVED_FROM_KML_ELEVATION_POINTS
15.314007890899981,74.30478724379996,267.97,2.26,151.3,SYNTHETIC_DERIVED_FROM_KML_ELEVATION_POINTS
15.314007890899981,74.30503724379996,268.46,2.33,154.5,SYNTHETIC_DERIVED_FROM_KML_ELEVATION_POINTS
15.314007890899981,74.30528724379995,268.91,2.38,157.9,SYNTHETIC_DERIVED_FROM_KML_ELEVATION_POINTS
15.314007890899981,74.30553724379995,269.3,2.41,161.4,SYNTHETIC_DERIVED_FROM_KML_ELEVATION_POINTS
15.314007890899981,74.30578724379994,269.63,2.39,165.0,SYNTHETIC_DERIVED_FROM_KML_ELEVATION_POINTS
15.314007890899981,74.30603724379993,269.88,2.31,168.5,SYNTHETIC_DERIVED_FROM_KML_ELEVATION_POINTS
15.314007890899981,74.30628724379993,270.06,2.15,171.5,SYNTHETIC_DERIVED_FROM_KML_ELEVATION_POINTS
15.314007890899981,74.30653724379992,270.18,1.89,173.2,SYNTHETIC_DERIVED_FROM_KML_ELEVATION_POINTS
15.314007890899981,74.30678724379992,270.27,1.52,172.8,SYNTHETIC_DERIVED_FROM_KML_ELEVATION_POINTS
15.314007890899981,74.30703724379991,270.36,1.06,168.4,SYNTHETIC_DERIVED_FROM_KML_ELEVATION_POINTS
15.314007890899981,74.3072872437999,270.47,0.53,146.0,SYNTHETIC_DERIVED_FROM_KML_ELEVATION_POINTS
15.314007890899981,74.3075372437999,270.64,0.47,59.7,SYNTHETIC_DERIVED_FROM_KML_ELEVATION_POINTS
15.314007890899981,74.3077872437999,270.85,1.09,25.4,SYNTHETIC_DERIVED_FROM_KML_ELEVATION_POINTS
15.314007890899981,74.30803724379989,271.08,1.8,13.4,SYNTHETIC_DERIVED_FROM_KML_ELEVATION_POINTS
15.314007890899981,74.30828724379988,271.24,2.46,3.5,SYNTHETIC_DERIVED_FROM_KML_ELEVATION_POINTS
15.314007890899981,74.30853724379988,271.22,3.07,354.0,SYNTHETIC_DERIVED_FROM_KML_ELEVATION_POINTS
15.314007890899981,74.30878724379987,270.94,3.56,344.0,SYNTHETIC_DERIVED_FROM_KML_ELEVATION_POINTS
15.314007890899981,74.30903724379986,270.3,3.92,333.7,SYNTHETIC_DERIVED_FROM_KML_ELEVATION_POINTS
15.314007890899981,74.30928724379986,269.31,4.11,323.8,SYNTHETIC_DERIVED_FROM_KML_ELEVATION_POINTS
15.314007890899981,74.30953724379985,268.02,4.15,315.3,SYNTHETIC_DERIVED_FROM_KML_ELEVATION_POINTS
15.314007890899981,74.30978724379985,266.57,4.03,308.5,SYNTHETIC_DERIVED_FROM_KML_ELEVATION_POINTS
15.314007890899981,74.31003724379984,265.06,3.82,303.5,SYNTHETIC_DERIVED_FROM_KML_ELEVATION_POINTS
15.314007890899981,74.31028724379983,263.58,3.56,300.4,SYNTHETIC_DERIVED_FROM_KML_ELEVATION_POINTS
15.314007890899981,74.31053724379983,262.18,3.3,298.2,SYNTHETIC_DERIVED_FROM_KML_ELEVATION_POINTS
15.314007890899981,74.31078724379982,260.85,3.07,296.4,SYNTHETIC_DERIVED_FROM_KML_ELEVATION_POINTS
15.314007890899981,74.31103724379982,259.6,2.83,293.6,SYNTHETIC_DERIVED_FROM_KML_ELEVATION_POINTS
15.314007890899981,74.31128724379981,258.42,2.55,288.9,SYNTHETIC_DERIVED_FROM_KML_ELEVATION_POINTS
15.314007890899981,74.3115372437998,257.34,2.18,281.7,SYNTHETIC_DERIVED_FROM_KML_ELEVATION_POINTS
15.314007890899981,74.3117872437998,256.42,1.74,271.4,SYNTHETIC_DERIVED_FROM_KML_ELEVATION_POINTS
15.314007890899981,74.3120372437998,255.71,1.26,254.9,SYNTHETIC_DERIVED_FROM_KML_ELEVATION_POINTS
15.314007890899981,74.31228724379979,255.28,0.82,225.5,SYNTHETIC_DERIVED_FROM_KML_ELEVATION_POINTS
15.314007890899981,74.31253724379978,255.16,0.66,175.4,SYNTHETIC_DERIVED_FROM_KML_ELEVATION_POINTS
15.314007890899981,74.31278724379978,255.33,0.83,131.4,SYNTHETIC_DERIVED_FROM_KML_ELEVATION_POINTS
15.314007890899981,74.31303724379977,255.74,1.07,102.2,SYNTHETIC_DERIVED_FROM_KML_ELEVATION_POINTS
15.314007890899981,74.31328724379976,256.31,1.23,78.0,SYNTHETIC_DERIVED_FROM_KML_ELEVATION_POINTS
15.314007890899981,74.31353724379976,256.87,1.3,50.3,SYNTHETIC_DERIVED_FROM_KML_ELEVATION_POINTS
15.314007890899981,74.31378724379975,257.25,1.42,18.4,SYNTHETIC_DERIVED_FROM_KML_ELEVATION_POINTS
15.314007890899981,74.31403724379975,257.29,1.55,346.9,SYNTHETIC_DERIVED_FROM_KML_ELEVATION_POINTS
15.314007890899981,74.31428724379974,256.92,1.59,316.4,SYNTHETIC_DERIVED_FROM_KML_ELEVATION_POINTS
15.314007890899981,74.31453724379973,256.26,1.64,290.6,SYNTHETIC_DERIVED_FROM_KML_ELEVATION_POINTS
15.314007890899981,74.31478724379973,255.48,1.69,274.2,SYNTHETIC_DERIVED_FROM_KML_ELEVATION_POINTS
15.314007890899981,74.31503724379972,254.68,1.68,264.4,SYNTHETIC_DERIVED_FROM_KML_ELEVATION_POINTS
15.314007890899981,74.31528724379972,253.91,1.65,257.7,SYNTHETIC_DERIVED_FROM_KML_ELEVATION_POINTS
15.314007890899981,74.31553724379971,253.17,1.61,253.3,SYNTHETIC_DERIVED_FROM_KML_ELEVATION_POINTS
15.314007890899981,74.3157872437997,252.46,1.57,250.0,SYNTHETIC_DERIVED_FROM_KML_ELEVATION_POINTS
15.314007890899981,74.3160372437997,251.79,1.52,247.2,SYNTHETIC_DERIVED_FROM_KML_ELEVATION_POINTS
15.314007890899981,74.31628724379969,251.15,1.47,245.5,SYNTHETIC_DERIVED_FROM_KML_ELEVATION_POINTS
15.314007890899981,74.31653724379969,250.54,1.41,243.5,SYNTHETIC_DERIVED_FROM_KML_ELEVATION_POINTS
15.314007890899981,74.31678724379968,249.97,1.34,241.1,SYNTHETIC_DERIVED_FROM_KML_ELEVATION_POINTS
15.314007890899981,74.31703724379967,249.44,1.29,238.7,SYNTHETIC_DERIVED_FROM_KML_ELEVATION_POINTS
15.314007890899981,74.31728724379967,248.94,1.26,237.5,SYNTHETIC_DERIVED_FROM_KML_ELEVATION_POINTS
15.314257890899981,74.3035372438,265.9,1.87,136.0,SYNTHETIC_DERIVED_FROM_KML_ELEVATION_POINTS
15.314257890899981,74.30378724379999,266.51,1.97,138.3,SYNTHETIC_DERIVED_FROM_KML_ELEVATION_POINTS
15.314257890899981,74.30403724379998,267.13,2.09,140.7,SYNTHETIC_DERIVED_FROM_KML_ELEVATION_POINTS
15.314257890899981,74.30428724379998,267.75,2.19,143.3,SYNTHETIC_DERIVED_FROM_KML_ELEVATION_POINTS
15.314257890899981,74.30453724379997,268.36,2.32,146.1,SYNTHETIC_DERIVED_FROM_KML_ELEVATION_POINTS
15.314257890899981,74.30478724379996,268.96,2.43,149.4,SYNTHETIC_DERIVED_FROM_KML_ELEVATION_POINTS
15.314257890899981,74.30503724379996,269.52,2.53,153.2,SYNTHETIC_DERIVED_FROM_KML_ELEVATION_POINTS
15.314257890899981,74.30528724379995,270.03,2.63,157.0,SYNTHETIC_DERIVED_FROM_KML_ELEVATION_POINTS
15.314257890899981,74.30553724379995,270.48,2.7,161.6,SYNTHETIC_DERIVED_FROM_KML_ELEVATION_POINTS
15.314257890899981,74.30578724379994,270.83,2.73,166.4,SYNTHETIC_DERIVED_FROM_KML_ELEVATION_POINTS
15.314257890899981,74.30603724379993,271.08,2.72,171.4,SYNTHETIC_DERIVED_FROM_KML_ELEVATION_POINTS
15.314257890899981,74.30628724379993,271.21,2.63,176.7,SYNTHETIC_DERIVED_FROM_KML_ELEVATION_POINTS
15.314257890899981,74.30653724379992,271.22,2.44,181.8,SYNTHETIC_DERIVED_FROM_KML_ELEVATION_POINTS
15.314257890899981,74.30678724379992,271.14,2.14,186.3,SYNTHETIC_DERIVED_FROM_KML_ELEVATION_POINTS
15.314257890899981,74.30703724379991,271.0,1.71,191.2,SYNTHETIC_DERIVED_FROM_KML_ELEVATION_POINTS
15.314257890899981,74.3072872437999,270.83,1.17,197.6,SYNTHETIC_DERIVED_FROM_KML_ELEVATION_POINTS
15.314257890899981,74.3075372437999,270.67,0.55,215.9,SYNTHETIC_DERIVED_FROM_KML_ELEVATION_POINTS
15.314257890899981,74.3077872437999,270.53,0.39,312.9,SYNTHETIC_DERIVED_FROM_KML_ELEVATION_POINTS
15.314257890899981,74.30803724379989,270.4,1.04,342.0,SYNTHETIC_DERIVED_FROM_KML_ELEVATION_POINTS
15.314257890899981,74.30828724379988,270.23,1.72,343.4,SYNTHETIC_DERIVED_FROM_KML_ELEVATION_POINTS
15.314257890899981,74.30853724379988,269.94,2.32,339.9,SYNTHETIC_DERIVED_FROM_KML_ELEVATION_POINTS
15.314257890899981,74.30878724379987,269.48,2.83,334.3,SYNTHETIC_DERIVED_FROM_KML_ELEVATION_POINTS
15.314257890899981,74.30903724379986,268.79,3.2,327.3,SYNTHETIC_DERIVED_FROM_KML_ELEVATION_POINTS
15.314257890899981,74.30928724379986,267.86,3.43,320.0,SYNTHETIC_DERIVED_FROM_KML_ELEVATION_POINTS
15.314257890899981,74.30953724379985,266.72,3.52,312.9,SYNTHETIC_DERIVED_FROM_KML_ELEVATION_POINTS
15.314257890899981,74.30978724379985,265.44,3.49,306.9,SYNTHETIC_DERIVED_FROM_KML_ELEVATION_POINTS
15.314257890899981,74.31003724379984,264.1,3.36,302.2,SYNTHETIC_DERIVED_FROM_KML_ELEVATION_POINTS
15.314257890899981,74.31028724379983,262.77,3.17,298.5,SYNTHETIC_DERIVED_FROM_KML_ELEVATION_POINTS
15.314257890899981,74.31053724379983,261.49,2.96,295.7,SYNTHETIC_DERIVED_FROM_KML_ELEVATION_POINTS
15.314257890899981,74.31078724379982,260.27,2.73,292.8,SYNTHETIC_DERIVED_FROM_KML_ELEVATION_POINTS
15.314257890899981,74.31103724379982,259.13,2.47,289.7,SYNTHETIC_DERIVED_FROM_KML_ELEVATION_POINTS
15.314257890899981,74.31128724379981,258.09,2.17,285.4,SYNTHETIC_DERIVED_FROM_KML_ELEVATION_POINTS
15.314257890899981,74.3115372437998,257.17,1.82,279.5,SYNTHETIC_DERIVED_FROM_KML_ELEVATION_POINTS
15.314257890899981,74.3117872437998,256.41,1.42,271.2,SYNTHETIC_DERIVED_FROM_KML_ELEVATION_POINTS
15.314257890899981,74.3120372437998,255.84,1.0,258.7,SYNTHETIC_DERIVED_FROM_KML_ELEVATION_POINTS
15.314257890899981,74.31228724379979,255.49,0.59,237.0,SYNTHETIC_DERIVED_FROM_KML_ELEVATION_POINTS
15.314257890899981,74.31253724379978,255.38,0.31,182.0,SYNTHETIC_DERIVED_FROM_KML_ELEVATION_POINTS
15.314257890899981,74.31278724379978,255.48,0.43,113.9,SYNTHETIC_DERIVED_FROM_KML_ELEVATION_POINTS
15.314257890899981,74.31303724379977,255.75,0.68,82.2,SYNTHETIC_DERIVED_FROM_KML_ELEVATION_POINTS
15.314257890899981,74.31328724379976,256.11,0.88,58.2,SYNTHETIC_DERIVED_FROM_KML_ELEVATION_POINTS
15.314257890899981,74.31353724379976,256.45,1.04,34.5,SYNTHETIC_DERIVED_FROM_KML_ELEVATION_POINTS
15.314257890899981,74.31378724379975,256.66,1.16,10.1,SYNTHETIC_DERIVED_FROM_KML_ELEVATION_POINTS
15.314257890899981,74.31403724379975,256.64,1.26,346.3,SYNTHETIC_DERIVED_FROM_KML_ELEVATION_POINTS
15.314257890899981,74.31428724379974,256.38,1.32,324.0,SYNTHETIC_DERIVED_FROM_KML_ELEVATION_POINTS
15.314257890899981,74.31453724379973,255.91,1.37,303.7,SYNTHETIC_DERIVED_FROM_KML_ELEVATION_POINTS
15.314257890899981,74.31478724379973,255.31,1.42,288.6,SYNTHETIC_DERIVED_FROM_KML_ELEVATION_POINTS
15.314257890899981,74.31503724379972,254.65,1.43,277.8,SYNTHETIC_DERIVED_FROM_KML_ELEVATION_POINTS
15.314257890899981,74.31528724379972,253.98,1.44,270.4,SYNTHETIC_DERIVED_FROM_KML_ELEVATION_POINTS
15.314257890899981,74.31553724379971,253.3,1.44,264.7,SYNTHETIC_DERIVED_FROM_KML_ELEVATION_POINTS
15.314257890899981,74.3157872437997,252.64,1.41,260.3,SYNTHETIC_DERIVED_FROM_KML_ELEVATION_POINTS
15.314257890899981,74.3160372437997,252.0,1.38,256.7,SYNTHETIC_DERIVED_FROM_KML_ELEVATION_POINTS
15.314257890899981,74.31628724379969,251.38,1.35,253.6,SYNTHETIC_DERIVED_FROM_KML_ELEVATION_POINTS
15.314257890899981,74.31653724379969,250.79,1.29,250.4,SYNTHETIC_DERIVED_FROM_KML_ELEVATION_POINTS
15.314257890899981,74.31678724379968,250.24,1.24,247.0,SYNTHETIC_DERIVED_FROM_KML_ELEVATION_POINTS
15.314257890899981,74.31703724379967,249.72,1.18,244.3,SYNTHETIC_DERIVED_FROM_KML_ELEVATION_POINTS
15.314257890899981,74.31728724379967,249.24,1.16,242.0,SYNTHETIC_DERIVED_FROM_KML_ELEVATION_POINTS
15.31450789089998,74.3035372438,266.55,1.94,132.7,SYNTHETIC_DERIVED_FROM_KML_ELEVATION_POINTS
15.31450789089998,74.30378724379999,267.22,2.05,135.0,SYNTHETIC_DERIVED_FROM_KML_ELEVATION_POINTS
15.31450789089998,74.30403724379998,267.91,2.18,137.1,SYNTHETIC_DERIVED_FROM_KML_ELEVATION_POINTS
15.31450789089998,74.30428724379998,268.61,2.32,139.8,SYNTHETIC_DERIVED_FROM_KML_ELEVATION_POINTS
15.31450789089998,74.30453724379997,269.31,2.46,143.0,SYNTHETIC_DERIVED_FROM_KML_ELEVATION_POINTS
15.31450789089998,74.30478724379996,270.0,2.6,146.3,SYNTHETIC_DERIVED_FROM_KML_ELEVATION_POINTS
15.31450789089998,74.30503724379996,270.66,2.73,150.5,SYNTHETIC_DERIVED_FROM_KML_ELEVATION_POINTS
15.31450789089998,74.30528724379995,271.26,2.87,155.2,SYNTHETIC_DERIVED_FROM_KML_ELEVATION_POINTS
15.31450789089998,74.30553724379995,271.79,2.98,160.2,SYNTHETIC_DERIVED_FROM_KML_ELEVATION_POINTS
15.31450789089998,74.30578724379994,272.21,3.07,165.9,SYNTHETIC_DERIVED_FROM_KML_ELEVATION_POINTS
15.31450789089998,74.30603724379993,272.49,3.12,172.2,SYNTHETIC_DERIVED_FROM_KML_ELEVATION_POINTS
15.31450789089998,74.30628724379993,272.61,3.13,178.8,SYNTHETIC_DERIVED_FROM_KML_ELEVATION_POINTS
15.31450789089998,74.30653724379992,272.55,3.05,185.4,SYNTHETIC_DERIVED_FROM_KML_ELEVATION_POINTS
15.31450789089998,74.30678724379992,272.34,2.86,192.0,SYNTHETIC_DERIVED_FROM_KML_ELEVATION_POINTS
15.31450789089998,74.30703724379991,271.99,2.54,199.4,SYNTHETIC_DERIVED_FROM_KML_ELEVATION_POINTS
15.31450789089998,74.3072872437999,271.55,2.11,207.8,SYNTHETIC_DERIVED_FROM_KML_ELEVATION_POINTS
15.31450789089998,74.3075372437999,271.07,1.6,219.9,SYNTHETIC_DERIVED_FROM_KML_ELEVATION_POINTS
15.31450789089998,74.3077872437999,270.59,1.15,242.2,SYNTHETIC_DERIVED_FROM_KML_ELEVATION_POINTS
15.31450789089998,74.30803724379989,270.12,1.03,278.7,SYNTHETIC_DERIVED_FROM_KML_ELEVATION_POINTS
15.31450789089998,74.30828724379988,269.64,1.35,306.1,SYNTHETIC_DERIVED_FROM_KML_ELEVATION_POINTS
15.31450789089998,74.30853724379988,269.1,1.82,316.3,SYNTHETIC_DERIVED_FROM_KML_ELEVATION_POINTS
15.31450789089998,74.30878724379987,268.46,2.27,318.1,SYNTHETIC_DERIVED_FROM_KML_ELEVATION_POINTS
15.31450789089998,74.30903724379986,267.68,2.63,316.1,SYNTHETIC_DERIVED_FROM_KML_ELEVATION_POINTS
15.31450789089998,74.30928724379986,266.75,2.87,312.3,SYNTHETIC_DERIVED_FROM_KML_ELEVATION_POINTS
15.31450789089998,74.30953724379985,265.69,3.0,307.9,SYNTHETIC_DERIVED_FROM_KML_ELEVATION_POINTS
15.31450789089998,74.30978724379985,264.53,3.02,303.2,SYNTHETIC_DERIVED_FROM_KML_ELEVATION_POINTS
15.31450789089998,74.31003724379984,263.32,2.96,299.2,SYNTHETIC_DERIVED_FROM_KML_ELEVATION_POINTS
15.31450789089998,74.31028724379983,262.11,2.83,295.7,SYNTHETIC_DERIVED_FROM_KML_ELEVATION_POINTS
15.31450789089998,74.31053724379983,260.93,2.65,292.6,SYNTHETIC_DERIVED_FROM_KML_ELEVATION_POINTS
15.31450789089998,74.31078724379982,259.82,2.42,289.6,SYNTHETIC_DERIVED_FROM_KML_ELEVATION_POINTS
15.31450789089998,74.31103724379982,258.79,2.18,286.4,SYNTHETIC_DERIVED_FROM_KML_ELEVATION_POINTS
15.31450789089998,74.31128724379981,257.86,1.9,282.5,SYNTHETIC_DERIVED_FROM_KML_ELEVATION_POINTS
15.31450789089998,74.3115372437998,257.05,1.58,277.8,SYNTHETIC_DERIVED_FROM_KML_ELEVATION_POINTS
15.31450789089998,74.3117872437998,256.39,1.23,271.9,SYNTHETIC_DERIVED_FROM_KML_ELEVATION_POINTS
15.31450789089998,74.3120372437998,255.9,0.86,264.5,SYNTHETIC_DERIVED_FROM_KML_ELEVATION_POINTS
15.31450789089998,74.31228724379979,255.59,0.49,254.1,SYNTHETIC_DERIVED_FROM_KML_ELEVATION_POINTS
15.31450789089998,74.31253724379978,255.46,0.13,226.0,SYNTHETIC_DERIVED_FROM_KML_ELEVATION_POINTS
15.31450789089998,74.31278724379978,255.5,0.21,75.8,SYNTHETIC_DERIVED_FROM_KML_ELEVATION_POINTS
15.31450789089998,74.31303724379977,255.65,0.47,55.1,SYNTHETIC_DERIVED_FROM_KML_ELEVATION_POINTS
15.31450789089998,74.31328724379976,255.86,0.69,37.3,SYNTHETIC_DERIVED_FROM_KML_ELEVATION_POINTS
15.31450789089998,74.31353724379976,256.04,0.86,20.4,SYNTHETIC_DERIVED_FROM_KML_ELEVATION_POINTS
15.31450789089998,74.31378724379975,256.14,1.0,3.7,SYNTHETIC_DERIVED_FROM_KML_ELEVATION_POINTS
15.31450789089998,74.31403724379975,256.1,1.1,345.3,SYNTHETIC_DERIVED_FROM_KML_ELEVATION_POINTS
15.31450789089998,74.31428724379974,255.88,1.17,327.9,SYNTHETIC_DERIVED_FROM_KML_ELEVATION_POINTS
15.31450789089998,74.31453724379973,255.52,1.22,312.6,SYNTHETIC_DERIVED_FROM_KML_ELEVATION_POINTS
15.31450789089998,74.31478724379973,255.04,1.26,298.9,SYNTHETIC_DERIVED_FROM_KML_ELEVATION_POINTS
15.31450789089998,74.31503724379972,254.49,1.28,288.7,SYNTHETIC_DERIVED_FROM_KML_ELEVATION_POINTS
15.31450789089998,74.31528724379972,253.9,1.29,281.0,SYNTHETIC_DERIVED_FROM_KML_ELEVATION_POINTS
15.31450789089998,74.31553724379971,253.3,1.3,274.6,SYNTHETIC_DERIVED_FROM_KML_ELEVATION_POINTS
15.31450789089998,74.3157872437997,252.69,1.28,269.1,SYNTHETIC_DERIVED_FROM_KML_ELEVATION_POINTS
15.31450789089998,74.3160372437997,252.1,1.25,264.4,SYNTHETIC_DERIVED_FROM_KML_ELEVATION_POINTS
15.31450789089998,74.31628724379969,251.52,1.23,260.4,SYNTHETIC_DERIVED_FROM_KML_ELEVATION_POINTS
15.31450789089998,74.31653724379969,250.96,1.19,256.0,SYNTHETIC_DERIVED_FROM_KML_ELEVATION_POINTS
15.31450789089998,74.31678724379968,250.44,1.14,252.7,SYNTHETIC_DERIVED_FROM_KML_ELEVATION_POINTS
15.31450789089998,74.31703724379967,249.94,1.11,249.3,SYNTHETIC_DERIVED_FROM_KML_ELEVATION_POINTS
15.31450789089998,74.31728724379967,249.47,1.09,246.7,SYNTHETIC_DERIVED_FROM_KML_ELEVATION_POINTS
15.31475789089998,74.3035372438,267.18,2.02,128.5,SYNTHETIC_DERIVED_FROM_KML_ELEVATION_POINTS
15.31475789089998,74.30378724379999,267.92,2.13,131.2,SYNTHETIC_DERIVED_FROM_KML_ELEVATION_POINTS
15.31475789089998,74.30403724379998,268.68,2.27,133.2,SYNTHETIC_DERIVED_FROM_KML_ELEVATION_POINTS
15.31475789089998,74.30428724379998,269.47,2.43,135.7,SYNTHETIC_DERIVED_FROM_KML_ELEVATION_POINTS
15.31475789089998,74.30453724379997,270.27,2.58,138.9,SYNTHETIC_DERIVED_FROM_KML_ELEVATION_POINTS
15.31475789089998,74.30478724379996,271.06,2.73,142.5,SYNTHETIC_DERIVED_FROM_KML_ELEVATION_POINTS
15.31475789089998,74.30503724379996,271.83,2.91,146.6,SYNTHETIC_DERIVED_FROM_KML_ELEVATION_POINTS
15.31475789089998,74.30528724379995,272.56,3.08,151.5,SYNTHETIC_DERIVED_FROM_KML_ELEVATION_POINTS
15.31475789089998,74.30553724379995,273.21,3.22,157.2,SYNTHETIC_DERIVED_FROM_KML_ELEVATION_POINTS
15.31475789089998,74.30578724379994,273.73,3.36,163.8,SYNTHETIC_DERIVED_FROM_KML_ELEVATION_POINTS
15.31475789089998,74.30603724379993,274.09,3.48,170.8,SYNTHETIC_DERIVED_FROM_KML_ELEVATION_POINTS
15.31475789089998,74.30628724379993,274.25,3.56,178.6,SYNTHETIC_DERIVED_FROM_KML_ELEVATION_POINTS
15.31475789089998,74.30653724379992,274.17,3.59,186.6,SYNTHETIC_DERIVED_FROM_KML_ELEVATION_POINTS
15.31475789089998,74.30678724379992,273.86,3.52,194.7,SYNTHETIC_DERIVED_FROM_KML_ELEVATION_POINTS
15.31475789089998,74.30703724379991,273.33,3.34,202.9,SYNTHETIC_DERIVED_FROM_KML_ELEVATION_POINTS
15.31475789089998,74.3072872437999,272.64,3.02,211.3,SYNTHETIC_DERIVED_FROM_KML_ELEVATION_POINTS
15.31475789089998,74.3075372437999,271.86,2.6,220.6,SYNTHETIC_DERIVED_FROM_KML_ELEVATION_POINTS
15.31475789089998,74.3077872437999,271.05,2.16,232.7,SYNTHETIC_DERIVED_FROM_KML_ELEVATION_POINTS
15.31475789089998,74.30803724379989,270.25,1.81,249.7,SYNTHETIC_DERIVED_FROM_KML_ELEVATION_POINTS
15.31475789089998,74.30828724379988,269.46,1.7,270.3,SYNTHETIC_DERIVED_FROM_KML_ELEVATION_POINTS
15.31475789089998,74.30853724379988,268.66,1.81,287.2,SYNTHETIC_DERIVED_FROM_KML_ELEVATION_POINTS
15.31475789089998,74.30878724379987,267.84,2.05,297.2,SYNTHETIC_DERIVED_FROM_KML_ELEVATION_POINTS
15.31475789089998,74.30903724379986,266.95,2.32,301.0,SYNTHETIC_DERIVED_FROM_KML_ELEVATION_POINTS
15.31475789089998,74.30928724379986,265.98,2.52,301.2,SYNTHETIC_DERIVED_FROM_KML_ELEVATION_POINTS
15.31475789089998,74.30953724379985,264.93,2.64,299.9,SYNTHETIC_DERIVED_FROM_KML_ELEVATION_POINTS
15.31475789089998,74.30978724379985,263.83,2.68,297.4,SYNTHETIC_DERIVED_FROM_KML_ELEVATION_POINTS
15.31475789089998,74.31003724379984,262.7,2.64,294.6,SYNTHETIC_DERIVED_FROM_KML_ELEVATION_POINTS
15.31475789089998,74.31028724379983,261.58,2.53,292.0,SYNTHETIC_DERIVED_FROM_KML_ELEVATION_POINTS
15.31475789089998,74.31053724379983,260.5,2.37,289.2,SYNTHETIC_DERIVED_FROM_KML_ELEVATION_POINTS
15.31475789089998,74.31078724379982,259.48,2.19,286.4,SYNTHETIC_DERIVED_FROM_KML_ELEVATION_POINTS
15.31475789089998,74.31103724379982,258.53,1.97,283.6,SYNTHETIC_DERIVED_FROM_KML_ELEVATION_POINTS
15.31475789089998,74.31128724379981,257.69,1.7,280.4,SYNTHETIC_DERIVED_FROM_KML_ELEVATION_POINTS
15.31475789089998,74.3115372437998,256.96,1.42,276.7,SYNTHETIC_DERIVED_FROM_KML_ELEVATION_POINTS
15.31475789089998,74.3117872437998,256.37,1.11,272.7,SYNTHETIC_DERIVED_FROM_KML_ELEVATION_POINTS
15.31475789089998,74.3120372437998,255.92,0.8,269.3,SYNTHETIC_DERIVED_FROM_KML_ELEVATION_POINTS
15.31475789089998,74.31228724379979,255.62,0.48,267.5,SYNTHETIC_DERIVED_FROM_KML_ELEVATION_POINTS
15.31475789089998,74.31253724379978,255.47,0.21,281.5,SYNTHETIC_DERIVED_FROM_KML_ELEVATION_POINTS
15.31475789089998,74.31278724379978,255.43,0.18,7.0,SYNTHETIC_DERIVED_FROM_KML_ELEVATION_POINTS
15.31475789089998,74.31303724379977,255.49,0.38,24.6,SYNTHETIC_DERIVED_FROM_KML_ELEVATION_POINTS
15.31475789089998,74.31328724379976,255.58,0.59,19.1,SYNTHETIC_DERIVED_FROM_KML_ELEVATION_POINTS
15.31475789089998,74.31353724379976,255.67,0.75,9.0,SYNTHETIC_DERIVED_FROM_KML_ELEVATION_POINTS
15.31475789089998,74.31378724379975,255.69,0.88,355.8,SYNTHETIC_DERIVED_FROM_KML_ELEVATION_POINTS
15.31475789089998,74.31403724379975,255.61,0.99,343.1,SYNTHETIC_DERIVED_FROM_KML_ELEVATION_POINTS
15.31475789089998,74.31428724379974,255.42,1.05,329.5,SYNTHETIC_DERIVED_FROM_KML_ELEVATION_POINTS
15.31475789089998,74.31453724379973,255.11,1.1,317.4,SYNTHETIC_DERIVED_FROM_KML_ELEVATION_POINTS
15.31475789089998,74.31478724379973,254.72,1.14,306.5,SYNTHETIC_DERIVED_FROM_KML_ELEVATION_POINTS
15.31475789089998,74.31503724379972,254.25,1.17,296.7,SYNTHETIC_DERIVED_FROM_KML_ELEVATION_POINTS
15.31475789089998,74.31528724379972,253.74,1.18,288.3,SYNTHETIC_DERIVED_FROM_KML_ELEVATION_POINTS
15.31475789089998,74.31553724379971,253.2,1.18,282.1,SYNTHETIC_DERIVED_FROM_KML_ELEVATION_POINTS
15.31475789089998,74.3157872437997,252.66,1.16,276.1,SYNTHETIC_DERIVED_FROM_KML_ELEVATION_POINTS
15.31475789089998,74.3160372437997,252.12,1.15,271.0,SYNTHETIC_DERIVED_FROM_KML_ELEVATION_POINTS
15.31475789089998,74.31628724379969,251.58,1.12,265.8,SYNTHETIC_DERIVED_FROM_KML_ELEVATION_POINTS
15.31475789089998,74.31653724379969,251.07,1.09,261.3,SYNTHETIC_DERIVED_FROM_KML_ELEVATION_POINTS
15.31475789089998,74.31678724379968,250.57,1.06,257.7,SYNTHETIC_DERIVED_FROM_KML_ELEVATION_POINTS
15.31475789089998,74.31703724379967,250.1,1.01,253.5,SYNTHETIC_DERIVED_FROM_KML_ELEVATION_POINTS
15.31475789089998,74.31728724379967,249.66,1.0,250.1,SYNTHETIC_DERIVED_FROM_KML_ELEVATION_POINTS
15.31500789089998,74.3035372438,267.77,2.09,124.2,SYNTHETIC_DERIVED_FROM_KML_ELEVATION_POINTS
15.31500789089998,74.30378724379999,268.58,2.19,126.6,SYNTHETIC_DERIVED_FROM_KML_ELEVATION_POINTS
15.31500789089998,74.30403724379998,269.42,2.35,128.7,SYNTHETIC_DERIVED_FROM_KML_ELEVATION_POINTS
15.31500789089998,74.30428724379998,270.3,2.52,131.1,SYNTHETIC_DERIVED_FROM_KML_ELEVATION_POINTS
15.31500789089998,74.30453724379997,271.2,2.68,134.0,SYNTHETIC_DERIVED_FROM_KML_ELEVATION_POINTS
15.31500789089998,74.30478724379996,272.11,2.87,137.4,SYNTHETIC_DERIVED_FROM_KML_ELEVATION_POINTS
15.31500789089998,74.30503724379996,273.02,3.05,141.5,SYNTHETIC_DERIVED_FROM_KML_ELEVATION_POINTS
15.31500789089998,74.30528724379995,273.89,3.21,146.6,SYNTHETIC_DERIVED_FROM_KML_ELEVATION_POINTS
15.31500789089998,74.30553724379995,274.68,3.38,152.6,SYNTHETIC_DERIVED_FROM_KML_ELEVATION_POINTS
15.31500789089998,74.30578724379994,275.35,3.54,159.7,SYNTHETIC_DERIVED_FROM_KML_ELEVATION_POINTS
15.31500789089998,74.30603724379993,275.83,3.68,168.0,SYNTHETIC_DERIVED_FROM_KML_ELEVATION_POINTS
15.31500789089998,74.30628724379993,276.07,3.81,177.0,SYNTHETIC_DERIVED_FROM_KML_ELEVATION_POINTS
15.31500789089998,74.30653724379992,276.02,3.92,186.6,SYNTHETIC_DERIVED_FROM_KML_ELEVATION_POINTS
15.31500789089998,74.30678724379992,275.65,3.97,196.2,SYNTHETIC_DERIVED_FROM_KML_ELEVATION_POINTS
15.31500789089998,74.30703724379991,274.98,3.95,205.4,SYNTHETIC_DERIVED_FROM_KML_ELEVATION_POINTS
15.31500789089998,74.3072872437999,274.06,3.79,214.1,SYNTHETIC_DERIVED_FROM_KML_ELEVATION_POINTS
15.31500789089998,74.3075372437999,272.99,3.48,222.4,SYNTHETIC_DERIVED_FROM_KML_ELEVATION_POINTS
15.31500789089998,74.3077872437999,271.86,3.08,231.4,SYNTHETIC_DERIVED_FROM_KML_ELEVATION_POINTS
15.31500789089998,74.30803724379989,270.73,2.69,242.2,SYNTHETIC_DERIVED_FROM_KML_ELEVATION_POINTS
15.31500789089998,74.30828724379988,269.63,2.38,254.5,SYNTHETIC_DERIVED_FROM_KML_ELEVATION_POINTS
15.31500789089998,74.30853724379988,268.58,2.22,267.1,SYNTHETIC_DERIVED_FROM_KML_ELEVATION_POINTS
15.31500789089998,74.30878724379987,267.55,2.22,278.3,SYNTHETIC_DERIVED_FROM_KML_ELEVATION_POINTS
15.31500789089998,74.30903724379986,266.52,2.29,285.6,SYNTHETIC_DERIVED_FROM_KML_ELEVATION_POINTS
15.31500789089998,74.30928724379986,265.48,2.39,289.6,SYNTHETIC_DERIVED_FROM_KML_ELEVATION_POINTS
15.31500789089998,74.30953724379985,264.41,2.45,290.6,SYNTHETIC_DERIVED_FROM_KML_ELEVATION_POINTS
15.31500789089998,74.30978724379985,263.33,2.46,290.3,SYNTHETIC_DERIVED_FROM_KML_ELEVATION_POINTS
15.31500789089998,74.31003724379984,262.25,2.42,289.1,SYNTHETIC_DERIVED_FROM_KML_ELEVATION_POINTS
15.31500789089998,74.31028724379983,261.19,2.32,287.3,SYNTHETIC_DERIVED_FROM_KML_ELEVATION_POINTS
15.31500789089998,74.31053724379983,260.17,2.18,285.3,SYNTHETIC_DERIVED_FROM_KML_ELEVATION_POINTS
15.31500789089998,74.31078724379982,259.22,2.01,283.3,SYNTHETIC_DERIVED_FROM_KML_ELEVATION_POINTS
15.31500789089998,74.31103724379982,258.34,1.8,280.5,SYNTHETIC_DERIVED_FROM_KML_ELEVATION_POINTS
15.31500789089998,74.31128724379981,257.56,1.56,278.3,SYNTHETIC_DERIVED_FROM_KML_ELEVATION_POINTS
15.31500789089998,74.3115372437998,256.89,1.31,275.4,SYNTHETIC_DERIVED_FROM_KML_ELEVATION_POINTS
15.31500789089998,74.3117872437998,256.34,1.05,273.4,SYNTHETIC_DERIVED_FROM_KML_ELEVATION_POINTS
15.31500789089998,74.3120372437998,255.91,0.78,272.3,SYNTHETIC_DERIVED_FROM_KML_ELEVATION_POINTS
15.31500789089998,74.31228724379979,255.61,0.53,275.6,SYNTHETIC_DERIVED_FROM_KML_ELEVATION_POINTS
15.31500789089998,74.31253724379978,255.42,0.32,292.5,SYNTHETIC_DERIVED_FROM_KML_ELEVATION_POINTS
15.31500789089998,74.31278724379978,255.33,0.26,332.6,SYNTHETIC_DERIVED_FROM_KML_ELEVATION_POINTS
15.31500789089998,74.31303724379977,255.31,0.37,358.4,SYNTHETIC_DERIVED_FROM_KML_ELEVATION_POINTS
15.31500789089998,74.31328724379976,255.32,0.53,1.2,SYNTHETIC_DERIVED_FROM_KML_ELEVATION_POINTS
15.31500789089998,74.31353724379976,255.32,0.68,357.3,SYNTHETIC_DERIVED_FROM_KML_ELEVATION_POINTS
15.31500789089998,74.31378724379975,255.29,0.8,349.2,SYNTHETIC_DERIVED_FROM_KML_ELEVATION_POINTS
15.31500789089998,74.31403724379975,255.18,0.88,339.4,SYNTHETIC_DERIVED_FROM_KML_ELEVATION_POINTS
15.31500789089998,74.31428724379974,255.0,0.95,329.7,SYNTHETIC_DERIVED_FROM_KML_ELEVATION_POINTS
15.31500789089998,74.31453724379973,254.73,1.01,319.0,SYNTHETIC_DERIVED_FROM_KML_ELEVATION_POINTS
15.31500789089998,74.31478724379973,254.38,1.04,309.9,SYNTHETIC_DERIVED_FROM_KML_ELEVATION_POINTS
15.31500789089998,74.31503724379972,253.98,1.05,301.8,SYNTHETIC_DERIVED_FROM_KML_ELEVATION_POINTS
15.31500789089998,74.31528724379972,253.54,1.07,293.8,SYNTHETIC_DERIVED_FROM_KML_ELEVATION_POINTS
15.31500789089998,74.31553724379971,253.06,1.08,286.6,SYNTHETIC_DERIVED_FROM_KML_ELEVATION_POINTS
15.31500789089998,74.3157872437997,252.57,1.07,281.1,SYNTHETIC_DERIVED_FROM_KML_ELEVATION_POINTS
15.31500789089998,74.3160372437997,252.08,1.04,275.7,SYNTHETIC_DERIVED_FROM_KML_ELEVATION_POINTS
15.31500789089998,74.31628724379969,251.6,1.02,270.0,SYNTHETIC_DERIVED_FROM_KML_ELEVATION_POINTS
15.31500789089998,74.31653724379969,251.12,1.01,265.9,SYNTHETIC_DERIVED_FROM_KML_ELEVATION_POINTS
15.31500789089998,74.31678724379968,250.66,0.97,260.9,SYNTHETIC_DERIVED_FROM_KML_ELEVATION_POINTS
15.31500789089998,74.31703724379967,250.22,0.94,256.7,SYNTHETIC_DERIVED_FROM_KML_ELEVATION_POINTS
15.31500789089998,74.31728724379967,249.8,0.94,253.4,SYNTHETIC_DERIVED_FROM_KML_ELEVATION_POINTS
15.315257890899979,74.3035372438,268.32,2.14,119.7,SYNTHETIC_DERIVED_FROM_KML_ELEVATION_POINTS
15.315257890899979,74.30378724379999,269.19,2.25,121.8,SYNTHETIC_DERIVED_FROM_KML_ELEVATION_POINTS
15.315257890899979,74.30403724379998,270.11,2.42,123.6,SYNTHETIC_DERIVED_FROM_KML_ELEVATION_POINTS
15.315257890899979,74.30428724379998,271.08,2.58,125.6,SYNTHETIC_DERIVED_FROM_KML_ELEVATION_POINTS
15.315257890899979,74.30453724379997,272.08,2.76,128.3,SYNTHETIC_DERIVED_FROM_KML_ELEVATION_POINTS
15.315257890899979,74.30478724379996,273.11,2.95,131.5,SYNTHETIC_DERIVED_FROM_KML_ELEVATION_POINTS
15.315257890899979,74.30503724379996,274.15,3.12,135.2,SYNTHETIC_DERIVED_FROM_KML_ELEVATION_POINTS
15.315257890899979,74.30528724379995,275.17,3.28,139.9,SYNTHETIC_DERIVED_FROM_KML_ELEVATION_POINTS
15.315257890899979,74.30553724379995,276.13,3.42,146.1,SYNTHETIC_DERIVED_FROM_KML_ELEVATION_POINTS
15.315257890899979,74.30578724379994,276.96,3.54,153.9,SYNTHETIC_DERIVED_FROM_KML_ELEVATION_POINTS
15.315257890899979,74.30603724379993,277.59,3.65,163.2,SYNTHETIC_DERIVED_FROM_KML_ELEVATION_POINTS
15.315257890899979,74.30628724379993,277.95,3.77,174.0,SYNTHETIC_DERIVED_FROM_KML_ELEVATION_POINTS
15.315257890899979,74.30653724379992,277.96,3.92,185.9,SYNTHETIC_DERIVED_FROM_KML_ELEVATION_POINTS
15.315257890899979,74.30678724379992,277.57,4.09,197.6,SYNTHETIC_DERIVED_FROM_KML_ELEVATION_POINTS
15.315257890899979,74.30703724379991,276.8,4.22,208.3,SYNTHETIC_DERIVED_FROM_KML_ELEVATION_POINTS
15.315257890899979,74.3072872437999,275.69,4.26,217.6,SYNTHETIC_DERIVED_FROM_KML_ELEVATION_POINTS
15.315257890899979,74.3075372437999,274.36,4.11,225.8,SYNTHETIC_DERIVED_FROM_KML_ELEVATION_POINTS
15.315257890899979,74.3077872437999,272.92,3.83,233.6,SYNTHETIC_DERIVED_FROM_KML_ELEVATION_POINTS
15.315257890899979,74.30803724379989,271.47,3.45,241.3,SYNTHETIC_DERIVED_FROM_KML_ELEVATION_POINTS
15.315257890899979,74.30828724379988,270.08,3.07,249.4,SYNTHETIC_DERIVED_FROM_KML_ELEVATION_POINTS
15.315257890899979,74.30853724379988,268.77,2.78,258.5,SYNTHETIC_DERIVED_FROM_KML_ELEVATION_POINTS
15.315257890899979,74.30878724379987,267.53,2.58,267.0,SYNTHETIC_DERIVED_FROM_KML_ELEVATION_POINTS
15.315257890899979,74.30903724379986,266.35,2.49,274.0,SYNTHETIC_DERIVED_FROM_KML_ELEVATION_POINTS
15.315257890899979,74.30928724379986,265.2,2.44,279.2,SYNTHETIC_DERIVED_FROM_KML_ELEVATION_POINTS
15.315257890899979,74.30953724379985,264.09,2.4,282.1,SYNTHETIC_DERIVED_FROM_KML_ELEVATION_POINTS
15.315257890899979,74.30978724379985,263.0,2.37,283.3,SYNTHETIC_DERIVED_FROM_KML_ELEVATION_POINTS
15.315257890899979,74.31003724379984,261.93,2.29,283.5,SYNTHETIC_DERIVED_FROM_KML_ELEVATION_POINTS
15.315257890899979,74.31028724379983,260.91,2.18,282.8,SYNTHETIC_DERIVED_FROM_KML_ELEVATION_POINTS
15.315257890899979,74.31053724379983,259.94,2.05,281.3,SYNTHETIC_DERIVED_FROM_KML_ELEVATION_POINTS
15.315257890899979,74.31078724379982,259.03,1.87,279.8,SYNTHETIC_DERIVED_FROM_KML_ELEVATION_POINTS
15.315257890899979,74.31103724379982,258.21,1.68,277.7,SYNTHETIC_DERIVED_FROM_KML_ELEVATION_POINTS
15.315257890899979,74.31128724379981,257.47,1.47,276.0,SYNTHETIC_DERIVED_FROM_KML_ELEVATION_POINTS
15.315257890899979,74.3115372437998,256.84,1.24,274.3,SYNTHETIC_DERIVED_FROM_KML_ELEVATION_POINTS
15.315257890899979,74.3117872437998,256.31,1.02,273.5,SYNTHETIC_DERIVED_FROM_KML_ELEVATION_POINTS
15.315257890899979,74.3120372437998,255.89,0.79,273.7,SYNTHETIC_DERIVED_FROM_KML_ELEVATION_POINTS
15.315257890899979,74.31228724379979,255.57,0.58,278.1,SYNTHETIC_DERIVED_FROM_KML_ELEVATION_POINTS
15.315257890899979,74.31253724379978,255.35,0.41,290.6,SYNTHETIC_DERIVED_FROM_KML_ELEVATION_POINTS
15.315257890899979,74.31278724379978,255.21,0.34,316.5,SYNTHETIC_DERIVED_FROM_KML_ELEVATION_POINTS
15.315257890899979,74.31303724379977,255.13,0.39,337.5,SYNTHETIC_DERIVED_FROM_KML_ELEVATION_POINTS
15.315257890899979,74.31328724379976,255.07,0.5,345.2,SYNTHETIC_DERIVED_FROM_KML_ELEVATION_POINTS
15.315257890899979,74.31353724379976,255.01,0.61,345.7,SYNTHETIC_DERIVED_FROM_KML_ELEVATION_POINTS
15.315257890899979,74.31378724379975,254.93,0.71,342.6,SYNTHETIC_DERIVED_FROM_KML_ELEVATION_POINTS
15.315257890899979,74.31403724379975,254.81,0.79,335.3,SYNTHETIC_DERIVED_FROM_KML_ELEVATION_POINTS
15.315257890899979,74.31428724379974,254.62,0.87,327.3,SYNTHETIC_DERIVED_FROM_KML_ELEVATION_POINTS
15.315257890899979,74.31453724379973,254.37,0.91,319.6,SYNTHETIC_DERIVED_FROM_KML_ELEVATION_POINTS
15.315257890899979,74.31478724379973,254.07,0.94,311.2,SYNTHETIC_DERIVED_FROM_KML_ELEVATION_POINTS
15.315257890899979,74.31503724379972,253.71,0.96,303.8,SYNTHETIC_DERIVED_FROM_KML_ELEVATION_POINTS
15.315257890899979,74.31528724379972,253.32,0.97,297.1,SYNTHETIC_DERIVED_FROM_KML_ELEVATION_POINTS
15.315257890899979,74.31553724379971,252.9,0.98,290.3,SYNTHETIC_DERIVED_FROM_KML_ELEVATION_POINTS
15.315257890899979,74.3157872437997,252.46,0.97,284.1,SYNTHETIC_DERIVED_FROM_KML_ELEVATION_POINTS
15.315257890899979,74.3160372437997,252.02,0.95,278.7,SYNTHETIC_DERIVED_FROM_KML_ELEVATION_POINTS
15.315257890899979,74.31628724379969,251.58,0.94,273.8,SYNTHETIC_DERIVED_FROM_KML_ELEVATION_POINTS
15.315257890899979,74.31653724379969,251.14,0.92,268.7,SYNTHETIC_DERIVED_FROM_KML_ELEVATION_POINTS
15.315257890899979,74.31678724379968,250.72,0.89,264.0,SYNTHETIC_DERIVED_FROM_KML_ELEVATION_POINTS
15.315257890899979,74.31703724379967,250.31,0.87,259.7,SYNTHETIC_DERIVED_FROM_KML_ELEVATION_POINTS
15.315257890899979,74.31728724379967,249.92,0.86,256.1,SYNTHETIC_DERIVED_FROM_KML_ELEVATION_POINTS
15.315507890899978,74.3035372438,268.8,2.18,114.5,SYNTHETIC_DERIVED_FROM_KML_ELEVATION_POINTS
15.315507890899978,74.30378724379999,269.73,2.29,116.4,SYNTHETIC_DERIVED_FROM_KML_ELEVATION_POINTS
15.315507890899978,74.30403724379998,270.72,2.45,117.8,SYNTHETIC_DERIVED_FROM_KML_ELEVATION_POINTS
15.315507890899978,74.30428724379998,271.76,2.62,119.4,SYNTHETIC_DERIVED_FROM_KML_ELEVATION_POINTS
15.315507890899978,74.30453724379997,272.86,2.81,121.5,SYNTHETIC_DERIVED_FROM_KML_ELEVATION_POINTS
15.315507890899978,74.30478724379996,274.01,2.98,124.2,SYNTHETIC_DERIVED_FROM_KML_ELEVATION_POINTS
15.315507890899978,74.30503724379996,275.17,3.13,127.9,SYNTHETIC_DERIVED_FROM_KML_ELEVATION_POINTS
15.315507890899978,74.30528724379995,276.33,3.26,132.0,SYNTHETIC_DERIVED_FROM_KML_ELEVATION_POINTS
15.315507890899978,74.30553724379995,277.44,3.34,137.7,SYNTHETIC_DERIVED_FROM_KML_ELEVATION_POINTS
15.315507890899978,74.30578724379994,278.44,3.37,145.5,SYNTHETIC_DERIVED_FROM_KML_ELEVATION_POINTS
15.315507890899978,74.30603724379993,279.23,3.37,156.1,SYNTHETIC_DERIVED_FROM_KML_ELEVATION_POINTS
15.315507890899978,74.30628724379993,279.72,3.39,169.5,SYNTHETIC_DERIVED_FROM_KML_ELEVATION_POINTS
15.315507890899978,74.30653724379992,279.81,3.52,184.9,SYNTHETIC_DERIVED_FROM_KML_ELEVATION_POINTS
15.315507890899978,74.30678724379992,279.44,3.78,199.9,SYNTHETIC_DERIVED_FROM_KML_ELEVATION_POINTS
15.315507890899978,74.30703724379991,278.6,4.11,213.0,SYNTHETIC_DERIVED_FROM_KML_ELEVATION_POINTS
15.315507890899978,74.3072872437999,277.34,4.38,223.3,SYNTHETIC_DERIVED_FROM_KML_ELEVATION_POINTS
15.315507890899978,74.3075372437999,275.78,4.46,231.4,SYNTHETIC_DERIVED_FROM_KML_ELEVATION_POINTS
15.315507890899978,74.3077872437999,274.07,4.33,237.9,SYNTHETIC_DERIVED_FROM_KML_ELEVATION_POINTS
15.315507890899978,74.30803724379989,272.34,4.03,243.8,SYNTHETIC_DERIVED_FROM_KML_ELEVATION_POINTS
15.315507890899978,74.30828724379988,270.68,3.66,249.8,SYNTHETIC_DERIVED_FROM_KML_ELEVATION_POINTS
15.315507890899978,74.30853724379988,269.12,3.3,255.9,SYNTHETIC_DERIVED_FROM_KML_ELEVATION_POINTS
15.315507890899978,74.30878724379987,267.68,2.98,262.1,SYNTHETIC_DERIVED_FROM_KML_ELEVATION_POINTS
15.315507890899978,74.30903724379986,266.35,2.75,267.6,SYNTHETIC_DERIVED_FROM_KML_ELEVATION_POINTS
15.315507890899978,74.30928724379986,265.1,2.59,272.3,SYNTHETIC_DERIVED_FROM_KML_ELEVATION_POINTS
15.315507890899978,74.30953724379985,263.92,2.47,275.7,SYNTHETIC_DERIVED_FROM_KML_ELEVATION_POINTS
15.315507890899978,74.30978724379985,262.8,2.36,277.8,SYNTHETIC_DERIVED_FROM_KML_ELEVATION_POINTS
15.315507890899978,74.31003724379984,261.73,2.24,278.4,SYNTHETIC_DERIVED_FROM_KML_ELEVATION_POINTS
15.315507890899978,74.31028724379983,260.72,2.1,278.4,SYNTHETIC_DERIVED_FROM_KML_ELEVATION_POINTS
15.315507890899978,74.31053724379983,259.78,1.95,277.9,SYNTHETIC_DERIVED_FROM_KML_ELEVATION_POINTS
15.315507890899978,74.31078724379982,258.91,1.78,276.6,SYNTHETIC_DERIVED_FROM_KML_ELEVATION_POINTS
15.315507890899978,74.31103724379982,258.12,1.61,275.5,SYNTHETIC_DERIVED_FROM_KML_ELEVATION_POINTS
15.315507890899978,74.31128724379981,257.41,1.41,274.2,SYNTHETIC_DERIVED_FROM_KML_ELEVATION_POINTS
15.315507890899978,74.3115372437998,256.8,1.21,273.4,SYNTHETIC_DERIVED_FROM_KML_ELEVATION_POINTS
15.315507890899978,74.3117872437998,256.28,1.0,272.9,SYNTHETIC_DERIVED_FROM_KML_ELEVATION_POINTS
15.315507890899978,74.3120372437998,255.86,0.8,274.4,SYNTHETIC_DERIVED_FROM_KML_ELEVATION_POINTS
15.315507890899978,74.31228724379979,255.53,0.62,277.6,SYNTHETIC_DERIVED_FROM_KML_ELEVATION_POINTS
15.315507890899978,74.31253724379978,255.28,0.49,287.1,SYNTHETIC_DERIVED_FROM_KML_ELEVATION_POINTS
15.315507890899978,74.31278724379978,255.09,0.41,303.5,SYNTHETIC_DERIVED_FROM_KML_ELEVATION_POINTS
15.315507890899978,74.31303724379977,254.96,0.42,322.1,SYNTHETIC_DERIVED_FROM_KML_ELEVATION_POINTS
15.315507890899978,74.31328724379976,254.85,0.48,332.0,SYNTHETIC_DERIVED_FROM_KML_ELEVATION_POINTS
15.315507890899978,74.31353724379976,254.75,0.56,335.0,SYNTHETIC_DERIVED_FROM_KML_ELEVATION_POINTS
15.315507890899978,74.31378724379975,254.63,0.64,333.0,SYNTHETIC_DERIVED_FROM_KML_ELEVATION_POINTS
15.315507890899978,74.31403724379975,254.48,0.72,329.6,SYNTHETIC_DERIVED_FROM_KML_ELEVATION_POINTS
15.315507890899978,74.31428724379974,254.29,0.77,324.5,SYNTHETIC_DERIVED_FROM_KML_ELEVATION_POINTS
15.315507890899978,74.31453724379973,254.06,0.81,317.6,SYNTHETIC_DERIVED_FROM_KML_ELEVATION_POINTS
15.315507890899978,74.31478724379973,253.78,0.85,311.0,SYNTHETIC_DERIVED_FROM_KML_ELEVATION_POINTS
15.315507890899978,74.31503724379972,253.46,0.87,304.6,SYNTHETIC_DERIVED_FROM_KML_ELEVATION_POINTS
15.315507890899978,74.31528724379972,253.11,0.88,297.9,SYNTHETIC_DERIVED_FROM_KML_ELEVATION_POINTS
15.315507890899978,74.31553724379971,252.73,0.89,291.8,SYNTHETIC_DERIVED_FROM_KML_ELEVATION_POINTS
15.315507890899978,74.3157872437997,252.34,0.88,286.3,SYNTHETIC_DERIVED_FROM_KML_ELEVATION_POINTS
15.315507890899978,74.3160372437997,251.94,0.87,280.9,SYNTHETIC_DERIVED_FROM_KML_ELEVATION_POINTS
15.315507890899978,74.31628724379969,251.54,0.86,276.2,SYNTHETIC_DERIVED_FROM_KML_ELEVATION_POINTS
15.315507890899978,74.31653724379969,251.14,0.84,270.7,SYNTHETIC_DERIVED_FROM_KML_ELEVATION_POINTS
15.315507890899978,74.31678724379968,250.75,0.82,266.4,SYNTHETIC_DERIVED_FROM_KML_ELEVATION_POINTS
15.315507890899978,74.31703724379967,250.37,0.81,262.7,SYNTHETIC_DERIVED_FROM_KML_ELEVATION_POINTS
15.315507890899978,74.31728724379967,250.0,0.8,258.9,SYNTHETIC_DERIVED_FROM_KML_ELEVATION_POINTS
15.315757890899977,74.3035372438,269.2,2.21,109.3,SYNTHETIC_DERIVED_FROM_KML_ELEVATION_POINTS
15.315757890899977,74.30378724379999,270.18,2.3,110.7,SYNTHETIC_DERIVED_FROM_KML_ELEVATION_POINTS
15.315757890899977,74.30403724379998,271.22,2.47,111.5,SYNTHETIC_DERIVED_FROM_KML_ELEVATION_POINTS
15.315757890899977,74.30428724379998,272.33,2.65,112.8,SYNTHETIC_DERIVED_FROM_KML_ELEVATION_POINTS
15.315757890899977,74.30453724379997,273.51,2.82,114.3,SYNTHETIC_DERIVED_FROM_KML_ELEVATION_POINTS
15.315757890899977,74.30478724379996,274.74,2.98,116.2,SYNTHETIC_DERIVED_FROM_KML_ELEVATION_POINTS
15.315757890899977,74.30503724379996,276.02,3.11,118.9,SYNTHETIC_DERIVED_FROM_KML_ELEVATION_POINTS
15.315757890899977,74.30528724379995,277.29,3.17,122.4,SYNTHETIC_DERIVED_FROM_KML_ELEVATION_POINTS
15.315757890899977,74.30553724379995,278.53,3.18,127.3,SYNTHETIC_DERIVED_FROM_KML_ELEVATION_POINTS
15.315757890899977,74.30578724379994,279.66,3.07,134.2,SYNTHETIC_DERIVED_FROM_KML_ELEVATION_POINTS
15.315757890899977,74.30603724379993,280.59,2.87,145.4,SYNTHETIC_DERIVED_FROM_KML_ELEVATION_POINTS
15.315757890899977,74.30628724379993,281.19,2.7,162.1,SYNTHETIC_DERIVED_FROM_KML_ELEVATION_POINTS
15.315757890899977,74.30653724379992,281.37,2.72,183.6,SYNTHETIC_DERIVED_FROM_KML_ELEVATION_POINTS
15.315757890899977,74.30678724379992,281.03,3.08,205.0,SYNTHETIC_DERIVED_FROM_KML_ELEVATION_POINTS
15.315757890899977,74.30703724379991,280.15,3.63,221.1,SYNTHETIC_DERIVED_FROM_KML_ELEVATION_POINTS
15.315757890899977,74.3072872437999,278.79,4.17,231.8,SYNTHETIC_DERIVED_FROM_KML_ELEVATION_POINTS
15.315757890899977,74.3075372437999,277.07,4.51,239.0,SYNTHETIC_DERIVED_FROM_KML_ELEVATION_POINTS
15.315757890899977,74.3077872437999,275.16,4.58,244.2,SYNTHETIC_DERIVED_FROM_KML_ELEVATION_POINTS
15.315757890899977,74.30803724379989,273.2,4.4,248.7,SYNTHETIC_DERIVED_FROM_KML_ELEVATION_POINTS
15.315757890899977,74.30828724379988,271.31,4.07,252.7,SYNTHETIC_DERIVED_FROM_KML_ELEVATION_POINTS
15.315757890899977,74.30853724379988,269.55,3.7,256.8,SYNTHETIC_DERIVED_FROM_KML_ELEVATION_POINTS
15.315757890899977,74.30878724379987,267.93,3.34,261.0,SYNTHETIC_DERIVED_FROM_KML_ELEVATION_POINTS
15.315757890899977,74.30903724379986,266.46,3.03,265.1,SYNTHETIC_DERIVED_FROM_KML_ELEVATION_POINTS
15.315757890899977,74.30928724379986,265.1,2.78,268.7,SYNTHETIC_DERIVED_FROM_KML_ELEVATION_POINTS
15.315757890899977,74.30953724379985,263.85,2.57,271.6,SYNTHETIC_DERIVED_FROM_KML_ELEVATION_POINTS
15.315757890899977,74.30978724379985,262.69,2.39,273.7,SYNTHETIC_DERIVED_FROM_KML_ELEVATION_POINTS
15.315757890899977,74.31003724379984,261.61,2.23,274.8,SYNTHETIC_DERIVED_FROM_KML_ELEVATION_POINTS
15.315757890899977,74.31028724379983,260.61,2.07,275.1,SYNTHETIC_DERIVED_FROM_KML_ELEVATION_POINTS
15.315757890899977,74.31053724379983,259.68,1.91,275.0,SYNTHETIC_DERIVED_FROM_KML_ELEVATION_POINTS
15.315757890899977,74.31078724379982,258.83,1.73,274.4,SYNTHETIC_DERIVED_FROM_KML_ELEVATION_POINTS
15.315757890899977,74.31103724379982,258.06,1.56,273.4,SYNTHETIC_DERIVED_FROM_KML_ELEVATION_POINTS
15.315757890899977,74.31128724379981,257.37,1.38,272.6,SYNTHETIC_DERIVED_FROM_KML_ELEVATION_POINTS
15.315757890899977,74.3115372437998,256.77,1.19,272.0,SYNTHETIC_DERIVED_FROM_KML_ELEVATION_POINTS
15.315757890899977,74.3117872437998,256.26,1.0,271.8,SYNTHETIC_DERIVED_FROM_KML_ELEVATION_POINTS
15.315757890899977,74.3120372437998,255.83,0.82,272.9,SYNTHETIC_DERIVED_FROM_KML_ELEVATION_POINTS
15.315757890899977,74.31228724379979,255.49,0.67,277.1,SYNTHETIC_DERIVED_FROM_KML_ELEVATION_POINTS
15.315757890899977,74.31253724379978,255.21,0.55,284.1,SYNTHETIC_DERIVED_FROM_KML_ELEVATION_POINTS
15.315757890899977,74.31278724379978,254.99,0.47,294.6,SYNTHETIC_DERIVED_FROM_KML_ELEVATION_POINTS
15.315757890899977,74.31303724379977,254.81,0.45,308.3,SYNTHETIC_DERIVED_FROM_KML_ELEVATION_POINTS
15.315757890899977,74.31328724379976,254.66,0.47,318.5,SYNTHETIC_DERIVED_FROM_KML_ELEVATION_POINTS
15.315757890899977,74.31353724379976,254.52,0.52,324.7,SYNTHETIC_DERIVED_FROM_KML_ELEVATION_POINTS
15.315757890899977,74.31378724379975,254.38,0.58,325.1,SYNTHETIC_DERIVED_FROM_KML_ELEVATION_POINTS
15.315757890899977,74.31403724379975,254.21,0.65,322.5,SYNTHETIC_DERIVED_FROM_KML_ELEVATION_POINTS
15.315757890899977,74.31428724379974,254.01,0.69,319.5,SYNTHETIC_DERIVED_FROM_KML_ELEVATION_POINTS
15.315757890899977,74.31453724379973,253.79,0.73,315.1,SYNTHETIC_DERIVED_FROM_KML_ELEVATION_POINTS
15.315757890899977,74.31478724379973,253.53,0.77,309.0,SYNTHETIC_DERIVED_FROM_KML_ELEVATION_POINTS
15.315757890899977,74.31503724379972,253.23,0.78,303.6,SYNTHETIC_DERIVED_FROM_KML_ELEVATION_POINTS
15.315757890899977,74.31528724379972,252.92,0.79,298.1,SYNTHETIC_DERIVED_FROM_KML_ELEVATION_POINTS
15.315757890899977,74.31553724379971,252.58,0.81,292.5,SYNTHETIC_DERIVED_FROM_KML_ELEVATION_POINTS
15.315757890899977,74.3157872437997,252.22,0.8,287.1,SYNTHETIC_DERIVED_FROM_KML_ELEVATION_POINTS
15.315757890899977,74.3160372437997,251.86,0.8,281.9,SYNTHETIC_DERIVED_FROM_KML_ELEVATION_POINTS
15.315757890899977,74.31628724379969,251.49,0.79,277.5,SYNTHETIC_DERIVED_FROM_KML_ELEVATION_POINTS
15.315757890899977,74.31653724379969,251.13,0.77,272.3,SYNTHETIC_DERIVED_FROM_KML_ELEVATION_POINTS
15.315757890899977,74.31678724379968,250.77,0.77,268.5,SYNTHETIC_DERIVED_FROM_KML_ELEVATION_POINTS
15.315757890899977,74.31703724379967,250.41,0.75,263.7,SYNTHETIC_DERIVED_FROM_KML_ELEVATION_POINTS
15.315757890899977,74.31728724379967,250.07,0.74,259.6,SYNTHETIC_DERIVED_FROM_KML_ELEVATION_POINTS
15.316007890899977,74.3035372438,269.51,2.22,103.9,SYNTHETIC_DERIVED_FROM_KML_ELEVATION_POINTS
15.316007890899977,74.30378724379999,270.52,2.31,104.7,SYNTHETIC_DERIVED_FROM_KML_ELEVATION_POINTS
15.316007890899977,74.30403724379998,271.6,2.48,105.2,SYNTHETIC_DERIVED_FROM_KML_ELEVATION_POINTS
15.316007890899977,74.30428724379998,272.76,2.65,105.8,SYNTHETIC_DERIVED_FROM_KML_ELEVATION_POINTS
15.316007890899977,74.30453724379997,273.99,2.81,106.6,SYNTHETIC_DERIVED_FROM_KML_ELEVATION_POINTS
15.316007890899977,74.30478724379996,275.29,2.95,107.4,SYNTHETIC_DERIVED_FROM_KML_ELEVATION_POINTS
15.316007890899977,74.30503724379996,276.63,3.03,108.8,SYNTHETIC_DERIVED_FROM_KML_ELEVATION_POINTS
15.316007890899977,74.30528724379995,277.98,3.06,111.1,SYNTHETIC_DERIVED_FROM_KML_ELEVATION_POINTS
15.316007890899977,74.30553724379995,279.31,2.97,114.1,SYNTHETIC_DERIVED_FROM_KML_ELEVATION_POINTS
15.316007890899977,74.30578724379994,280.52,2.71,119.3,SYNTHETIC_DERIVED_FROM_KML_ELEVATION_POINTS
15.316007890899977,74.30603724379993,281.53,2.31,128.3,SYNTHETIC_DERIVED_FROM_KML_ELEVATION_POINTS
15.316007890899977,74.30628724379993,282.22,1.83,147.5,SYNTHETIC_DERIVED_FROM_KML_ELEVATION_POINTS
15.316007890899977,74.30653724379992,282.45,1.63,182.6,SYNTHETIC_DERIVED_FROM_KML_ELEVATION_POINTS
15.316007890899977,74.30678724379992,282.15,2.11,217.0,SYNTHETIC_DERIVED_FROM_KML_ELEVATION_POINTS
15.316007890899977,74.30703724379991,281.26,2.98,235.3,SYNTHETIC_DERIVED_FROM_KML_ELEVATION_POINTS
15.316007890899977,74.3072872437999,279.85,3.81,244.3,SYNTHETIC_DERIVED_FROM_KML_ELEVATION_POINTS
15.316007890899977,74.3075372437999,278.04,4.37,249.2,SYNTHETIC_DERIVED_FROM_KML_ELEVATION_POINTS
15.316007890899977,74.3077872437999,276.01,4.62,252.5,SYNTHETIC_DERIVED_FROM_KML_ELEVATION_POINTS
15.316007890899977,74.30803724379989,273.9,4.57,255.0,SYNTHETIC_DERIVED_FROM_KML_ELEVATION_POINTS
15.316007890899977,74.30828724379988,271.86,4.32,257.4,SYNTHETIC_DERIVED_FROM_KML_ELEVATION_POINTS
15.316007890899977,74.30853724379988,269.94,3.97,259.9,SYNTHETIC_DERIVED_FROM_KML_ELEVATION_POINTS
15.316007890899977,74.30878724379987,268.19,3.59,262.4,SYNTHETIC_DERIVED_FROM_KML_ELEVATION_POINTS
15.316007890899977,74.30903724379986,266.6,3.24,265.1,SYNTHETIC_DERIVED_FROM_KML_ELEVATION_POINTS
15.316007890899977,74.30928724379986,265.16,2.94,267.4,SYNTHETIC_DERIVED_FROM_KML_ELEVATION_POINTS
15.316007890899977,74.30953724379985,263.85,2.68,269.6,SYNTHETIC_DERIVED_FROM_KML_ELEVATION_POINTS
15.316007890899977,74.30978724379985,262.65,2.45,271.2,SYNTHETIC_DERIVED_FROM_KML_ELEVATION_POINTS
15.316007890899977,74.31003724379984,261.55,2.25,272.1,SYNTHETIC_DERIVED_FROM_KML_ELEVATION_POINTS
15.316007890899977,74.31028724379983,260.54,2.06,272.9,SYNTHETIC_DERIVED_FROM_KML_ELEVATION_POINTS
15.316007890899977,74.31053724379983,259.62,1.88,272.8,SYNTHETIC_DERIVED_FROM_KML_ELEVATION_POINTS
15.316007890899977,74.31078724379982,258.78,1.7,272.4,SYNTHETIC_DERIVED_FROM_KML_ELEVATION_POINTS
15.316007890899977,74.31103724379982,258.03,1.53,271.9,SYNTHETIC_DERIVED_FROM_KML_ELEVATION_POINTS
15.316007890899977,74.31128724379981,257.35,1.36,270.9,SYNTHETIC_DERIVED_FROM_KML_ELEVATION_POINTS
15.316007890899977,74.3115372437998,256.76,1.17,270.5,SYNTHETIC_DERIVED_FROM_KML_ELEVATION_POINTS
15.316007890899977,74.3117872437998,256.25,1.0,270.6,SYNTHETIC_DERIVED_FROM_KML_ELEVATION_POINTS
15.316007890899977,74.3120372437998,255.82,0.85,271.4,SYNTHETIC_DERIVED_FROM_KML_ELEVATION_POINTS
15.316007890899977,74.31228724379979,255.45,0.72,274.9,SYNTHETIC_DERIVED_FROM_KML_ELEVATION_POINTS
15.316007890899977,74.31253724379978,255.15,0.6,279.9,SYNTHETIC_DERIVED_FROM_KML_ELEVATION_POINTS
15.316007890899977,74.31278724379978,254.9,0.52,288.5,SYNTHETIC_DERIVED_FROM_KML_ELEVATION_POINTS
15.316007890899977,74.31303724379977,254.69,0.47,297.4,SYNTHETIC_DERIVED_FROM_KML_ELEVATION_POINTS
15.316007890899977,74.31328724379976,254.51,0.47,306.7,SYNTHETIC_DERIVED_FROM_KML_ELEVATION_POINTS
15.316007890899977,74.31353724379976,254.34,0.5,313.1,SYNTHETIC_DERIVED_FROM_KML_ELEVATION_POINTS
15.316007890899977,74.31378724379975,254.17,0.55,315.5,SYNTHETIC_DERIVED_FROM_KML_ELEVATION_POINTS
15.316007890899977,74.31403724379975,253.98,0.59,315.4,SYNTHETIC_DERIVED_FROM_KML_ELEVATION_POINTS
15.316007890899977,74.31428724379974,253.78,0.62,314.0,SYNTHETIC_DERIVED_FROM_KML_ELEVATION_POINTS
15.316007890899977,74.31453724379973,253.56,0.66,310.8,SYNTHETIC_DERIVED_FROM_KML_ELEVATION_POINTS
15.316007890899977,74.31478724379973,253.31,0.69,306.6,SYNTHETIC_DERIVED_FROM_KML_ELEVATION_POINTS
15.316007890899977,74.31503724379972,253.04,0.7,301.8,SYNTHETIC_DERIVED_FROM_KML_ELEVATION_POINTS
15.316007890899977,74.31528724379972,252.75,0.73,296.8,SYNTHETIC_DERIVED_FROM_KML_ELEVATION_POINTS
15.316007890899977,74.31553724379971,252.43,0.74,292.1,SYNTHETIC_DERIVED_FROM_KML_ELEVATION_POINTS
15.316007890899977,74.3157872437997,252.11,0.73,287.3,SYNTHETIC_DERIVED_FROM_KML_ELEVATION_POINTS
15.316007890899977,74.3160372437997,251.78,0.73,282.2,SYNTHETIC_DERIVED_FROM_KML_ELEVATION_POINTS
15.316007890899977,74.31628724379969,251.44,0.72,277.4,SYNTHETIC_DERIVED_FROM_KML_ELEVATION_POINTS
15.316007890899977,74.31653724379969,251.11,0.72,273.3,SYNTHETIC_DERIVED_FROM_KML_ELEVATION_POINTS
15.316007890899977,74.31678724379968,250.77,0.7,269.2,SYNTHETIC_DERIVED_FROM_KML_ELEVATION_POINTS
15.316007890899977,74.31703724379967,250.45,0.69,264.8,SYNTHETIC_DERIVED_FROM_KML_ELEVATION_POINTS
15.316007890899977,74.31728724379967,250.13,0.69,261.4,SYNTHETIC_DERIVED_FROM_KML_ELEVATION_POINTS
15.316257890899976,74.3035372438,269.72,2.22,98.5,SYNTHETIC_DERIVED_FROM_KML_ELEVATION_POINTS
15.316257890899976,74.30378724379999,270.75,2.3,98.8,SYNTHETIC_DERIVED_FROM_KML_ELEVATION_POINTS
15.316257890899976,74.30403724379998,271.85,2.46,98.7,SYNTHETIC_DERIVED_FROM_KML_ELEVATION_POINTS
15.316257890899976,74.30428724379998,273.03,2.63,98.3,SYNTHETIC_DERIVED_FROM_KML_ELEVATION_POINTS
15.316257890899976,74.30453724379997,274.29,2.77,98.3,SYNTHETIC_DERIVED_FROM_KML_ELEVATION_POINTS
15.316257890899976,74.30478724379996,275.6,2.89,98.2,SYNTHETIC_DERIVED_FROM_KML_ELEVATION_POINTS
15.316257890899976,74.30503724379996,276.97,2.97,98.2,SYNTHETIC_DERIVED_FROM_KML_ELEVATION_POINTS
15.316257890899976,74.30528724379995,278.36,2.95,98.4,SYNTHETIC_DERIVED_FROM_KML_ELEVATION_POINTS
15.316257890899976,74.30553724379995,279.71,2.79,98.7,SYNTHETIC_DERIVED_FROM_KML_ELEVATION_POINTS
15.316257890899976,74.30578724379994,280.95,2.46,99.9,SYNTHETIC_DERIVED_FROM_KML_ELEVATION_POINTS
15.316257890899976,74.30603724379993,281.98,1.9,102.5,SYNTHETIC_DERIVED_FROM_KML_ELEVATION_POINTS
15.316257890899976,74.30628724379993,282.69,1.11,111.2,SYNTHETIC_DERIVED_FROM_KML_ELEVATION_POINTS
15.316257890899976,74.30653724379992,282.95,0.42,182.9,SYNTHETIC_DERIVED_FROM_KML_ELEVATION_POINTS
15.316257890899976,74.30678724379992,282.67,1.3,250.2,SYNTHETIC_DERIVED_FROM_KML_ELEVATION_POINTS
15.316257890899976,74.30703724379991,281.8,2.47,258.5,SYNTHETIC_DERIVED_FROM_KML_ELEVATION_POINTS
15.316257890899976,74.3072872437999,280.4,3.48,260.8,SYNTHETIC_DERIVED_FROM_KML_ELEVATION_POINTS
15.316257890899976,74.3075372437999,278.58,4.19,261.7,SYNTHETIC_DERIVED_FROM_KML_ELEVATION_POINTS
15.316257890899976,74.3077872437999,276.51,4.55,262.2,SYNTHETIC_DERIVED_FROM_KML_ELEVATION_POINTS
15.316257890899976,74.30803724379989,274.35,4.6,262.6,SYNTHETIC_DERIVED_FROM_KML_ELEVATION_POINTS
15.316257890899976,74.30828724379988,272.23,4.42,263.3,SYNTHETIC_DERIVED_FROM_KML_ELEVATION_POINTS
15.316257890899976,74.30853724379988,270.23,4.11,264.1,SYNTHETIC_DERIVED_FROM_KML_ELEVATION_POINTS
15.316257890899976,74.30878724379987,268.39,3.74,265.3,SYNTHETIC_DERIVED_FROM_KML_ELEVATION_POINTS
15.316257890899976,74.30903724379986,266.73,3.37,266.7,SYNTHETIC_DERIVED_FROM_KML_ELEVATION_POINTS
15.316257890899976,74.30928724379986,265.23,3.05,268.1,SYNTHETIC_DERIVED_FROM_KML_ELEVATION_POINTS
15.316257890899976,74.30953724379985,263.87,2.76,269.4,SYNTHETIC_DERIVED_FROM_KML_ELEVATION_POINTS
15.316257890899976,74.30978724379985,262.64,2.5,270.2,SYNTHETIC_DERIVED_FROM_KML_ELEVATION_POINTS
15.316257890899976,74.31003724379984,261.53,2.27,271.0,SYNTHETIC_DERIVED_FROM_KML_ELEVATION_POINTS
15.316257890899976,74.31028724379983,260.51,2.07,271.1,SYNTHETIC_DERIVED_FROM_KML_ELEVATION_POINTS
15.316257890899976,74.31053724379983,259.59,1.87,271.3,SYNTHETIC_DERIVED_FROM_KML_ELEVATION_POINTS
15.316257890899976,74.31078724379982,258.76,1.69,270.7,SYNTHETIC_DERIVED_FROM_KML_ELEVATION_POINTS
15.316257890899976,74.31103724379982,258.01,1.5,270.4,SYNTHETIC_DERIVED_FROM_KML_ELEVATION_POINTS
15.316257890899976,74.31128724379981,257.35,1.33,270.0,SYNTHETIC_DERIVED_FROM_KML_ELEVATION_POINTS
15.316257890899976,74.3115372437998,256.76,1.17,269.5,SYNTHETIC_DERIVED_FROM_KML_ELEVATION_POINTS
15.316257890899976,74.3117872437998,256.25,1.01,270.0,SYNTHETIC_DERIVED_FROM_KML_ELEVATION_POINTS
15.316257890899976,74.3120372437998,255.81,0.88,271.3,SYNTHETIC_DERIVED_FROM_KML_ELEVATION_POINTS
15.316257890899976,74.31228724379979,255.43,0.75,273.2,SYNTHETIC_DERIVED_FROM_KML_ELEVATION_POINTS
15.316257890899976,74.31253724379978,255.11,0.64,276.4,SYNTHETIC_DERIVED_FROM_KML_ELEVATION_POINTS
15.316257890899976,74.31278724379978,254.83,0.56,282.8,SYNTHETIC_DERIVED_FROM_KML_ELEVATION_POINTS
15.316257890899976,74.31303724379977,254.6,0.5,290.4,SYNTHETIC_DERIVED_FROM_KML_ELEVATION_POINTS
15.316257890899976,74.31328724379976,254.39,0.49,297.4,SYNTHETIC_DERIVED_FROM_KML_ELEVATION_POINTS
15.316257890899976,74.31353724379976,254.19,0.5,303.7,SYNTHETIC_DERIVED_FROM_KML_ELEVATION_POINTS
15.316257890899976,74.31378724379975,254.0,0.52,307.5,SYNTHETIC_DERIVED_FROM_KML_ELEVATION_POINTS
15.316257890899976,74.31403724379975,253.8,0.55,307.8,SYNTHETIC_DERIVED_FROM_KML_ELEVATION_POINTS
15.316257890899976,74.31428724379974,253.59,0.58,307.3,SYNTHETIC_DERIVED_FROM_KML_ELEVATION_POINTS
15.316257890899976,74.31453724379973,253.37,0.6,305.5,SYNTHETIC_DERIVED_FROM_KML_ELEVATION_POINTS
15.316257890899976,74.31478724379973,253.13,0.63,302.5,SYNTHETIC_DERIVED_FROM_KML_ELEVATION_POINTS
15.316257890899976,74.31503724379972,252.87,0.65,299.4,SYNTHETIC_DERIVED_FROM_KML_ELEVATION_POINTS
15.316257890899976,74.31528724379972,252.6,0.66,295.7,SYNTHETIC_DERIVED_FROM_KML_ELEVATION_POINTS
15.316257890899976,74.31553724379971,252.31,0.67,289.8,SYNTHETIC_DERIVED_FROM_KML_ELEVATION_POINTS
15.316257890899976,74.3157872437997,252.01,0.67,286.1,SYNTHETIC_DERIVED_FROM_KML_ELEVATION_POINTS
15.316257890899976,74.3160372437997,251.71,0.67,282.5,SYNTHETIC_DERIVED_FROM_KML_ELEVATION_POINTS
15.316257890899976,74.31628724379969,251.4,0.67,278.0,SYNTHETIC_DERIVED_FROM_KML_ELEVATION_POINTS
15.316257890899976,74.31653724379969,251.09,0.66,274.4,SYNTHETIC_DERIVED_FROM_KML_ELEVATION_POINTS
15.316257890899976,74.31678724379968,250.78,0.66,269.1,SYNTHETIC_DERIVED_FROM_KML_ELEVATION_POINTS
15.316257890899976,74.31703724379967,250.47,0.65,266.4,SYNTHETIC_DERIVED_FROM_KML_ELEVATION_POINTS
15.316257890899976,74.31728724379967,250.17,0.65,262.7,SYNTHETIC_DERIVED_FROM_KML_ELEVATION_POINTS
15.316507890899976,74.3035372438,269.83,2.2,92.9,SYNTHETIC_DERIVED_FROM_KML_ELEVATION_POINTS
15.316507890899976,74.30378724379999,270.86,2.27,92.3,SYNTHETIC_DERIVED_FROM_KML_ELEVATION_POINTS
15.316507890899976,74.30403724379998,271.96,2.42,91.7,SYNTHETIC_DERIVED_FROM_KML_ELEVATION_POINTS
15.316507890899976,74.30428724379998,273.13,2.58,90.9,SYNTHETIC_DERIVED_FROM_KML_ELEVATION_POINTS
15.316507890899976,74.30453724379997,274.38,2.73,89.8,SYNTHETIC_DERIVED_FROM_KML_ELEVATION_POINTS
15.316507890899976,74.30478724379996,275.69,2.84,89.0,SYNTHETIC_DERIVED_FROM_KML_ELEVATION_POINTS
15.316507890899976,74.30503724379996,277.04,2.89,87.4,SYNTHETIC_DERIVED_FROM_KML_ELEVATION_POINTS
15.316507890899976,74.30528724379995,278.4,2.87,85.5,SYNTHETIC_DERIVED_FROM_KML_ELEVATION_POINTS
15.316507890899976,74.30553724379995,279.72,2.72,82.8,SYNTHETIC_DERIVED_FROM_KML_ELEVATION_POINTS
15.316507890899976,74.30578724379994,280.93,2.4,79.1,SYNTHETIC_DERIVED_FROM_KML_ELEVATION_POINTS
15.316507890899976,74.30603724379993,281.93,1.88,72.2,SYNTHETIC_DERIVED_FROM_KML_ELEVATION_POINTS
15.316507890899976,74.30628724379993,282.61,1.2,55.6,SYNTHETIC_DERIVED_FROM_KML_ELEVATION_POINTS
15.316507890899976,74.30653724379992,282.86,0.74,357.5,SYNTHETIC_DERIVED_FROM_KML_ELEVATION_POINTS
15.316507890899976,74.30678724379992,282.58,1.41,301.8,SYNTHETIC_DERIVED_FROM_KML_ELEVATION_POINTS
15.316507890899976,74.30703724379991,281.74,2.43,285.7,SYNTHETIC_DERIVED_FROM_KML_ELEVATION_POINTS
15.316507890899976,74.3072872437999,280.39,3.36,279.0,SYNTHETIC_DERIVED_FROM_KML_ELEVATION_POINTS
15.316507890899976,74.3075372437999,278.63,4.04,275.0,SYNTHETIC_DERIVED_FROM_KML_ELEVATION_POINTS
15.316507890899976,74.3077872437999,276.61,4.42,272.5,SYNTHETIC_DERIVED_FROM_KML_ELEVATION_POINTS
15.316507890899976,74.30803724379989,274.48,4.53,270.8,SYNTHETIC_DERIVED_FROM_KML_ELEVATION_POINTS
15.316507890899976,74.30828724379988,272.36,4.4,269.7,SYNTHETIC_DERIVED_FROM_KML_ELEVATION_POINTS
15.316507890899976,74.30853724379988,270.35,4.12,269.3,SYNTHETIC_DERIVED_FROM_KML_ELEVATION_POINTS
15.316507890899976,74.30878724379987,268.49,3.79,269.1,SYNTHETIC_DERIVED_FROM_KML_ELEVATION_POINTS
15.316507890899976,74.30903724379986,266.79,3.44,269.3,SYNTHETIC_DERIVED_FROM_KML_ELEVATION_POINTS
15.316507890899976,74.30928724379986,265.26,3.1,269.8,SYNTHETIC_DERIVED_FROM_KML_ELEVATION_POINTS
15.316507890899976,74.30953724379985,263.88,2.79,270.2,SYNTHETIC_DERIVED_FROM_KML_ELEVATION_POINTS
15.316507890899976,74.30978724379985,262.64,2.53,270.5,SYNTHETIC_DERIVED_FROM_KML_ELEVATION_POINTS
15.316507890899976,74.31003724379984,261.51,2.28,270.8,SYNTHETIC_DERIVED_FROM_KML_ELEVATION_POINTS
15.316507890899976,74.31028724379983,260.5,2.06,270.6,SYNTHETIC_DERIVED_FROM_KML_ELEVATION_POINTS
15.316507890899976,74.31053724379983,259.58,1.86,270.3,SYNTHETIC_DERIVED_FROM_KML_ELEVATION_POINTS
15.316507890899976,74.31078724379982,258.76,1.66,270.0,SYNTHETIC_DERIVED_FROM_KML_ELEVATION_POINTS
15.316507890899976,74.31103724379982,258.02,1.5,269.6,SYNTHETIC_DERIVED_FROM_KML_ELEVATION_POINTS
15.316507890899976,74.31128724379981,257.35,1.33,269.6,SYNTHETIC_DERIVED_FROM_KML_ELEVATION_POINTS
15.316507890899976,74.3115372437998,256.77,1.17,269.0,SYNTHETIC_DERIVED_FROM_KML_ELEVATION_POINTS
15.316507890899976,74.3117872437998,256.25,1.04,269.4,SYNTHETIC_DERIVED_FROM_KML_ELEVATION_POINTS
15.316507890899976,74.3120372437998,255.8,0.9,270.0,SYNTHETIC_DERIVED_FROM_KML_ELEVATION_POINTS
15.316507890899976,74.31228724379979,255.41,0.77,271.5,SYNTHETIC_DERIVED_FROM_KML_ELEVATION_POINTS
15.316507890899976,74.31253724379978,255.08,0.68,275.2,SYNTHETIC_DERIVED_FROM_KML_ELEVATION_POINTS
15.316507890899976,74.31278724379978,254.78,0.6,278.8,SYNTHETIC_DERIVED_FROM_KML_ELEVATION_POINTS
15.316507890899976,74.31303724379977,254.52,0.54,284.4,SYNTHETIC_DERIVED_FROM_KML_ELEVATION_POINTS
15.316507890899976,74.31328724379976,254.29,0.51,291.1,SYNTHETIC_DERIVED_FROM_KML_ELEVATION_POINTS
15.316507890899976,74.31353724379976,254.07,0.51,295.2,SYNTHETIC_DERIVED_FROM_KML_ELEVATION_POINTS
15.316507890899976,74.31378724379975,253.86,0.51,298.9,SYNTHETIC_DERIVED_FROM_KML_ELEVATION_POINTS
15.316507890899976,74.31403724379975,253.65,0.52,300.8,SYNTHETIC_DERIVED_FROM_KML_ELEVATION_POINTS
15.316507890899976,74.31428724379974,253.44,0.54,301.2,SYNTHETIC_DERIVED_FROM_KML_ELEVATION_POINTS
15.316507890899976,74.31453724379973,253.22,0.57,300.4,SYNTHETIC_DERIVED_FROM_KML_ELEVATION_POINTS
15.316507890899976,74.31478724379973,252.98,0.59,298.0,SYNTHETIC_DERIVED_FROM_KML_ELEVATION_POINTS
15.316507890899976,74.31503724379972,252.73,0.6,295.3,SYNTHETIC_DERIVED_FROM_KML_ELEVATION_POINTS
15.316507890899976,74.31528724379972,252.47,0.6,293.1,SYNTHETIC_DERIVED_FROM_KML_ELEVATION_POINTS
15.316507890899976,74.31553724379971,252.21,0.61,288.7,SYNTHETIC_DERIVED_FROM_KML_ELEVATION_POINTS
15.316507890899976,74.3157872437997,251.93,0.63,284.2,SYNTHETIC_DERIVED_FROM_KML_ELEVATION_POINTS
15.316507890899976,74.3160372437997,251.64,0.63,281.3,SYNTHETIC_DERIVED_FROM_KML_ELEVATION_POINTS
15.316507890899976,74.31628724379969,251.35,0.62,277.6,SYNTHETIC_DERIVED_FROM_KML_ELEVATION_POINTS
15.316507890899976,74.31653724379969,251.06,0.61,273.9,SYNTHETIC_DERIVED_FROM_KML_ELEVATION_POINTS
15.316507890899976,74.31678724379968,250.78,0.61,270.0,SYNTHETIC_DERIVED_FROM_KML_ELEVATION_POINTS
15.316507890899976,74.31703724379967,250.49,0.61,266.1,SYNTHETIC_DERIVED_FROM_KML_ELEVATION_POINTS
15.316507890899976,74.31728724379967,250.21,0.6,263.1,SYNTHETIC_DERIVED_FROM_KML_ELEVATION_POINTS
15.316757890899975,74.3035372438,269.83,2.16,87.5,SYNTHETIC_DERIVED_FROM_KML_ELEVATION_POINTS
15.316757890899975,74.30378724379999,270.84,2.23,86.3,SYNTHETIC_DERIVED_FROM_KML_ELEVATION_POINTS
15.316757890899975,74.30403724379998,271.92,2.39,85.1,SYNTHETIC_DERIVED_FROM_KML_ELEVATION_POINTS
15.316757890899975,74.30428724379998,273.07,2.53,83.7,SYNTHETIC_DERIVED_FROM_KML_ELEVATION_POINTS
15.316757890899975,74.30453724379997,274.28,2.67,81.8,SYNTHETIC_DERIVED_FROM_KML_ELEVATION_POINTS
15.316757890899975,74.30478724379996,275.55,2.78,79.5,SYNTHETIC_DERIVED_FROM_KML_ELEVATION_POINTS
15.316757890899975,74.30503724379996,276.84,2.84,76.8,SYNTHETIC_DERIVED_FROM_KML_ELEVATION_POINTS
15.316757890899975,74.30528724379995,278.14,2.83,73.1,SYNTHETIC_DERIVED_FROM_KML_ELEVATION_POINTS
15.316757890899975,74.30553724379995,279.38,2.72,68.3,SYNTHETIC_DERIVED_FROM_KML_ELEVATION_POINTS
15.316757890899975,74.30578724379994,280.51,2.49,60.8,SYNTHETIC_DERIVED_FROM_KML_ELEVATION_POINTS
15.316757890899975,74.30603724379993,281.42,2.16,48.8,SYNTHETIC_DERIVED_FROM_KML_ELEVATION_POINTS
15.316757890899975,74.30628724379993,282.03,1.81,28.6,SYNTHETIC_DERIVED_FROM_KML_ELEVATION_POINTS
15.316757890899975,74.30653724379992,282.23,1.7,357.1,SYNTHETIC_DERIVED_FROM_KML_ELEVATION_POINTS
15.316757890899975,74.30678724379992,281.95,2.05,326.2,SYNTHETIC_DERIVED_FROM_KML_ELEVATION_POINTS
15.316757890899975,74.30703724379991,281.16,2.73,306.3,SYNTHETIC_DERIVED_FROM_KML_ELEVATION_POINTS
15.316757890899975,74.3072872437999,279.89,3.43,294.7,SYNTHETIC_DERIVED_FROM_KML_ELEVATION_POINTS
15.316757890899975,74.3075372437999,278.24,3.98,287.3,SYNTHETIC_DERIVED_FROM_KML_ELEVATION_POINTS
15.316757890899975,74.3077872437999,276.32,4.31,282.3,SYNTHETIC_DERIVED_FROM_KML_ELEVATION_POINTS
15.316757890899975,74.30803724379989,274.29,4.39,278.8,SYNTHETIC_DERIVED_FROM_KML_ELEVATION_POINTS
15.316757890899975,74.30828724379988,272.25,4.3,276.2,SYNTHETIC_DERIVED_FROM_KML_ELEVATION_POINTS
15.316757890899975,74.30853724379988,270.28,4.06,274.5,SYNTHETIC_DERIVED_FROM_KML_ELEVATION_POINTS
15.316757890899975,74.30878724379987,268.45,3.75,273.3,SYNTHETIC_DERIVED_FROM_KML_ELEVATION_POINTS
15.316757890899975,74.30903724379986,266.77,3.43,272.6,SYNTHETIC_DERIVED_FROM_KML_ELEVATION_POINTS
15.316757890899975,74.30928724379986,265.24,3.1,272.1,SYNTHETIC_DERIVED_FROM_KML_ELEVATION_POINTS
15.316757890899975,74.30953724379985,263.86,2.8,271.7,SYNTHETIC_DERIVED_FROM_KML_ELEVATION_POINTS
15.316757890899975,74.30978724379985,262.62,2.52,271.6,SYNTHETIC_DERIVED_FROM_KML_ELEVATION_POINTS
15.316757890899975,74.31003724379984,261.5,2.27,271.3,SYNTHETIC_DERIVED_FROM_KML_ELEVATION_POINTS
15.316757890899975,74.31028724379983,260.49,2.05,271.2,SYNTHETIC_DERIVED_FROM_KML_ELEVATION_POINTS
15.316757890899975,74.31053724379983,259.58,1.85,270.6,SYNTHETIC_DERIVED_FROM_KML_ELEVATION_POINTS
15.316757890899975,74.31078724379982,258.76,1.66,270.4,SYNTHETIC_DERIVED_FROM_KML_ELEVATION_POINTS
15.316757890899975,74.31103724379982,258.02,1.49,269.6,SYNTHETIC_DERIVED_FROM_KML_ELEVATION_POINTS
15.316757890899975,74.31128724379981,257.36,1.32,269.1,SYNTHETIC_DERIVED_FROM_KML_ELEVATION_POINTS
15.316757890899975,74.3115372437998,256.78,1.17,269.0,SYNTHETIC_DERIVED_FROM_KML_ELEVATION_POINTS
15.316757890899975,74.3117872437998,256.26,1.04,268.9,SYNTHETIC_DERIVED_FROM_KML_ELEVATION_POINTS
15.316757890899975,74.3120372437998,255.81,0.91,269.3,SYNTHETIC_DERIVED_FROM_KML_ELEVATION_POINTS
15.316757890899975,74.31228724379979,255.41,0.81,270.7,SYNTHETIC_DERIVED_FROM_KML_ELEVATION_POINTS
15.316757890899975,74.31253724379978,255.05,0.72,273.3,SYNTHETIC_DERIVED_FROM_KML_ELEVATION_POINTS
15.316757890899975,74.31278724379978,254.74,0.62,275.7,SYNTHETIC_DERIVED_FROM_KML_ELEVATION_POINTS
15.316757890899975,74.31303724379977,254.47,0.57,279.3,SYNTHETIC_DERIVED_FROM_KML_ELEVATION_POINTS
15.316757890899975,74.31328724379976,254.21,0.54,284.4,SYNTHETIC_DERIVED_FROM_KML_ELEVATION_POINTS
15.316757890899975,74.31353724379976,253.98,0.51,288.9,SYNTHETIC_DERIVED_FROM_KML_ELEVATION_POINTS
15.316757890899975,74.31378724379975,253.76,0.5,291.5,SYNTHETIC_DERIVED_FROM_KML_ELEVATION_POINTS
15.316757890899975,74.31403724379975,253.54,0.51,293.7,SYNTHETIC_DERIVED_FROM_KML_ELEVATION_POINTS
15.316757890899975,74.31428724379974,253.32,0.53,295.2,SYNTHETIC_DERIVED_FROM_KML_ELEVATION_POINTS
15.316757890899975,74.31453724379973,253.09,0.54,294.8,SYNTHETIC_DERIVED_FROM_KML_ELEVATION_POINTS
15.316757890899975,74.31478724379973,252.86,0.55,293.3,SYNTHETIC_DERIVED_FROM_KML_ELEVATION_POINTS
15.316757890899975,74.31503724379972,252.62,0.56,291.5,SYNTHETIC_DERIVED_FROM_KML_ELEVATION_POINTS
15.316757890899975,74.31528724379972,252.37,0.56,289.1,SYNTHETIC_DERIVED_FROM_KML_ELEVATION_POINTS
15.316757890899975,74.31553724379971,252.12,0.57,286.8,SYNTHETIC_DERIVED_FROM_KML_ELEVATION_POINTS
15.316757890899975,74.3157872437997,251.86,0.58,283.3,SYNTHETIC_DERIVED_FROM_KML_ELEVATION_POINTS
15.316757890899975,74.3160372437997,251.59,0.59,280.1,SYNTHETIC_DERIVED_FROM_KML_ELEVATION_POINTS
15.316757890899975,74.31628724379969,251.32,0.58,276.1,SYNTHETIC_DERIVED_FROM_KML_ELEVATION_POINTS
15.316757890899975,74.31653724379969,251.05,0.58,273.1,SYNTHETIC_DERIVED_FROM_KML_ELEVATION_POINTS
15.316757890899975,74.31678724379968,250.78,0.58,270.0,SYNTHETIC_DERIVED_FROM_KML_ELEVATION_POINTS
15.316757890899975,74.31703724379967,250.51,0.58,265.9,SYNTHETIC_DERIVED_FROM_KML_ELEVATION_POINTS
15.316757890899975,74.31728724379967,250.24,0.58,262.9,SYNTHETIC_DERIVED_FROM_KML_ELEVATION_POINTS
15.317007890899974,74.3035372438,269.74,2.11,82.2,SYNTHETIC_DERIVED_FROM_KML_ELEVATION_POINTS
15.317007890899974,74.30378724379999,270.72,2.19,80.2,SYNTHETIC_DERIVED_FROM_KML_ELEVATION_POINTS
15.317007890899974,74.30403724379998,271.76,2.33,78.5,SYNTHETIC_DERIVED_FROM_KML_ELEVATION_POINTS
15.317007890899974,74.30428724379998,272.86,2.47,76.3,SYNTHETIC_DERIVED_FROM_KML_ELEVATION_POINTS
15.317007890899974,74.30453724379997,274.01,2.6,73.9,SYNTHETIC_DERIVED_FROM_KML_ELEVATION_POINTS
15.317007890899974,74.30478724379996,275.2,2.71,70.7,SYNTHETIC_DERIVED_FROM_KML_ELEVATION_POINTS
15.317007890899974,74.30503724379996,276.41,2.78,66.9,SYNTHETIC_DERIVED_FROM_KML_ELEVATION_POINTS
15.317007890899974,74.30528724379995,277.6,2.81,62.1,SYNTHETIC_DERIVED_FROM_KML_ELEVATION_POINTS
15.317007890899974,74.30553724379995,278.74,2.78,55.7,SYNTHETIC_DERIVED_FROM_KML_ELEVATION_POINTS
15.317007890899974,74.30578724379994,279.75,2.65,46.7,SYNTHETIC_DERIVED_FROM_KML_ELEVATION_POINTS
15.317007890899974,74.30603724379993,280.55,2.49,34.4,SYNTHETIC_DERIVED_FROM_KML_ELEVATION_POINTS
15.317007890899974,74.30628724379993,281.07,2.37,17.3,SYNTHETIC_DERIVED_FROM_KML_ELEVATION_POINTS
15.317007890899974,74.30653724379992,281.21,2.39,356.2,SYNTHETIC_DERIVED_FROM_KML_ELEVATION_POINTS
15.317007890899974,74.30678724379992,280.92,2.65,335.3,SYNTHETIC_DERIVED_FROM_KML_ELEVATION_POINTS
15.317007890899974,74.30703724379991,280.17,3.09,318.5,SYNTHETIC_DERIVED_FROM_KML_ELEVATION_POINTS
15.317007890899974,74.3072872437999,279.0,3.55,306.2,SYNTHETIC_DERIVED_FROM_KML_ELEVATION_POINTS
15.317007890899974,74.3075372437999,277.48,3.94,297.5,SYNTHETIC_DERIVED_FROM_KML_ELEVATION_POINTS
15.317007890899974,74.3077872437999,275.72,4.16,291.0,SYNTHETIC_DERIVED_FROM_KML_ELEVATION_POINTS
15.317007890899974,74.30803724379989,273.83,4.22,286.1,SYNTHETIC_DERIVED_FROM_KML_ELEVATION_POINTS
15.317007890899974,74.30828724379988,271.91,4.14,282.5,SYNTHETIC_DERIVED_FROM_KML_ELEVATION_POINTS
15.317007890899974,74.30853724379988,270.04,3.92,279.7,SYNTHETIC_DERIVED_FROM_KML_ELEVATION_POINTS
15.317007890899974,74.30878724379987,268.28,3.66,277.6,SYNTHETIC_DERIVED_FROM_KML_ELEVATION_POINTS
15.317007890899974,74.30903724379986,266.64,3.36,276.2,SYNTHETIC_DERIVED_FROM_KML_ELEVATION_POINTS
15.317007890899974,74.30928724379986,265.15,3.04,274.9,SYNTHETIC_DERIVED_FROM_KML_ELEVATION_POINTS
15.317007890899974,74.30953724379985,263.8,2.76,273.8,SYNTHETIC_DERIVED_FROM_KML_ELEVATION_POINTS
15.317007890899974,74.30978724379985,262.57,2.5,273.3,SYNTHETIC_DERIVED_FROM_KML_ELEVATION_POINTS
15.317007890899974,74.31003724379984,261.46,2.25,272.6,SYNTHETIC_DERIVED_FROM_KML_ELEVATION_POINTS
15.317007890899974,74.31028724379983,260.46,2.03,271.7,SYNTHETIC_DERIVED_FROM_KML_ELEVATION_POINTS
15.317007890899974,74.31053724379983,259.56,1.82,271.3,SYNTHETIC_DERIVED_FROM_KML_ELEVATION_POINTS
15.317007890899974,74.31078724379982,258.75,1.63,270.7,SYNTHETIC_DERIVED_FROM_KML_ELEVATION_POINTS
15.317007890899974,74.31103724379982,258.03,1.47,269.6,SYNTHETIC_DERIVED_FROM_KML_ELEVATION_POINTS
15.317007890899974,74.31128724379981,257.37,1.32,269.1,SYNTHETIC_DERIVED_FROM_KML_ELEVATION_POINTS
15.317007890899974,74.3115372437998,256.79,1.17,269.0,SYNTHETIC_DERIVED_FROM_KML_ELEVATION_POINTS
15.317007890899974,74.3117872437998,256.27,1.05,268.9,SYNTHETIC_DERIVED_FROM_KML_ELEVATION_POINTS
15.317007890899974,74.3120372437998,255.81,0.93,269.4,SYNTHETIC_DERIVED_FROM_KML_ELEVATION_POINTS
15.317007890899974,74.31228724379979,255.4,0.82,270.0,SYNTHETIC_DERIVED_FROM_KML_ELEVATION_POINTS
15.317007890899974,74.31253724379978,255.04,0.73,270.8,SYNTHETIC_DERIVED_FROM_KML_ELEVATION_POINTS
15.317007890899974,74.31278724379978,254.72,0.65,273.6,SYNTHETIC_DERIVED_FROM_KML_ELEVATION_POINTS
15.317007890899974,74.31303724379977,254.43,0.6,276.9,SYNTHETIC_DERIVED_FROM_KML_ELEVATION_POINTS
15.317007890899974,74.31328724379976,254.16,0.56,279.5,SYNTHETIC_DERIVED_FROM_KML_ELEVATION_POINTS
15.317007890899974,74.31353724379976,253.91,0.53,283.6,SYNTHETIC_DERIVED_FROM_KML_ELEVATION_POINTS
15.317007890899974,74.31378724379975,253.68,0.51,286.4,SYNTHETIC_DERIVED_FROM_KML_ELEVATION_POINTS
15.317007890899974,74.31403724379975,253.45,0.52,288.5,SYNTHETIC_DERIVED_FROM_KML_ELEVATION_POINTS
15.317007890899974,74.31428724379974,253.22,0.51,290.0,SYNTHETIC_DERIVED_FROM_KML_ELEVATION_POINTS
15.317007890899974,74.31453724379973,253.0,0.51,290.0,SYNTHETIC_DERIVED_FROM_KML_ELEVATION_POINTS
15.317007890899974,74.31478724379973,252.77,0.53,289.2,SYNTHETIC_DERIVED_FROM_KML_ELEVATION_POINTS
15.317007890899974,74.31503724379972,252.53,0.54,287.8,SYNTHETIC_DERIVED_FROM_KML_ELEVATION_POINTS
15.317007890899974,74.31528724379972,252.29,0.53,285.7,SYNTHETIC_DERIVED_FROM_KML_ELEVATION_POINTS
15.317007890899974,74.31553724379971,252.05,0.54,284.4,SYNTHETIC_DERIVED_FROM_KML_ELEVATION_POINTS
15.317007890899974,74.3157872437997,251.8,0.56,281.8,SYNTHETIC_DERIVED_FROM_KML_ELEVATION_POINTS
15.317007890899974,74.3160372437997,251.54,0.55,278.6,SYNTHETIC_DERIVED_FROM_KML_ELEVATION_POINTS
15.317007890899974,74.31628724379969,251.29,0.55,275.4,SYNTHETIC_DERIVED_FROM_KML_ELEVATION_POINTS
15.317007890899974,74.31653724379969,251.03,0.55,273.2,SYNTHETIC_DERIVED_FROM_KML_ELEVATION_POINTS
15.317007890899974,74.31678724379968,250.78,0.53,270.0,SYNTHETIC_DERIVED_FROM_KML_ELEVATION_POINTS
15.317007890899974,74.31703724379967,250.53,0.53,266.7,SYNTHETIC_DERIVED_FROM_KML_ELEVATION_POINTS
15.317007890899974,74.31728724379967,250.28,0.54,263.4,SYNTHETIC_DERIVED_FROM_KML_ELEVATION_POINTS
15.317257890899974,74.3035372438,269.55,2.04,76.6,SYNTHETIC_DERIVED_FROM_KML_ELEVATION_POINTS
15.317257890899974,74.30378724379999,270.48,2.13,74.3,SYNTHETIC_DERIVED_FROM_KML_ELEVATION_POINTS
15.317257890899974,74.30403724379998,271.47,2.27,72.0,SYNTHETIC_DERIVED_FROM_KML_ELEVATION_POINTS
15.317257890899974,74.30428724379998,272.5,2.4,69.5,SYNTHETIC_DERIVED_FROM_KML_ELEVATION_POINTS
15.317257890899974,74.30453724379997,273.58,2.53,66.6,SYNTHETIC_DERIVED_FROM_KML_ELEVATION_POINTS
15.317257890899974,74.30478724379996,274.68,2.64,62.6,SYNTHETIC_DERIVED_FROM_KML_ELEVATION_POINTS
15.317257890899974,74.30503724379996,275.78,2.73,58.2,SYNTHETIC_DERIVED_FROM_KML_ELEVATION_POINTS
15.317257890899974,74.30528724379995,276.86,2.79,52.7,SYNTHETIC_DERIVED_FROM_KML_ELEVATION_POINTS
15.317257890899974,74.30553724379995,277.86,2.81,45.4,SYNTHETIC_DERIVED_FROM_KML_ELEVATION_POINTS
15.317257890899974,74.30578724379994,278.74,2.8,36.4,SYNTHETIC_DERIVED_FROM_KML_ELEVATION_POINTS
15.317257890899974,74.30603724379993,279.42,2.76,24.9,SYNTHETIC_DERIVED_FROM_KML_ELEVATION_POINTS
15.317257890899974,74.30628724379993,279.83,2.77,10.9,SYNTHETIC_DERIVED_FROM_KML_ELEVATION_POINTS
15.317257890899974,74.30653724379992,279.91,2.85,355.3,SYNTHETIC_DERIVED_FROM_KML_ELEVATION_POINTS
15.317257890899974,74.30678724379992,279.61,3.05,339.5,SYNTHETIC_DERIVED_FROM_KML_ELEVATION_POINTS
15.317257890899974,74.30703724379991,278.91,3.33,325.7,SYNTHETIC_DERIVED_FROM_KML_ELEVATION_POINTS
15.317257890899974,74.3072872437999,277.85,3.63,314.3,SYNTHETIC_DERIVED_FROM_KML_ELEVATION_POINTS
15.317257890899974,74.3075372437999,276.47,3.89,305.2,SYNTHETIC_DERIVED_FROM_KML_ELEVATION_POINTS
15.317257890899974,74.3077872437999,274.87,4.02,298.3,SYNTHETIC_DERIVED_FROM_KML_ELEVATION_POINTS
15.317257890899974,74.30803724379989,273.15,4.03,292.7,SYNTHETIC_DERIVED_FROM_KML_ELEVATION_POINTS
15.317257890899974,74.30828724379988,271.38,3.94,288.2,SYNTHETIC_DERIVED_FROM_KML_ELEVATION_POINTS
15.317257890899974,74.30853724379988,269.64,3.74,284.6,SYNTHETIC_DERIVED_FROM_KML_ELEVATION_POINTS
15.317257890899974,74.30878724379987,267.98,3.51,281.8,SYNTHETIC_DERIVED_FROM_KML_ELEVATION_POINTS
15.317257890899974,74.30903724379986,266.42,3.23,279.5,SYNTHETIC_DERIVED_FROM_KML_ELEVATION_POINTS
15.317257890899974,74.30928724379986,264.99,2.95,277.8,SYNTHETIC_DERIVED_FROM_KML_ELEVATION_POINTS
15.317257890899974,74.30953724379985,263.68,2.69,276.4,SYNTHETIC_DERIVED_FROM_KML_ELEVATION_POINTS
15.317257890899974,74.30978724379985,262.48,2.44,275.1,SYNTHETIC_DERIVED_FROM_KML_ELEVATION_POINTS
15.317257890899974,74.31003724379984,261.4,2.19,274.0,SYNTHETIC_DERIVED_FROM_KML_ELEVATION_POINTS
15.317257890899974,74.31028724379983,260.43,1.99,273.0,SYNTHETIC_DERIVED_FROM_KML_ELEVATION_POINTS
15.317257890899974,74.31053724379983,259.54,1.8,272.0,SYNTHETIC_DERIVED_FROM_KML_ELEVATION_POINTS
15.317257890899974,74.31078724379982,258.74,1.61,271.1,SYNTHETIC_DERIVED_FROM_KML_ELEVATION_POINTS
15.317257890899974,74.31103724379982,258.03,1.45,270.4,SYNTHETIC_DERIVED_FROM_KML_ELEVATION_POINTS
15.317257890899974,74.31128724379981,257.38,1.31,269.6,SYNTHETIC_DERIVED_FROM_KML_ELEVATION_POINTS
15.317257890899974,74.3115372437998,256.8,1.17,269.0,SYNTHETIC_DERIVED_FROM_KML_ELEVATION_POINTS
15.317257890899974,74.3117872437998,256.28,1.05,268.9,SYNTHETIC_DERIVED_FROM_KML_ELEVATION_POINTS
15.317257890899974,74.3120372437998,255.82,0.93,268.7,SYNTHETIC_DERIVED_FROM_KML_ELEVATION_POINTS
15.317257890899974,74.31228724379979,255.41,0.83,269.3,SYNTHETIC_DERIVED_FROM_KML_ELEVATION_POINTS
15.317257890899974,74.31253724379978,255.04,0.76,270.8,SYNTHETIC_DERIVED_FROM_KML_ELEVATION_POINTS
15.317257890899974,74.31278724379978,254.7,0.68,272.6,SYNTHETIC_DERIVED_FROM_KML_ELEVATION_POINTS
15.317257890899974,74.31303724379977,254.4,0.62,274.8,SYNTHETIC_DERIVED_FROM_KML_ELEVATION_POINTS
15.317257890899974,74.31328724379976,254.12,0.58,277.1,SYNTHETIC_DERIVED_FROM_KML_ELEVATION_POINTS
15.317257890899974,74.31353724379976,253.86,0.54,279.8,SYNTHETIC_DERIVED_FROM_KML_ELEVATION_POINTS
15.317257890899974,74.31378724379975,253.62,0.52,282.5,SYNTHETIC_DERIVED_FROM_KML_ELEVATION_POINTS
15.317257890899974,74.31403724379975,253.38,0.52,283.8,SYNTHETIC_DERIVED_FROM_KML_ELEVATION_POINTS
15.317257890899974,74.31428724379974,253.15,0.51,284.1,SYNTHETIC_DERIVED_FROM_KML_ELEVATION_POINTS
15.317257890899974,74.31453724379973,252.92,0.51,285.2,SYNTHETIC_DERIVED_FROM_KML_ELEVATION_POINTS
15.317257890899974,74.31478724379973,252.69,0.51,285.2,SYNTHETIC_DERIVED_FROM_KML_ELEVATION_POINTS
15.317257890899974,74.31503724379972,252.46,0.51,284.1,SYNTHETIC_DERIVED_FROM_KML_ELEVATION_POINTS
15.317257890899974,74.31528724379972,252.23,0.51,282.7,SYNTHETIC_DERIVED_FROM_KML_ELEVATION_POINTS
15.317257890899974,74.31553724379971,251.99,0.52,281.4,SYNTHETIC_DERIVED_FROM_KML_ELEVATION_POINTS
15.317257890899974,74.3157872437997,251.75,0.52,279.1,SYNTHETIC_DERIVED_FROM_KML_ELEVATION_POINTS
15.317257890899974,74.3160372437997,251.51,0.51,275.7,SYNTHETIC_DERIVED_FROM_KML_ELEVATION_POINTS
15.317257890899974,74.31628724379969,251.27,0.52,274.5,SYNTHETIC_DERIVED_FROM_KML_ELEVATION_POINTS
15.317257890899974,74.31653724379969,251.02,0.52,271.1,SYNTHETIC_DERIVED_FROM_KML_ELEVATION_POINTS
15.317257890899974,74.31678724379968,250.78,0.51,268.8,SYNTHETIC_DERIVED_FROM_KML_ELEVATION_POINTS
15.317257890899974,74.31703724379967,250.54,0.51,266.6,SYNTHETIC_DERIVED_FROM_KML_ELEVATION_POINTS
15.317257890899974,74.31728724379967,250.3,0.51,264.3,SYNTHETIC_DERIVED_FROM_KML_ELEVATION_POINTS
15.317507890899973,74.3035372438,269.28,1.98,71.5,SYNTHETIC_DERIVED_FROM_KML_ELEVATION_POINTS
15.317507890899973,74.30378724379999,270.16,2.06,68.9,SYNTHETIC_DERIVED_FROM_KML_ELEVATION_POINTS
15.317507890899973,74.30403724379998,271.08,2.19,66.2,SYNTHETIC_DERIVED_FROM_KML_ELEVATION_POINTS
15.317507890899973,74.30428724379998,272.04,2.33,63.5,SYNTHETIC_DERIVED_FROM_KML_ELEVATION_POINTS
15.317507890899973,74.30453724379997,273.03,2.45,59.7,SYNTHETIC_DERIVED_FROM_KML_ELEVATION_POINTS
15.317507890899973,74.30478724379996,274.02,2.56,55.5,SYNTHETIC_DERIVED_FROM_KML_ELEVATION_POINTS
15.317507890899973,74.30503724379996,275.01,2.67,50.8,SYNTHETIC_DERIVED_FROM_KML_ELEVATION_POINTS
15.317507890899973,74.30528724379995,275.96,2.75,44.6,SYNTHETIC_DERIVED_FROM_KML_ELEVATION_POINTS
15.317507890899973,74.30553724379995,276.82,2.81,37.4,SYNTHETIC_DERIVED_FROM_KML_ELEVATION_POINTS
15.317507890899973,74.30578724379994,277.56,2.87,28.9,SYNTHETIC_DERIVED_FROM_KML_ELEVATION_POINTS
15.317507890899973,74.30603724379993,278.12,2.91,18.6,SYNTHETIC_DERIVED_FROM_KML_ELEVATION_POINTS
15.317507890899973,74.30628724379993,278.43,2.97,6.8,SYNTHETIC_DERIVED_FROM_KML_ELEVATION_POINTS
15.317507890899973,74.30653724379992,278.45,3.08,354.2,SYNTHETIC_DERIVED_FROM_KML_ELEVATION_POINTS
15.317507890899973,74.30678724379992,278.14,3.25,341.6,SYNTHETIC_DERIVED_FROM_KML_ELEVATION_POINTS
15.317507890899973,74.30703724379991,277.49,3.43,330.0,SYNTHETIC_DERIVED_FROM_KML_ELEVATION_POINTS
15.317507890899973,74.3072872437999,276.53,3.63,319.9,SYNTHETIC_DERIVED_FROM_KML_ELEVATION_POINTS
15.317507890899973,74.3075372437999,275.3,3.76,311.1,SYNTHETIC_DERIVED_FROM_KML_ELEVATION_POINTS
15.317507890899973,74.3077872437999,273.87,3.83,303.9,SYNTHETIC_DERIVED_FROM_KML_ELEVATION_POINTS
15.317507890899973,74.30803724379989,272.32,3.82,298.1,SYNTHETIC_DERIVED_FROM_KML_ELEVATION_POINTS
15.317507890899973,74.30828724379988,270.71,3.71,293.2,SYNTHETIC_DERIVED_FROM_KML_ELEVATION_POINTS
15.317507890899973,74.30853724379988,269.12,3.53,289.2,SYNTHETIC_DERIVED_FROM_KML_ELEVATION_POINTS
15.317507890899973,74.30878724379987,267.58,3.32,285.8,SYNTHETIC_DERIVED_FROM_KML_ELEVATION_POINTS
15.317507890899973,74.30903724379986,266.12,3.09,283.1,SYNTHETIC_DERIVED_FROM_KML_ELEVATION_POINTS
15.317507890899973,74.30928724379986,264.76,2.83,280.9,SYNTHETIC_DERIVED_FROM_KML_ELEVATION_POINTS
15.317507890899973,74.30953724379985,263.51,2.59,278.9,SYNTHETIC_DERIVED_FROM_KML_ELEVATION_POINTS
15.317507890899973,74.30978724379985,262.36,2.36,277.0,SYNTHETIC_DERIVED_FROM_KML_ELEVATION_POINTS
15.317507890899973,74.31003724379984,261.31,2.14,275.5,SYNTHETIC_DERIVED_FROM_KML_ELEVATION_POINTS
15.317507890899973,74.31028724379983,260.36,1.94,274.6,SYNTHETIC_DERIVED_FROM_KML_ELEVATION_POINTS
15.317507890899973,74.31053724379983,259.5,1.75,273.0,SYNTHETIC_DERIVED_FROM_KML_ELEVATION_POINTS
15.317507890899973,74.31078724379982,258.72,1.58,271.9,SYNTHETIC_DERIVED_FROM_KML_ELEVATION_POINTS
15.317507890899973,74.31103724379982,258.02,1.43,271.2,SYNTHETIC_DERIVED_FROM_KML_ELEVATION_POINTS
15.317507890899973,74.31128724379981,257.38,1.29,270.5,SYNTHETIC_DERIVED_FROM_KML_ELEVATION_POINTS
15.317507890899973,74.3115372437998,256.81,1.16,269.5,SYNTHETIC_DERIVED_FROM_KML_ELEVATION_POINTS
15.317507890899973,74.3117872437998,256.29,1.05,268.9,SYNTHETIC_DERIVED_FROM_KML_ELEVATION_POINTS
15.317507890899973,74.3120372437998,255.83,0.94,269.4,SYNTHETIC_DERIVED_FROM_KML_ELEVATION_POINTS
15.317507890899973,74.31228724379979,255.41,0.85,270.0,SYNTHETIC_DERIVED_FROM_KML_ELEVATION_POINTS
15.317507890899973,74.31253724379978,255.03,0.77,270.8,SYNTHETIC_DERIVED_FROM_KML_ELEVATION_POINTS
15.317507890899973,74.31278724379978,254.69,0.69,270.9,SYNTHETIC_DERIVED_FROM_KML_ELEVATION_POINTS
15.317507890899973,74.31303724379977,254.38,0.64,272.8,SYNTHETIC_DERIVED_FROM_KML_ELEVATION_POINTS
15.317507890899973,74.31328724379976,254.09,0.6,274.9,SYNTHETIC_DERIVED_FROM_KML_ELEVATION_POINTS
15.317507890899973,74.31353724379976,253.82,0.56,276.4,SYNTHETIC_DERIVED_FROM_KML_ELEVATION_POINTS
15.317507890899973,74.31378724379975,253.57,0.53,278.9,SYNTHETIC_DERIVED_FROM_KML_ELEVATION_POINTS
15.317507890899973,74.31403724379975,253.33,0.51,280.5,SYNTHETIC_DERIVED_FROM_KML_ELEVATION_POINTS
15.317507890899973,74.31428724379974,253.1,0.5,280.7,SYNTHETIC_DERIVED_FROM_KML_ELEVATION_POINTS
15.317507890899973,74.31453724379973,252.87,0.5,281.8,SYNTHETIC_DERIVED_FROM_KML_ELEVATION_POINTS
15.317507890899973,74.31478724379973,252.64,0.5,280.7,SYNTHETIC_DERIVED_FROM_KML_ELEVATION_POINTS
15.317507890899973,74.31503724379972,252.41,0.5,280.7,SYNTHETIC_DERIVED_FROM_KML_ELEVATION_POINTS
15.317507890899973,74.31528724379972,252.18,0.5,280.7,SYNTHETIC_DERIVED_FROM_KML_ELEVATION_POINTS
15.317507890899973,74.31553724379971,251.95,0.5,278.3,SYNTHETIC_DERIVED_FROM_KML_ELEVATION_POINTS
15.317507890899973,74.3157872437997,251.72,0.49,277.2,SYNTHETIC_DERIVED_FROM_KML_ELEVATION_POINTS
15.317507890899973,74.3160372437997,251.49,0.5,274.7,SYNTHETIC_DERIVED_FROM_KML_ELEVATION_POINTS
15.317507890899973,74.31628724379969,251.25,0.5,273.5,SYNTHETIC_DERIVED_FROM_KML_ELEVATION_POINTS
15.317507890899973,74.31653724379969,251.02,0.49,270.0,SYNTHETIC_DERIVED_FROM_KML_ELEVATION_POINTS
15.317507890899973,74.31678724379968,250.79,0.49,267.6,SYNTHETIC_DERIVED_FROM_KML_ELEVATION_POINTS
15.317507890899973,74.31703724379967,250.56,0.49,265.2,SYNTHETIC_DERIVED_FROM_KML_ELEVATION_POINTS
15.317507890899973,74.31728724379967,250.33,0.49,262.8,SYNTHETIC_DERIVED_FROM_KML_ELEVATION_POINTS
15.317757890899973,74.3035372438,268.94,1.91,66.5,SYNTHETIC_DERIVED_FROM_KML_ELEVATION_POINTS
15.317757890899973,74.30378724379999,269.76,1.99,63.3,SYNTHETIC_DERIVED_FROM_KML_ELEVATION_POINTS
15.317757890899973,74.30403724379998,270.61,2.12,60.6,SYNTHETIC_DERIVED_FROM_KML_ELEVATION_POINTS
15.317757890899973,74.30428724379998,271.49,2.24,57.3,SYNTHETIC_DERIVED_FROM_KML_ELEVATION_POINTS
15.317757890899973,74.30453724379997,272.38,2.36,53.4,SYNTHETIC_DERIVED_FROM_KML_ELEVATION_POINTS
15.317757890899973,74.30478724379996,273.27,2.48,49.3,SYNTHETIC_DERIVED_FROM_KML_ELEVATION_POINTS
15.317757890899973,74.30503724379996,274.14,2.59,44.1,SYNTHETIC_DERIVED_FROM_KML_ELEVATION_POINTS
15.317757890899973,74.30528724379995,274.96,2.69,38.0,SYNTHETIC_DERIVED_FROM_KML_ELEVATION_POINTS
15.317757890899973,74.30553724379995,275.69,2.77,31.0,SYNTHETIC_DERIVED_FROM_KML_ELEVATION_POINTS
15.317757890899973,74.30578724379994,276.3,2.86,23.0,SYNTHETIC_DERIVED_FROM_KML_ELEVATION_POINTS
15.317757890899973,74.30603724379993,276.74,2.94,13.8,SYNTHETIC_DERIVED_FROM_KML_ELEVATION_POINTS
15.317757890899973,74.30628724379993,276.96,3.04,3.8,SYNTHETIC_DERIVED_FROM_KML_ELEVATION_POINTS
15.317757890899973,74.30653724379992,276.93,3.15,353.2,SYNTHETIC_DERIVED_FROM_KML_ELEVATION_POINTS
15.317757890899973,74.30678724379992,276.61,3.27,342.8,SYNTHETIC_DERIVED_FROM_KML_ELEVATION_POINTS
15.317757890899973,74.30703724379991,276.02,3.4,332.8,SYNTHETIC_DERIVED_FROM_KML_ELEVATION_POINTS
15.317757890899973,74.3072872437999,275.15,3.52,323.6,SYNTHETIC_DERIVED_FROM_KML_ELEVATION_POINTS
15.317757890899973,74.3075372437999,274.06,3.6,315.6,SYNTHETIC_DERIVED_FROM_KML_ELEVATION_POINTS
15.317757890899973,74.3077872437999,272.79,3.63,308.6,SYNTHETIC_DERIVED_FROM_KML_ELEVATION_POINTS
15.317757890899973,74.30803724379989,271.4,3.58,302.6,SYNTHETIC_DERIVED_FROM_KML_ELEVATION_POINTS
15.317757890899973,74.30828724379988,269.96,3.47,297.5,SYNTHETIC_DERIVED_FROM_KML_ELEVATION_POINTS
15.317757890899973,74.30853724379988,268.51,3.32,293.2,SYNTHETIC_DERIVED_FROM_KML_ELEVATION_POINTS
15.317757890899973,74.30878724379987,267.1,3.13,289.6,SYNTHETIC_DERIVED_FROM_KML_ELEVATION_POINTS
15.317757890899973,74.30903724379986,265.74,2.92,286.4,SYNTHETIC_DERIVED_FROM_KML_ELEVATION_POINTS
15.317757890899973,74.30928724379986,264.47,2.69,283.7,SYNTHETIC_DERIVED_FROM_KML_ELEVATION_POINTS
15.317757890899973,74.30953724379985,263.29,2.47,281.5,SYNTHETIC_DERIVED_FROM_KML_ELEVATION_POINTS
15.317757890899973,74.30978724379985,262.2,2.26,279.4,SYNTHETIC_DERIVED_FROM_KML_ELEVATION_POINTS
15.317757890899973,74.31003724379984,261.2,2.07,277.4,SYNTHETIC_DERIVED_FROM_KML_ELEVATION_POINTS
15.317757890899973,74.31028724379983,260.28,1.88,276.0,SYNTHETIC_DERIVED_FROM_KML_ELEVATION_POINTS
15.317757890899973,74.31053724379983,259.45,1.7,274.5,SYNTHETIC_DERIVED_FROM_KML_ELEVATION_POINTS
15.317757890899973,74.31078724379982,258.69,1.55,273.4,SYNTHETIC_DERIVED_FROM_KML_ELEVATION_POINTS
15.317757890899973,74.31103724379982,258.0,1.41,272.5,SYNTHETIC_DERIVED_FROM_KML_ELEVATION_POINTS
15.317757890899973,74.31128724379981,257.37,1.27,271.4,SYNTHETIC_DERIVED_FROM_KML_ELEVATION_POINTS
15.317757890899973,74.3115372437998,256.81,1.14,270.5,SYNTHETIC_DERIVED_FROM_KML_ELEVATION_POINTS
15.317757890899973,74.3117872437998,256.3,1.05,270.0,SYNTHETIC_DERIVED_FROM_KML_ELEVATION_POINTS
15.317757890899973,74.3120372437998,255.83,0.95,270.0,SYNTHETIC_DERIVED_FROM_KML_ELEVATION_POINTS
15.317757890899973,74.31228724379979,255.41,0.85,269.3,SYNTHETIC_DERIVED_FROM_KML_ELEVATION_POINTS
15.317757890899973,74.31253724379978,255.03,0.77,270.0,SYNTHETIC_DERIVED_FROM_KML_ELEVATION_POINTS
15.317757890899973,74.31278724379978,254.69,0.7,270.8,SYNTHETIC_DERIVED_FROM_KML_ELEVATION_POINTS
15.317757890899973,74.31303724379977,254.37,0.66,271.8,SYNTHETIC_DERIVED_FROM_KML_ELEVATION_POINTS
15.317757890899973,74.31328724379976,254.07,0.61,272.9,SYNTHETIC_DERIVED_FROM_KML_ELEVATION_POINTS
15.317757890899973,74.31353724379976,253.8,0.57,274.2,SYNTHETIC_DERIVED_FROM_KML_ELEVATION_POINTS
15.317757890899973,74.31378724379975,253.54,0.55,275.4,SYNTHETIC_DERIVED_FROM_KML_ELEVATION_POINTS
15.317757890899973,74.31403724379975,253.29,0.52,276.9,SYNTHETIC_DERIVED_FROM_KML_ELEVATION_POINTS
15.317757890899973,74.31428724379974,253.06,0.51,278.2,SYNTHETIC_DERIVED_FROM_KML_ELEVATION_POINTS
15.317757890899973,74.31453724379973,252.82,0.5,279.5,SYNTHETIC_DERIVED_FROM_KML_ELEVATION_POINTS
15.317757890899973,74.31478724379973,252.6,0.49,278.5,SYNTHETIC_DERIVED_FROM_KML_ELEVATION_POINTS
15.317757890899973,74.31503724379972,252.37,0.5,278.3,SYNTHETIC_DERIVED_FROM_KML_ELEVATION_POINTS
15.317757890899973,74.31528724379972,252.14,0.48,277.3,SYNTHETIC_DERIVED_FROM_KML_ELEVATION_POINTS
15.317757890899973,74.31553724379971,251.92,0.48,276.1,SYNTHETIC_DERIVED_FROM_KML_ELEVATION_POINTS
15.317757890899973,74.3157872437997,251.69,0.48,274.9,SYNTHETIC_DERIVED_FROM_KML_ELEVATION_POINTS
15.317757890899973,74.3160372437997,251.47,0.48,273.7,SYNTHETIC_DERIVED_FROM_KML_ELEVATION_POINTS
15.317757890899973,74.31628724379969,251.24,0.48,271.2,SYNTHETIC_DERIVED_FROM_KML_ELEVATION_POINTS
15.317757890899973,74.31653724379969,251.02,0.47,268.7,SYNTHETIC_DERIVED_FROM_KML_ELEVATION_POINTS
15.317757890899973,74.31678724379968,250.8,0.47,267.5,SYNTHETIC_DERIVED_FROM_KML_ELEVATION_POINTS
15.317757890899973,74.31703724379967,250.58,0.47,265.0,SYNTHETIC_DERIVED_FROM_KML_ELEVATION_POINTS
15.317757890899973,74.31728724379967,250.36,0.47,262.5,SYNTHETIC_DERIVED_FROM_KML_ELEVATION_POINTS
15.318007890899972,74.3035372438,268.54,1.82,61.3,SYNTHETIC_DERIVED_FROM_KML_ELEVATION_POINTS
15.318007890899972,74.30378724379999,269.29,1.92,58.3,SYNTHETIC_DERIVED_FROM_KML_ELEVATION_POINTS
15.318007890899972,74.30403724379998,270.07,2.03,55.5,SYNTHETIC_DERIVED_FROM_KML_ELEVATION_POINTS
15.318007890899972,74.30428724379998,270.86,2.15,52.0,SYNTHETIC_DERIVED_FROM_KML_ELEVATION_POINTS
15.318007890899972,74.30453724379997,271.66,2.28,48.1,SYNTHETIC_DERIVED_FROM_KML_ELEVATION_POINTS
15.318007890899972,74.30478724379996,272.45,2.38,43.5,SYNTHETIC_DERIVED_FROM_KML_ELEVATION_POINTS
15.318007890899972,74.30503724379996,273.2,2.5,38.2,SYNTHETIC_DERIVED_FROM_KML_ELEVATION_POINTS
15.318007890899972,74.30528724379995,273.9,2.61,32.4,SYNTHETIC_DERIVED_FROM_KML_ELEVATION_POINTS
15.318007890899972,74.30553724379995,274.51,2.71,25.7,SYNTHETIC_DERIVED_FROM_KML_ELEVATION_POINTS
15.318007890899972,74.30578724379994,275.0,2.8,18.4,SYNTHETIC_DERIVED_FROM_KML_ELEVATION_POINTS
15.318007890899972,74.30603724379993,275.34,2.9,10.1,SYNTHETIC_DERIVED_FROM_KML_ELEVATION_POINTS
15.318007890899972,74.30628724379993,275.48,2.99,1.4,SYNTHETIC_DERIVED_FROM_KML_ELEVATION_POINTS
15.318007890899972,74.30653724379992,275.41,3.1,352.5,SYNTHETIC_DERIVED_FROM_KML_ELEVATION_POINTS
15.318007890899972,74.30678724379992,275.1,3.2,343.3,SYNTHETIC_DERIVED_FROM_KML_ELEVATION_POINTS
15.318007890899972,74.30703724379991,274.55,3.29,334.5,SYNTHETIC_DERIVED_FROM_KML_ELEVATION_POINTS
15.318007890899972,74.3072872437999,273.77,3.36,326.3,SYNTHETIC_DERIVED_FROM_KML_ELEVATION_POINTS
15.318007890899972,74.3075372437999,272.8,3.4,318.8,SYNTHETIC_DERIVED_FROM_KML_ELEVATION_POINTS
15.318007890899972,74.3077872437999,271.67,3.4,312.2,SYNTHETIC_DERIVED_FROM_KML_ELEVATION_POINTS
15.318007890899972,74.30803724379989,270.44,3.33,306.3,SYNTHETIC_DERIVED_FROM_KML_ELEVATION_POINTS
15.318007890899972,74.30828724379988,269.15,3.23,301.3,SYNTHETIC_DERIVED_FROM_KML_ELEVATION_POINTS
15.318007890899972,74.30853724379988,267.85,3.1,296.9,SYNTHETIC_DERIVED_FROM_KML_ELEVATION_POINTS
15.318007890899972,74.30878724379987,266.56,2.93,292.9,SYNTHETIC_DERIVED_FROM_KML_ELEVATION_POINTS
15.318007890899972,74.30903724379986,265.32,2.74,289.5,SYNTHETIC_DERIVED_FROM_KML_ELEVATION_POINTS
15.318007890899972,74.30928724379986,264.14,2.55,286.4,SYNTHETIC_DERIVED_FROM_KML_ELEVATION_POINTS
15.318007890899972,74.30953724379985,263.03,2.35,283.9,SYNTHETIC_DERIVED_FROM_KML_ELEVATION_POINTS
15.318007890899972,74.30978724379985,262.0,2.16,281.8,SYNTHETIC_DERIVED_FROM_KML_ELEVATION_POINTS
15.318007890899972,74.31003724379984,261.05,1.98,279.9,SYNTHETIC_DERIVED_FROM_KML_ELEVATION_POINTS
15.318007890899972,74.31028724379983,260.17,1.81,277.8,SYNTHETIC_DERIVED_FROM_KML_ELEVATION_POINTS
15.318007890899972,74.31053724379983,259.37,1.65,276.4,SYNTHETIC_DERIVED_FROM_KML_ELEVATION_POINTS
15.318007890899972,74.31078724379982,258.63,1.51,275.1,SYNTHETIC_DERIVED_FROM_KML_ELEVATION_POINTS
15.318007890899972,74.31103724379982,257.96,1.37,273.4,SYNTHETIC_DERIVED_FROM_KML_ELEVATION_POINTS
15.318007890899972,74.31128724379981,257.35,1.24,272.4,SYNTHETIC_DERIVED_FROM_KML_ELEVATION_POINTS
15.318007890899972,74.3115372437998,256.8,1.13,271.6,SYNTHETIC_DERIVED_FROM_KML_ELEVATION_POINTS
15.318007890899972,74.3117872437998,256.29,1.04,271.1,SYNTHETIC_DERIVED_FROM_KML_ELEVATION_POINTS
15.318007890899972,74.3120372437998,255.83,0.93,270.0,SYNTHETIC_DERIVED_FROM_KML_ELEVATION_POINTS
15.318007890899972,74.31228724379979,255.42,0.85,270.0,SYNTHETIC_DERIVED_FROM_KML_ELEVATION_POINTS
15.318007890899972,74.31253724379978,255.03,0.79,270.0,SYNTHETIC_DERIVED_FROM_KML_ELEVATION_POINTS
15.318007890899972,74.31278724379978,254.68,0.72,270.8,SYNTHETIC_DERIVED_FROM_KML_ELEVATION_POINTS
15.318007890899972,74.31303724379977,254.36,0.66,270.9,SYNTHETIC_DERIVED_FROM_KML_ELEVATION_POINTS
15.318007890899972,74.31328724379976,254.06,0.62,271.9,SYNTHETIC_DERIVED_FROM_KML_ELEVATION_POINTS
15.318007890899972,74.31353724379976,253.78,0.58,273.1,SYNTHETIC_DERIVED_FROM_KML_ELEVATION_POINTS
15.318007890899972,74.31378724379975,253.52,0.55,273.2,SYNTHETIC_DERIVED_FROM_KML_ELEVATION_POINTS
15.318007890899972,74.31403724379975,253.27,0.52,274.5,SYNTHETIC_DERIVED_FROM_KML_ELEVATION_POINTS
15.318007890899972,74.31428724379974,253.03,0.51,275.7,SYNTHETIC_DERIVED_FROM_KML_ELEVATION_POINTS
15.318007890899972,74.31453724379973,252.79,0.49,276.0,SYNTHETIC_DERIVED_FROM_KML_ELEVATION_POINTS
15.318007890899972,74.31478724379973,252.57,0.48,276.1,SYNTHETIC_DERIVED_FROM_KML_ELEVATION_POINTS
15.318007890899972,74.31503724379972,252.34,0.48,276.1,SYNTHETIC_DERIVED_FROM_KML_ELEVATION_POINTS
15.318007890899972,74.31528724379972,252.12,0.47,275.0,SYNTHETIC_DERIVED_FROM_KML_ELEVATION_POINTS
15.318007890899972,74.31553724379971,251.9,0.47,275.0,SYNTHETIC_DERIVED_FROM_KML_ELEVATION_POINTS
15.318007890899972,74.3157872437997,251.68,0.47,272.5,SYNTHETIC_DERIVED_FROM_KML_ELEVATION_POINTS
15.318007890899972,74.3160372437997,251.46,0.47,271.3,SYNTHETIC_DERIVED_FROM_KML_ELEVATION_POINTS
15.318007890899972,74.31628724379969,251.24,0.46,270.0,SYNTHETIC_DERIVED_FROM_KML_ELEVATION_POINTS
15.318007890899972,74.31653724379969,251.03,0.46,268.7,SYNTHETIC_DERIVED_FROM_KML_ELEVATION_POINTS
15.318007890899972,74.31678724379968,250.81,0.46,266.2,SYNTHETIC_DERIVED_FROM_KML_ELEVATION_POINTS
15.318007890899972,74.31703724379967,250.6,0.45,264.8,SYNTHETIC_DERIVED_FROM_KML_ELEVATION_POINTS
15.318007890899972,74.31728724379967,250.39,0.45,262.2,SYNTHETIC_DERIVED_FROM_KML_ELEVATION_POINTS
15.318257890899972,74.3035372438,268.09,1.75,57.3,SYNTHETIC_DERIVED_FROM_KML_ELEVATION_POINTS
15.318257890899972,74.30378724379999,268.78,1.84,54.1,SYNTHETIC_DERIVED_FROM_KML_ELEVATION_POINTS
15.318257890899972,74.30403724379998,269.49,1.95,50.8,SYNTHETIC_DERIVED_FROM_KML_ELEVATION_POINTS
15.318257890899972,74.30428724379998,270.2,2.05,47.1,SYNTHETIC_DERIVED_FROM_KML_ELEVATION_POINTS
15.318257890899972,74.30453724379997,270.9,2.17,43.1,SYNTHETIC_DERIVED_FROM_KML_ELEVATION_POINTS
15.318257890899972,74.30478724379996,271.59,2.28,38.4,SYNTHETIC_DERIVED_FROM_KML_ELEVATION_POINTS
15.318257890899972,74.30503724379996,272.23,2.39,33.3,SYNTHETIC_DERIVED_FROM_KML_ELEVATION_POINTS
15.318257890899972,74.30528724379995,272.82,2.5,27.7,SYNTHETIC_DERIVED_FROM_KML_ELEVATION_POINTS
15.318257890899972,74.30553724379995,273.32,2.6,21.7,SYNTHETIC_DERIVED_FROM_KML_ELEVATION_POINTS
15.318257890899972,74.30578724379994,273.72,2.69,14.7,SYNTHETIC_DERIVED_FROM_KML_ELEVATION_POINTS
15.318257890899972,74.30603724379993,273.96,2.8,7.2,SYNTHETIC_DERIVED_FROM_KML_ELEVATION_POINTS
15.318257890899972,74.30628724379993,274.05,2.88,359.6,SYNTHETIC_DERIVED_FROM_KML_ELEVATION_POINTS
15.318257890899972,74.30653724379992,273.94,2.98,351.3,SYNTHETIC_DERIVED_FROM_KML_ELEVATION_POINTS
15.318257890899972,74.30678724379992,273.63,3.06,343.6,SYNTHETIC_DERIVED_FROM_KML_ELEVATION_POINTS
15.318257890899972,74.30703724379991,273.13,3.12,335.8,SYNTHETIC_DERIVED_FROM_KML_ELEVATION_POINTS
15.318257890899972,74.3072872437999,272.43,3.17,328.3,SYNTHETIC_DERIVED_FROM_KML_ELEVATION_POINTS
15.318257890899972,74.3075372437999,271.57,3.18,321.4,SYNTHETIC_DERIVED_FROM_KML_ELEVATION_POINTS
15.318257890899972,74.3077872437999,270.57,3.15,315.0,SYNTHETIC_DERIVED_FROM_KML_ELEVATION_POINTS
15.318257890899972,74.30803724379989,269.48,3.09,309.4,SYNTHETIC_DERIVED_FROM_KML_ELEVATION_POINTS
15.318257890899972,74.30828724379988,268.33,3.0,304.2,SYNTHETIC_DERIVED_FROM_KML_ELEVATION_POINTS
15.318257890899972,74.30853724379988,267.15,2.88,299.8,SYNTHETIC_DERIVED_FROM_KML_ELEVATION_POINTS
15.318257890899972,74.30878724379987,265.99,2.73,295.9,SYNTHETIC_DERIVED_FROM_KML_ELEVATION_POINTS
15.318257890899972,74.30903724379986,264.85,2.56,292.4,SYNTHETIC_DERIVED_FROM_KML_ELEVATION_POINTS
15.318257890899972,74.30928724379986,263.77,2.39,289.4,SYNTHETIC_DERIVED_FROM_KML_ELEVATION_POINTS
15.318257890899972,74.30953724379985,262.74,2.22,286.4,SYNTHETIC_DERIVED_FROM_KML_ELEVATION_POINTS
15.318257890899972,74.30978724379985,261.77,2.06,283.9,SYNTHETIC_DERIVED_FROM_KML_ELEVATION_POINTS
15.318257890899972,74.31003724379984,260.87,1.89,282.0,SYNTHETIC_DERIVED_FROM_KML_ELEVATION_POINTS
15.318257890899972,74.31028724379983,260.04,1.73,279.6,SYNTHETIC_DERIVED_FROM_KML_ELEVATION_POINTS
15.318257890899972,74.31053724379983,259.27,1.59,277.8,SYNTHETIC_DERIVED_FROM_KML_ELEVATION_POINTS
15.318257890899972,74.31078724379982,258.56,1.45,276.1,SYNTHETIC_DERIVED_FROM_KML_ELEVATION_POINTS
15.318257890899972,74.31103724379982,257.92,1.33,274.4,SYNTHETIC_DERIVED_FROM_KML_ELEVATION_POINTS
15.318257890899972,74.31128724379981,257.32,1.22,273.4,SYNTHETIC_DERIVED_FROM_KML_ELEVATION_POINTS
15.318257890899972,74.3115372437998,256.78,1.11,272.7,SYNTHETIC_DERIVED_FROM_KML_ELEVATION_POINTS
15.318257890899972,74.3117872437998,256.28,1.01,271.2,SYNTHETIC_DERIVED_FROM_KML_ELEVATION_POINTS
15.318257890899972,74.3120372437998,255.83,0.93,270.6,SYNTHETIC_DERIVED_FROM_KML_ELEVATION_POINTS
15.318257890899972,74.31228724379979,255.41,0.85,270.7,SYNTHETIC_DERIVED_FROM_KML_ELEVATION_POINTS
15.318257890899972,74.31253724379978,255.03,0.78,270.0,SYNTHETIC_DERIVED_FROM_KML_ELEVATION_POINTS
15.318257890899972,74.31278724379978,254.68,0.72,270.0,SYNTHETIC_DERIVED_FROM_KML_ELEVATION_POINTS
15.318257890899972,74.31303724379977,254.36,0.67,270.9,SYNTHETIC_DERIVED_FROM_KML_ELEVATION_POINTS
15.318257890899972,74.31328724379976,254.05,0.63,270.9,SYNTHETIC_DERIVED_FROM_KML_ELEVATION_POINTS
15.318257890899972,74.31353724379976,253.77,0.58,271.0,SYNTHETIC_DERIVED_FROM_KML_ELEVATION_POINTS
15.318257890899972,74.31378724379975,253.51,0.56,272.1,SYNTHETIC_DERIVED_FROM_KML_ELEVATION_POINTS
15.318257890899972,74.31403724379975,253.25,0.53,273.3,SYNTHETIC_DERIVED_FROM_KML_ELEVATION_POINTS
15.318257890899972,74.31428724379974,253.01,0.51,273.4,SYNTHETIC_DERIVED_FROM_KML_ELEVATION_POINTS
15.318257890899972,74.31453724379973,252.77,0.49,273.6,SYNTHETIC_DERIVED_FROM_KML_ELEVATION_POINTS
15.318257890899972,74.31478724379973,252.55,0.48,274.9,SYNTHETIC_DERIVED_FROM_KML_ELEVATION_POINTS
15.318257890899972,74.31503724379972,252.32,0.48,273.7,SYNTHETIC_DERIVED_FROM_KML_ELEVATION_POINTS
15.318257890899972,74.31528724379972,252.1,0.47,273.8,SYNTHETIC_DERIVED_FROM_KML_ELEVATION_POINTS
15.318257890899972,74.31553724379971,251.88,0.46,272.6,SYNTHETIC_DERIVED_FROM_KML_ELEVATION_POINTS
15.318257890899972,74.3157872437997,251.67,0.45,271.3,SYNTHETIC_DERIVED_FROM_KML_ELEVATION_POINTS
15.318257890899972,74.3160372437997,251.46,0.46,270.0,SYNTHETIC_DERIVED_FROM_KML_ELEVATION_POINTS
15.318257890899972,74.31628724379969,251.24,0.46,268.7,SYNTHETIC_DERIVED_FROM_KML_ELEVATION_POINTS
15.318257890899972,74.31653724379969,251.03,0.44,267.3,SYNTHETIC_DERIVED_FROM_KML_ELEVATION_POINTS
15.318257890899972,74.31678724379968,250.83,0.44,264.6,SYNTHETIC_DERIVED_FROM_KML_ELEVATION_POINTS
15.318257890899972,74.31703724379967,250.62,0.44,263.3,SYNTHETIC_DERIVED_FROM_KML_ELEVATION_POINTS
15.318257890899972,74.31728724379967,250.42,0.43,261.8,SYNTHETIC_DERIVED_FROM_KML_ELEVATION_POINTS
15.318507890899971,74.3035372438,267.62,1.66,53.0,SYNTHETIC_DERIVED_FROM_KML_ELEVATION_POINTS
15.318507890899971,74.30378724379999,268.24,1.75,49.7,SYNTHETIC_DERIVED_FROM_KML_ELEVATION_POINTS
15.318507890899971,74.30403724379998,268.87,1.86,46.3,SYNTHETIC_DERIVED_FROM_KML_ELEVATION_POINTS
15.318507890899971,74.30428724379998,269.5,1.96,42.8,SYNTHETIC_DERIVED_FROM_KML_ELEVATION_POINTS
15.318507890899971,74.30453724379997,270.12,2.06,38.8,SYNTHETIC_DERIVED_FROM_KML_ELEVATION_POINTS
15.318507890899971,74.30478724379996,270.71,2.17,34.0,SYNTHETIC_DERIVED_FROM_KML_ELEVATION_POINTS
15.318507890899971,74.30503724379996,271.26,2.27,29.3,SYNTHETIC_DERIVED_FROM_KML_ELEVATION_POINTS
15.318507890899971,74.30528724379995,271.75,2.37,23.9,SYNTHETIC_DERIVED_FROM_KML_ELEVATION_POINTS
15.318507890899971,74.30553724379995,272.16,2.47,18.1,SYNTHETIC_DERIVED_FROM_KML_ELEVATION_POINTS
15.318507890899971,74.30578724379994,272.47,2.57,11.5,SYNTHETIC_DERIVED_FROM_KML_ELEVATION_POINTS
15.318507890899971,74.30603724379993,272.64,2.65,4.8,SYNTHETIC_DERIVED_FROM_KML_ELEVATION_POINTS
15.318507890899971,74.30628724379993,272.68,2.75,358.0,SYNTHETIC_DERIVED_FROM_KML_ELEVATION_POINTS
15.318507890899971,74.30653724379992,272.55,2.81,350.6,SYNTHETIC_DERIVED_FROM_KML_ELEVATION_POINTS
15.318507890899971,74.30678724379992,272.25,2.88,343.4,SYNTHETIC_DERIVED_FROM_KML_ELEVATION_POINTS
15.318507890899971,74.30703724379991,271.78,2.93,336.4,SYNTHETIC_DERIVED_FROM_KML_ELEVATION_POINTS
15.318507890899971,74.3072872437999,271.15,2.96,329.7,SYNTHETIC_DERIVED_FROM_KML_ELEVATION_POINTS
15.318507890899971,74.3075372437999,270.38,2.95,323.4,SYNTHETIC_DERIVED_FROM_KML_ELEVATION_POINTS
15.318507890899971,74.3077872437999,269.5,2.92,317.5,SYNTHETIC_DERIVED_FROM_KML_ELEVATION_POINTS
15.318507890899971,74.30803724379989,268.53,2.86,312.0,SYNTHETIC_DERIVED_FROM_KML_ELEVATION_POINTS
15.318507890899971,74.30828724379988,267.51,2.77,307.0,SYNTHETIC_DERIVED_FROM_KML_ELEVATION_POINTS
15.318507890899971,74.30853724379988,266.46,2.66,302.2,SYNTHETIC_DERIVED_FROM_KML_ELEVATION_POINTS
15.318507890899971,74.30878724379987,265.4,2.53,298.4,SYNTHETIC_DERIVED_FROM_KML_ELEVATION_POINTS
15.318507890899971,74.30903724379986,264.37,2.38,294.7,SYNTHETIC_DERIVED_FROM_KML_ELEVATION_POINTS
15.318507890899971,74.30928724379986,263.37,2.24,291.6,SYNTHETIC_DERIVED_FROM_KML_ELEVATION_POINTS
15.318507890899971,74.30953724379985,262.42,2.08,288.7,SYNTHETIC_DERIVED_FROM_KML_ELEVATION_POINTS
15.318507890899971,74.30978724379985,261.52,1.94,286.0,SYNTHETIC_DERIVED_FROM_KML_ELEVATION_POINTS
15.318507890899971,74.31003724379984,260.67,1.79,283.6,SYNTHETIC_DERIVED_FROM_KML_ELEVATION_POINTS
15.318507890899971,74.31028724379983,259.89,1.64,281.6,SYNTHETIC_DERIVED_FROM_KML_ELEVATION_POINTS
15.318507890899971,74.31053724379983,259.16,1.53,279.7,SYNTHETIC_DERIVED_FROM_KML_ELEVATION_POINTS
15.318507890899971,74.31078724379982,258.48,1.4,277.6,SYNTHETIC_DERIVED_FROM_KML_ELEVATION_POINTS
15.318507890899971,74.31103724379982,257.86,1.29,276.4,SYNTHETIC_DERIVED_FROM_KML_ELEVATION_POINTS
15.318507890899971,74.31128724379981,257.28,1.19,274.5,SYNTHETIC_DERIVED_FROM_KML_ELEVATION_POINTS
15.318507890899971,74.3115372437998,256.75,1.08,273.8,SYNTHETIC_DERIVED_FROM_KML_ELEVATION_POINTS
15.318507890899971,74.3117872437998,256.27,0.99,272.4,SYNTHETIC_DERIVED_FROM_KML_ELEVATION_POINTS
15.318507890899971,74.3120372437998,255.82,0.92,271.9,SYNTHETIC_DERIVED_FROM_KML_ELEVATION_POINTS
15.318507890899971,74.31228724379979,255.41,0.84,270.7,SYNTHETIC_DERIVED_FROM_KML_ELEVATION_POINTS
15.318507890899971,74.31253724379978,255.03,0.78,270.8,SYNTHETIC_DERIVED_FROM_KML_ELEVATION_POINTS
15.318507890899971,74.31278724379978,254.68,0.73,270.8,SYNTHETIC_DERIVED_FROM_KML_ELEVATION_POINTS
15.318507890899971,74.31303724379977,254.35,0.67,270.9,SYNTHETIC_DERIVED_FROM_KML_ELEVATION_POINTS
15.318507890899971,74.31328724379976,254.05,0.62,270.0,SYNTHETIC_DERIVED_FROM_KML_ELEVATION_POINTS
15.318507890899971,74.31353724379976,253.77,0.59,271.0,SYNTHETIC_DERIVED_FROM_KML_ELEVATION_POINTS
15.318507890899971,74.31378724379975,253.5,0.57,272.1,SYNTHETIC_DERIVED_FROM_KML_ELEVATION_POINTS
15.318507890899971,74.31403724379975,253.24,0.53,272.2,SYNTHETIC_DERIVED_FROM_KML_ELEVATION_POINTS
15.318507890899971,74.31428724379974,253.0,0.51,272.3,SYNTHETIC_DERIVED_FROM_KML_ELEVATION_POINTS
15.318507890899971,74.31453724379973,252.76,0.5,272.4,SYNTHETIC_DERIVED_FROM_KML_ELEVATION_POINTS
15.318507890899971,74.31478724379973,252.53,0.48,272.5,SYNTHETIC_DERIVED_FROM_KML_ELEVATION_POINTS
15.318507890899971,74.31503724379972,252.31,0.47,272.5,SYNTHETIC_DERIVED_FROM_KML_ELEVATION_POINTS
15.318507890899971,74.31528724379972,252.09,0.46,271.3,SYNTHETIC_DERIVED_FROM_KML_ELEVATION_POINTS
15.318507890899971,74.31553724379971,251.88,0.45,270.0,SYNTHETIC_DERIVED_FROM_KML_ELEVATION_POINTS
15.318507890899971,74.3157872437997,251.67,0.45,270.0,SYNTHETIC_DERIVED_FROM_KML_ELEVATION_POINTS
15.318507890899971,74.3160372437997,251.46,0.45,270.0,SYNTHETIC_DERIVED_FROM_KML_ELEVATION_POINTS
15.318507890899971,74.31628724379969,251.25,0.44,267.3,SYNTHETIC_DERIVED_FROM_KML_ELEVATION_POINTS
15.318507890899971,74.31653724379969,251.05,0.43,265.9,SYNTHETIC_DERIVED_FROM_KML_ELEVATION_POINTS
15.318507890899971,74.31678724379968,250.85,0.43,264.5,SYNTHETIC_DERIVED_FROM_KML_ELEVATION_POINTS
15.318507890899971,74.31703724379967,250.65,0.43,263.1,SYNTHETIC_DERIVED_FROM_KML_ELEVATION_POINTS
15.318507890899971,74.31728724379967,250.45,0.43,261.8,SYNTHETIC_DERIVED_FROM_KML_ELEVATION_POINTS
15.31875789089997,74.3035372438,267.12,1.59,48.7,SYNTHETIC_DERIVED_FROM_KML_ELEVATION_POINTS
15.31875789089997,74.30378724379999,267.68,1.67,45.8,SYNTHETIC_DERIVED_FROM_KML_ELEVATION_POINTS
15.31875789089997,74.30403724379998,268.24,1.76,42.7,SYNTHETIC_DERIVED_FROM_KML_ELEVATION_POINTS
15.31875789089997,74.30428724379998,268.8,1.87,39.0,SYNTHETIC_DERIVED_FROM_KML_ELEVATION_POINTS
15.31875789089997,74.30453724379997,269.34,1.95,34.7,SYNTHETIC_DERIVED_FROM_KML_ELEVATION_POINTS
15.31875789089997,74.30478724379996,269.84,2.05,30.3,SYNTHETIC_DERIVED_FROM_KML_ELEVATION_POINTS
15.31875789089997,74.30503724379996,270.31,2.15,25.6,SYNTHETIC_DERIVED_FROM_KML_ELEVATION_POINTS
15.31875789089997,74.30528724379995,270.71,2.24,20.4,SYNTHETIC_DERIVED_FROM_KML_ELEVATION_POINTS
15.31875789089997,74.30553724379995,271.04,2.33,14.8,SYNTHETIC_DERIVED_FROM_KML_ELEVATION_POINTS
15.31875789089997,74.30578724379994,271.27,2.43,8.9,SYNTHETIC_DERIVED_FROM_KML_ELEVATION_POINTS
15.31875789089997,74.30603724379993,271.39,2.49,2.7,SYNTHETIC_DERIVED_FROM_KML_ELEVATION_POINTS
15.31875789089997,74.30628724379993,271.38,2.58,356.4,SYNTHETIC_DERIVED_FROM_KML_ELEVATION_POINTS
15.31875789089997,74.30653724379992,271.24,2.64,350.0,SYNTHETIC_DERIVED_FROM_KML_ELEVATION_POINTS
15.31875789089997,74.30678724379992,270.95,2.68,343.4,SYNTHETIC_DERIVED_FROM_KML_ELEVATION_POINTS
15.31875789089997,74.30703724379991,270.52,2.72,336.9,SYNTHETIC_DERIVED_FROM_KML_ELEVATION_POINTS
15.31875789089997,74.3072872437999,269.95,2.73,330.8,SYNTHETIC_DERIVED_FROM_KML_ELEVATION_POINTS
15.31875789089997,74.3075372437999,269.27,2.72,324.8,SYNTHETIC_DERIVED_FROM_KML_ELEVATION_POINTS
15.31875789089997,74.3077872437999,268.48,2.69,319.2,SYNTHETIC_DERIVED_FROM_KML_ELEVATION_POINTS
15.31875789089997,74.30803724379989,267.62,2.63,314.1,SYNTHETIC_DERIVED_FROM_KML_ELEVATION_POINTS
15.31875789089997,74.30828724379988,266.71,2.55,309.3,SYNTHETIC_DERIVED_FROM_KML_ELEVATION_POINTS
15.31875789089997,74.30853724379988,265.77,2.46,305.0,SYNTHETIC_DERIVED_FROM_KML_ELEVATION_POINTS
15.31875789089997,74.30878724379987,264.82,2.34,300.6,SYNTHETIC_DERIVED_FROM_KML_ELEVATION_POINTS
15.31875789089997,74.30903724379986,263.88,2.22,297.1,SYNTHETIC_DERIVED_FROM_KML_ELEVATION_POINTS
15.31875789089997,74.30928724379986,262.97,2.09,293.8,SYNTHETIC_DERIVED_FROM_KML_ELEVATION_POINTS
15.31875789089997,74.30953724379985,262.09,1.96,290.9,SYNTHETIC_DERIVED_FROM_KML_ELEVATION_POINTS
15.31875789089997,74.30978724379985,261.25,1.83,288.0,SYNTHETIC_DERIVED_FROM_KML_ELEVATION_POINTS
15.31875789089997,74.31003724379984,260.46,1.69,285.5,SYNTHETIC_DERIVED_FROM_KML_ELEVATION_POINTS
15.31875789089997,74.31028724379983,259.72,1.58,283.6,SYNTHETIC_DERIVED_FROM_KML_ELEVATION_POINTS
15.31875789089997,74.31053724379983,259.02,1.46,281.4,SYNTHETIC_DERIVED_FROM_KML_ELEVATION_POINTS
15.31875789089997,74.31078724379982,258.38,1.34,279.3,SYNTHETIC_DERIVED_FROM_KML_ELEVATION_POINTS
15.31875789089997,74.31103724379982,257.78,1.24,278.1,SYNTHETIC_DERIVED_FROM_KML_ELEVATION_POINTS
15.31875789089997,74.31128724379981,257.23,1.15,276.2,SYNTHETIC_DERIVED_FROM_KML_ELEVATION_POINTS
15.31875789089997,74.3115372437998,256.71,1.06,275.0,SYNTHETIC_DERIVED_FROM_KML_ELEVATION_POINTS
15.31875789089997,74.3117872437998,256.24,0.97,274.2,SYNTHETIC_DERIVED_FROM_KML_ELEVATION_POINTS
15.31875789089997,74.3120372437998,255.8,0.9,272.6,SYNTHETIC_DERIVED_FROM_KML_ELEVATION_POINTS
15.31875789089997,74.31228724379979,255.4,0.83,272.1,SYNTHETIC_DERIVED_FROM_KML_ELEVATION_POINTS
15.31875789089997,74.31253724379978,255.02,0.78,271.5,SYNTHETIC_DERIVED_FROM_KML_ELEVATION_POINTS
15.31875789089997,74.31278724379978,254.67,0.72,271.6,SYNTHETIC_DERIVED_FROM_KML_ELEVATION_POINTS
15.31875789089997,74.31303724379977,254.35,0.66,270.9,SYNTHETIC_DERIVED_FROM_KML_ELEVATION_POINTS
15.31875789089997,74.31328724379976,254.05,0.63,270.9,SYNTHETIC_DERIVED_FROM_KML_ELEVATION_POINTS
15.31875789089997,74.31353724379976,253.76,0.6,271.0,SYNTHETIC_DERIVED_FROM_KML_ELEVATION_POINTS
15.31875789089997,74.31378724379975,253.49,0.57,271.0,SYNTHETIC_DERIVED_FROM_KML_ELEVATION_POINTS
15.31875789089997,74.31403724379975,253.23,0.53,271.1,SYNTHETIC_DERIVED_FROM_KML_ELEVATION_POINTS
15.31875789089997,74.31428724379974,252.99,0.51,271.2,SYNTHETIC_DERIVED_FROM_KML_ELEVATION_POINTS
15.31875789089997,74.31453724379973,252.75,0.49,271.2,SYNTHETIC_DERIVED_FROM_KML_ELEVATION_POINTS
15.31875789089997,74.31478724379973,252.53,0.48,271.2,SYNTHETIC_DERIVED_FROM_KML_ELEVATION_POINTS
15.31875789089997,74.31503724379972,252.3,0.47,271.3,SYNTHETIC_DERIVED_FROM_KML_ELEVATION_POINTS
15.31875789089997,74.31528724379972,252.09,0.45,270.0,SYNTHETIC_DERIVED_FROM_KML_ELEVATION_POINTS
15.31875789089997,74.31553724379971,251.88,0.45,270.0,SYNTHETIC_DERIVED_FROM_KML_ELEVATION_POINTS
15.31875789089997,74.3157872437997,251.67,0.45,270.0,SYNTHETIC_DERIVED_FROM_KML_ELEVATION_POINTS
15.31875789089997,74.3160372437997,251.46,0.44,268.7,SYNTHETIC_DERIVED_FROM_KML_ELEVATION_POINTS
15.31875789089997,74.31628724379969,251.26,0.43,267.2,SYNTHETIC_DERIVED_FROM_KML_ELEVATION_POINTS
15.31875789089997,74.31653724379969,251.06,0.42,265.8,SYNTHETIC_DERIVED_FROM_KML_ELEVATION_POINTS
15.31875789089997,74.31678724379968,250.87,0.42,264.4,SYNTHETIC_DERIVED_FROM_KML_ELEVATION_POINTS
15.31875789089997,74.31703724379967,250.67,0.42,263.0,SYNTHETIC_DERIVED_FROM_KML_ELEVATION_POINTS
15.31875789089997,74.31728724379967,250.48,0.41,261.3,SYNTHETIC_DERIVED_FROM_KML_ELEVATION_POINTS
15.31900789089997,74.3035372438,266.6,1.53,45.5,SYNTHETIC_DERIVED_FROM_KML_ELEVATION_POINTS
15.31900789089997,74.30378724379999,267.11,1.6,42.3,SYNTHETIC_DERIVED_FROM_KML_ELEVATION_POINTS
15.31900789089997,74.30403724379998,267.61,1.67,38.7,SYNTHETIC_DERIVED_FROM_KML_ELEVATION_POINTS
15.31900789089997,74.30428724379998,268.09,1.76,35.1,SYNTHETIC_DERIVED_FROM_KML_ELEVATION_POINTS
15.31900789089997,74.30453724379997,268.56,1.85,31.2,SYNTHETIC_DERIVED_FROM_KML_ELEVATION_POINTS
15.31900789089997,74.30478724379996,268.99,1.93,27.0,SYNTHETIC_DERIVED_FROM_KML_ELEVATION_POINTS
15.31900789089997,74.30503724379996,269.38,2.02,22.3,SYNTHETIC_DERIVED_FROM_KML_ELEVATION_POINTS
15.31900789089997,74.30528724379995,269.71,2.1,17.4,SYNTHETIC_DERIVED_FROM_KML_ELEVATION_POINTS
15.31900789089997,74.30553724379995,269.97,2.19,12.1,SYNTHETIC_DERIVED_FROM_KML_ELEVATION_POINTS
15.31900789089997,74.30578724379994,270.14,2.26,6.8,SYNTHETIC_DERIVED_FROM_KML_ELEVATION_POINTS
15.31900789089997,74.30603724379993,270.22,2.34,1.0,SYNTHETIC_DERIVED_FROM_KML_ELEVATION_POINTS
15.31900789089997,74.30628724379993,270.18,2.4,354.9,SYNTHETIC_DERIVED_FROM_KML_ELEVATION_POINTS
15.31900789089997,74.30653724379992,270.02,2.45,349.2,SYNTHETIC_DERIVED_FROM_KML_ELEVATION_POINTS
15.31900789089997,74.30678724379992,269.75,2.49,343.3,SYNTHETIC_DERIVED_FROM_KML_ELEVATION_POINTS
15.31900789089997,74.30703724379991,269.35,2.51,337.0,SYNTHETIC_DERIVED_FROM_KML_ELEVATION_POINTS
15.31900789089997,74.3072872437999,268.83,2.52,331.4,SYNTHETIC_DERIVED_FROM_KML_ELEVATION_POINTS
15.31900789089997,74.3075372437999,268.22,2.5,326.1,SYNTHETIC_DERIVED_FROM_KML_ELEVATION_POINTS
15.31900789089997,74.3077872437999,267.52,2.47,320.7,SYNTHETIC_DERIVED_FROM_KML_ELEVATION_POINTS
15.31900789089997,74.30803724379989,266.75,2.42,315.9,SYNTHETIC_DERIVED_FROM_KML_ELEVATION_POINTS
15.31900789089997,74.30828724379988,265.94,2.36,311.3,SYNTHETIC_DERIVED_FROM_KML_ELEVATION_POINTS
15.31900789089997,74.30853724379988,265.09,2.27,306.8,SYNTHETIC_DERIVED_FROM_KML_ELEVATION_POINTS
15.31900789089997,74.30878724379987,264.24,2.17,303.1,SYNTHETIC_DERIVED_FROM_KML_ELEVATION_POINTS
15.31900789089997,74.30903724379986,263.39,2.07,299.2,SYNTHETIC_DERIVED_FROM_KML_ELEVATION_POINTS
15.31900789089997,74.30928724379986,262.55,1.96,295.9,SYNTHETIC_DERIVED_FROM_KML_ELEVATION_POINTS
15.31900789089997,74.30953724379985,261.74,1.83,292.8,SYNTHETIC_DERIVED_FROM_KML_ELEVATION_POINTS
15.31900789089997,74.30978724379985,260.97,1.71,290.0,SYNTHETIC_DERIVED_FROM_KML_ELEVATION_POINTS
15.31900789089997,74.31003724379984,260.23,1.61,287.5,SYNTHETIC_DERIVED_FROM_KML_ELEVATION_POINTS
15.31900789089997,74.31028724379983,259.53,1.49,285.2,SYNTHETIC_DERIVED_FROM_KML_ELEVATION_POINTS
15.31900789089997,74.31053724379983,258.88,1.38,282.9,SYNTHETIC_DERIVED_FROM_KML_ELEVATION_POINTS
15.31900789089997,74.31078724379982,258.27,1.29,281.0,SYNTHETIC_DERIVED_FROM_KML_ELEVATION_POINTS
15.31900789089997,74.31103724379982,257.69,1.2,279.4,SYNTHETIC_DERIVED_FROM_KML_ELEVATION_POINTS
15.31900789089997,74.31128724379981,257.16,1.11,278.0,SYNTHETIC_DERIVED_FROM_KML_ELEVATION_POINTS
15.31900789089997,74.3115372437998,256.66,1.03,275.7,SYNTHETIC_DERIVED_FROM_KML_ELEVATION_POINTS
15.31900789089997,74.3117872437998,256.2,0.94,275.0,SYNTHETIC_DERIVED_FROM_KML_ELEVATION_POINTS
15.31900789089997,74.3120372437998,255.78,0.88,274.0,SYNTHETIC_DERIVED_FROM_KML_ELEVATION_POINTS
15.31900789089997,74.31228724379979,255.38,0.82,273.6,SYNTHETIC_DERIVED_FROM_KML_ELEVATION_POINTS
15.31900789089997,74.31253724379978,255.01,0.77,272.3,SYNTHETIC_DERIVED_FROM_KML_ELEVATION_POINTS
15.31900789089997,74.31278724379978,254.66,0.72,271.6,SYNTHETIC_DERIVED_FROM_KML_ELEVATION_POINTS
15.31900789089997,74.31303724379977,254.34,0.66,271.8,SYNTHETIC_DERIVED_FROM_KML_ELEVATION_POINTS
15.31900789089997,74.31328724379976,254.04,0.62,271.9,SYNTHETIC_DERIVED_FROM_KML_ELEVATION_POINTS
15.31900789089997,74.31353724379976,253.76,0.59,271.0,SYNTHETIC_DERIVED_FROM_KML_ELEVATION_POINTS
15.31900789089997,74.31378724379975,253.49,0.57,271.0,SYNTHETIC_DERIVED_FROM_KML_ELEVATION_POINTS
15.31900789089997,74.31403724379975,253.23,0.53,270.0,SYNTHETIC_DERIVED_FROM_KML_ELEVATION_POINTS
15.31900789089997,74.31428724379974,252.99,0.51,271.2,SYNTHETIC_DERIVED_FROM_KML_ELEVATION_POINTS
15.31900789089997,74.31453724379973,252.75,0.5,270.0,SYNTHETIC_DERIVED_FROM_KML_ELEVATION_POINTS
15.31900789089997,74.31478724379973,252.52,0.48,271.2,SYNTHETIC_DERIVED_FROM_KML_ELEVATION_POINTS
15.31900789089997,74.31503724379972,252.3,0.46,270.0,SYNTHETIC_DERIVED_FROM_KML_ELEVATION_POINTS
15.31900789089997,74.31528724379972,252.09,0.45,270.0,SYNTHETIC_DERIVED_FROM_KML_ELEVATION_POINTS
15.31900789089997,74.31553724379971,251.88,0.45,270.0,SYNTHETIC_DERIVED_FROM_KML_ELEVATION_POINTS
15.31900789089997,74.3157872437997,251.67,0.44,268.7,SYNTHETIC_DERIVED_FROM_KML_ELEVATION_POINTS
15.31900789089997,74.3160372437997,251.47,0.43,267.2,SYNTHETIC_DERIVED_FROM_KML_ELEVATION_POINTS
15.31900789089997,74.31628724379969,251.27,0.42,265.8,SYNTHETIC_DERIVED_FROM_KML_ELEVATION_POINTS
15.31900789089997,74.31653724379969,251.08,0.41,264.2,SYNTHETIC_DERIVED_FROM_KML_ELEVATION_POINTS
15.31900789089997,74.31678724379968,250.89,0.41,264.2,SYNTHETIC_DERIVED_FROM_KML_ELEVATION_POINTS
15.31900789089997,74.31703724379967,250.7,0.41,262.8,SYNTHETIC_DERIVED_FROM_KML_ELEVATION_POINTS
15.31900789089997,74.31728724379967,250.51,0.41,261.3,SYNTHETIC_DERIVED_FROM_KML_ELEVATION_POINTS
15.31925789089997,74.3035372438,266.08,1.44,41.9,SYNTHETIC_DERIVED_FROM_KML_ELEVATION_POINTS
15.31925789089997,74.30378724379999,266.53,1.53,38.5,SYNTHETIC_DERIVED_FROM_KML_ELEVATION_POINTS
15.31925789089997,74.30403724379998,266.97,1.61,35.2,SYNTHETIC_DERIVED_FROM_KML_ELEVATION_POINTS
15.31925789089997,74.30428724379998,267.4,1.67,31.9,SYNTHETIC_DERIVED_FROM_KML_ELEVATION_POINTS
15.31925789089997,74.30453724379997,267.8,1.77,27.7,SYNTHETIC_DERIVED_FROM_KML_ELEVATION_POINTS
15.31925789089997,74.30478724379996,268.17,1.84,23.6,SYNTHETIC_DERIVED_FROM_KML_ELEVATION_POINTS
15.31925789089997,74.30503724379996,268.49,1.94,19.0,SYNTHETIC_DERIVED_FROM_KML_ELEVATION_POINTS
15.31925789089997,74.30528724379995,268.76,2.02,14.4,SYNTHETIC_DERIVED_FROM_KML_ELEVATION_POINTS
15.31925789089997,74.30553724379995,268.96,2.11,9.6,SYNTHETIC_DERIVED_FROM_KML_ELEVATION_POINTS
15.31925789089997,74.30578724379994,269.09,2.17,4.5,SYNTHETIC_DERIVED_FROM_KML_ELEVATION_POINTS
15.31925789089997,74.30603724379993,269.12,2.26,359.2,SYNTHETIC_DERIVED_FROM_KML_ELEVATION_POINTS
15.31925789089997,74.30628724379993,269.06,2.32,354.2,SYNTHETIC_DERIVED_FROM_KML_ELEVATION_POINTS
15.31925789089997,74.30653724379992,268.9,2.35,348.7,SYNTHETIC_DERIVED_FROM_KML_ELEVATION_POINTS
15.31925789089997,74.30678724379992,268.63,2.4,343.7,SYNTHETIC_DERIVED_FROM_KML_ELEVATION_POINTS
15.31925789089997,74.30703724379991,268.27,2.39,338.3,SYNTHETIC_DERIVED_FROM_KML_ELEVATION_POINTS
15.31925789089997,74.3072872437999,267.8,2.38,332.8,SYNTHETIC_DERIVED_FROM_KML_ELEVATION_POINTS
15.31925789089997,74.3075372437999,267.25,2.36,327.8,SYNTHETIC_DERIVED_FROM_KML_ELEVATION_POINTS
15.31925789089997,74.3077872437999,266.62,2.33,322.8,SYNTHETIC_DERIVED_FROM_KML_ELEVATION_POINTS
15.31925789089997,74.30803724379989,265.93,2.27,318.1,SYNTHETIC_DERIVED_FROM_KML_ELEVATION_POINTS
15.31925789089997,74.30828724379988,265.2,2.19,314.0,SYNTHETIC_DERIVED_FROM_KML_ELEVATION_POINTS
15.31925789089997,74.30853724379988,264.45,2.1,308.9,SYNTHETIC_DERIVED_FROM_KML_ELEVATION_POINTS
15.31925789089997,74.30878724379987,263.67,2.03,305.4,SYNTHETIC_DERIVED_FROM_KML_ELEVATION_POINTS
15.31925789089997,74.30903724379986,262.9,1.92,301.7,SYNTHETIC_DERIVED_FROM_KML_ELEVATION_POINTS
15.31925789089997,74.30928724379986,262.14,1.81,297.8,SYNTHETIC_DERIVED_FROM_KML_ELEVATION_POINTS
15.31925789089997,74.30953724379985,261.4,1.71,294.2,SYNTHETIC_DERIVED_FROM_KML_ELEVATION_POINTS
15.31925789089997,74.30978724379985,260.68,1.62,291.6,SYNTHETIC_DERIVED_FROM_KML_ELEVATION_POINTS
15.31925789089997,74.31003724379984,259.99,1.51,289.1,SYNTHETIC_DERIVED_FROM_KML_ELEVATION_POINTS
15.31925789089997,74.31028724379983,259.34,1.41,286.1,SYNTHETIC_DERIVED_FROM_KML_ELEVATION_POINTS
15.31925789089997,74.31053724379983,258.72,1.32,284.4,SYNTHETIC_DERIVED_FROM_KML_ELEVATION_POINTS
15.31925789089997,74.31078724379982,258.14,1.24,282.5,SYNTHETIC_DERIVED_FROM_KML_ELEVATION_POINTS
15.31925789089997,74.31103724379982,257.59,1.15,280.3,SYNTHETIC_DERIVED_FROM_KML_ELEVATION_POINTS
15.31925789089997,74.31128724379981,257.08,1.06,278.9,SYNTHETIC_DERIVED_FROM_KML_ELEVATION_POINTS
15.31925789089997,74.3115372437998,256.61,0.99,276.0,SYNTHETIC_DERIVED_FROM_KML_ELEVATION_POINTS
15.31925789089997,74.3117872437998,256.16,0.93,275.1,SYNTHETIC_DERIVED_FROM_KML_ELEVATION_POINTS
15.31925789089997,74.3120372437998,255.74,0.87,275.4,SYNTHETIC_DERIVED_FROM_KML_ELEVATION_POINTS
15.31925789089997,74.31228724379979,255.35,0.8,274.4,SYNTHETIC_DERIVED_FROM_KML_ELEVATION_POINTS
15.31925789089997,74.31253724379978,254.99,0.75,273.2,SYNTHETIC_DERIVED_FROM_KML_ELEVATION_POINTS
15.31925789089997,74.31278724379978,254.65,0.7,271.7,SYNTHETIC_DERIVED_FROM_KML_ELEVATION_POINTS
15.31925789089997,74.31303724379977,254.33,0.66,271.8,SYNTHETIC_DERIVED_FROM_KML_ELEVATION_POINTS
15.31925789089997,74.31328724379976,254.03,0.62,271.9,SYNTHETIC_DERIVED_FROM_KML_ELEVATION_POINTS
15.31925789089997,74.31353724379976,253.75,0.59,272.0,SYNTHETIC_DERIVED_FROM_KML_ELEVATION_POINTS
15.31925789089997,74.31378724379975,253.48,0.56,272.1,SYNTHETIC_DERIVED_FROM_KML_ELEVATION_POINTS
15.31925789089997,74.31403724379975,253.23,0.53,270.0,SYNTHETIC_DERIVED_FROM_KML_ELEVATION_POINTS
15.31925789089997,74.31428724379974,252.98,0.51,272.3,SYNTHETIC_DERIVED_FROM_KML_ELEVATION_POINTS
15.31925789089997,74.31453724379973,252.75,0.49,270.0,SYNTHETIC_DERIVED_FROM_KML_ELEVATION_POINTS
15.31925789089997,74.31478724379973,252.52,0.48,270.0,SYNTHETIC_DERIVED_FROM_KML_ELEVATION_POINTS
15.31925789089997,74.31503724379972,252.3,0.46,270.0,SYNTHETIC_DERIVED_FROM_KML_ELEVATION_POINTS
15.31925789089997,74.31528724379972,252.09,0.45,270.0,SYNTHETIC_DERIVED_FROM_KML_ELEVATION_POINTS
15.31925789089997,74.31553724379971,251.88,0.44,270.0,SYNTHETIC_DERIVED_FROM_KML_ELEVATION_POINTS
15.31925789089997,74.3157872437997,251.68,0.43,267.2,SYNTHETIC_DERIVED_FROM_KML_ELEVATION_POINTS
15.31925789089997,74.3160372437997,251.48,0.42,267.2,SYNTHETIC_DERIVED_FROM_KML_ELEVATION_POINTS
15.31925789089997,74.31628724379969,251.29,0.41,264.2,SYNTHETIC_DERIVED_FROM_KML_ELEVATION_POINTS
15.31925789089997,74.31653724379969,251.1,0.41,264.2,SYNTHETIC_DERIVED_FROM_KML_ELEVATION_POINTS
15.31925789089997,74.31678724379968,250.91,0.41,264.2,SYNTHETIC_DERIVED_FROM_KML_ELEVATION_POINTS
15.31925789089997,74.31703724379967,250.72,0.4,264.0,SYNTHETIC_DERIVED_FROM_KML_ELEVATION_POINTS
15.31925789089997,74.31728724379967,250.54,0.39,260.9,SYNTHETIC_DERIVED_FROM_KML_ELEVATION_POINTS
