datetime,station_id,station_name,river,latitude,longitude,synthetic_water_level_m,hourly_rise_m,synthetic_rainfall_1h_mm,synthetic_rainfall_3h_mm,synthetic_rainfall_24h_mm,demo_status,data_type
2026-08-01 00:00:00,SYN-RWL-DUDH-01,Dudhsagar Synthetic River Gauge,Dudhsagar River,15.3119034935,74.3139511686,0.743,0.0,0.0,0.0,0.0,NORMAL_DEMO,SYNTHETIC_DEMO
2026-08-01 01:00:00,SYN-RWL-DUDH-01,Dudhsagar Synthetic River Gauge,Dudhsagar River,15.3119034935,74.3139511686,0.827,0.084,8.7,8.7,8.7,NORMAL_DEMO,SYNTHETIC_DEMO
2026-08-01 02:00:00,SYN-RWL-DUDH-01,Dudhsagar Synthetic River Gauge,Dudhsagar River,15.3119034935,74.3139511686,0.829,0.002,0.0,8.7,8.7,NORMAL_DEMO,SYNTHETIC_DEMO
2026-08-01 03:00:00,SYN-RWL-DUDH-01,Dudhsagar Synthetic River Gauge,Dudhsagar River,15.3119034935,74.3139511686,0.866,0.037,0.0,8.7,8.7,NORMAL_DEMO,SYNTHETIC_DEMO
2026-08-01 04:00:00,SYN-RWL-DUDH-01,Dudhsagar Synthetic River Gauge,Dudhsagar River,15.3119034935,74.3139511686,0.786,-0.08,0.0,0.0,8.7,NORMAL_DEMO,SYNTHETIC_DEMO
2026-08-01 05:00:00,SYN-RWL-DUDH-01,Dudhsagar Synthetic River Gauge,Dudhsagar River,15.3119034935,74.3139511686,0.81,0.024,0.0,0.0,8.7,NORMAL_DEMO,SYNTHETIC_DEMO
2026-08-01 06:00:00,SYN-RWL-DUDH-01,Dudhsagar Synthetic River Gauge,Dudhsagar River,15.3119034935,74.3139511686,0.812,0.002,0.0,0.0,8.7,NORMAL_DEMO,SYNTHETIC_DEMO
2026-08-01 07:00:00,SYN-RWL-DUDH-01,Dudhsagar Synthetic River Gauge,Dudhsagar River,15.3119034935,74.3139511686,0.779,-0.033,0.0,0.0,8.7,NORMAL_DEMO,SYNTHETIC_DEMO
2026-08-01 08:00:00,SYN-RWL-DUDH-01,Dudhsagar Synthetic River Gauge,Dudhsagar River,15.3119034935,74.3139511686,0.807,0.028,0.0,0.0,8.7,NORMAL_DEMO,SYNTHETIC_DEMO
2026-08-01 09:00:00,SYN-RWL-DUDH-01,Dudhsagar Synthetic River Gauge,Dudhsagar River,15.3119034935,74.3139511686,0.813,0.006,0.0,0.0,8.7,NORMAL_DEMO,SYNTHETIC_DEMO
2026-08-01 10:00:00,SYN-RWL-DUDH-01,Dudhsagar Synthetic River Gauge,Dudhsagar River,15.3119034935,74.3139511686,0.784,-0.029,0.0,0.0,8.7,NORMAL_DEMO,SYNTHETIC_DEMO
2026-08-01 11:00:00,SYN-RWL-DUDH-01,Dudhsagar Synthetic River Gauge,Dudhsagar River,15.3119034935,74.3139511686,0.788,0.004,0.0,0.0,8.7,NORMAL_DEMO,SYNTHETIC_DEMO
2026-08-01 12:00:00,SYN-RWL-DUDH-01,Dudhsagar Synthetic River Gauge,Dudhsagar River,15.3119034935,74.3139511686,0.766,-0.022,0.0,0.0,8.7,NORMAL_DEMO,SYNTHETIC_DEMO
2026-08-01 13:00:00,SYN-RWL-DUDH-01,Dudhsagar Synthetic River Gauge,Dudhsagar River,15.3119034935,74.3139511686,0.76,-0.006,0.0,0.0,8.7,NORMAL_DEMO,SYNTHETIC_DEMO
2026-08-01 14:00:00,SYN-RWL-DUDH-01,Dudhsagar Synthetic River Gauge,Dudhsagar River,15.3119034935,74.3139511686,0.76,0.0,0.0,0.0,8.7,NORMAL_DEMO,SYNTHETIC_DEMO
2026-08-01 15:00:00,SYN-RWL-DUDH-01,Dudhsagar Synthetic River Gauge,Dudhsagar River,15.3119034935,74.3139511686,0.737,-0.023,0.0,0.0,8.7,NORMAL_DEMO,SYNTHETIC_DEMO
2026-08-01 16:00:00,SYN-RWL-DUDH-01,Dudhsagar Synthetic River Gauge,Dudhsagar River,15.3119034935,74.3139511686,0.741,0.004,0.0,0.0,8.7,NORMAL_DEMO,SYNTHETIC_DEMO
2026-08-01 17:00:00,SYN-RWL-DUDH-01,Dudhsagar Synthetic River Gauge,Dudhsagar River,15.3119034935,74.3139511686,0.706,-0.035,0.0,0.0,8.7,NORMAL_DEMO,SYNTHETIC_DEMO
2026-08-01 18:00:00,SYN-RWL-DUDH-01,Dudhsagar Synthetic River Gauge,Dudhsagar River,15.3119034935,74.3139511686,0.729,0.023,0.0,0.0,8.7,NORMAL_DEMO,SYNTHETIC_DEMO
2026-08-01 19:00:00,SYN-RWL-DUDH-01,Dudhsagar Synthetic River Gauge,Dudhsagar River,15.3119034935,74.3139511686,0.702,-0.027,0.0,0.0,8.7,NORMAL_DEMO,SYNTHETIC_DEMO
2026-08-01 20:00:00,SYN-RWL-DUDH-01,Dudhsagar Synthetic River Gauge,Dudhsagar River,15.3119034935,74.3139511686,0.727,0.025,0.0,0.0,8.7,NORMAL_DEMO,SYNTHETIC_DEMO
2026-08-01 21:00:00,SYN-RWL-DUDH-01,Dudhsagar Synthetic River Gauge,Dudhsagar River,15.3119034935,74.3139511686,0.729,0.002,0.0,0.0,8.7,NORMAL_DEMO,SYNTHETIC_DEMO
2026-08-01 22:00:00,SYN-RWL-DUDH-01,Dudhsagar Synthetic River Gauge,Dudhsagar River,15.3119034935,74.3139511686,0.754,0.025,0.0,0.0,8.7,NORMAL_DEMO,SYNTHETIC_DEMO
2026-08-01 23:00:00,SYN-RWL-DUDH-01,Dudhsagar Synthetic River Gauge,Dudhsagar River,15.3119034935,74.3139511686,0.751,-0.003,0.0,0.0,8.7,NORMAL_DEMO,SYNTHETIC_DEMO
2026-08-02 00:00:00,SYN-RWL-DUDH-01,Dudhsagar Synthetic River Gauge,Dudhsagar River,15.3119034935,74.3139511686,0.795,0.044,0.0,0.0,8.7,NORMAL_DEMO,SYNTHETIC_DEMO
2026-08-02 01:00:00,SYN-RWL-DUDH-01,Dudhsagar Synthetic River Gauge,Dudhsagar River,15.3119034935,74.3139511686,0.759,-0.036,0.6,0.6,0.6,NORMAL_DEMO,SYNTHETIC_DEMO
2026-08-02 02:00:00,SYN-RWL-DUDH-01,Dudhsagar Synthetic River Gauge,Dudhsagar River,15.3119034935,74.3139511686,0.759,0.0,0.0,0.6,0.6,NORMAL_DEMO,SYNTHETIC_DEMO
2026-08-02 03:00:00,SYN-RWL-DUDH-01,Dudhsagar Synthetic River Gauge,Dudhsagar River,15.3119034935,74.3139511686,0.751,-0.008,0.0,0.6,0.6,NORMAL_DEMO,SYNTHETIC_DEMO
2026-08-02 04:00:00,SYN-RWL-DUDH-01,Dudhsagar Synthetic River Gauge,Dudhsagar River,15.3119034935,74.3139511686,0.785,0.034,0.0,0.0,0.6,NORMAL_DEMO,SYNTHETIC_DEMO
2026-08-02 05:00:00,SYN-RWL-DUDH-01,Dudhsagar Synthetic River Gauge,Dudhsagar River,15.3119034935,74.3139511686,0.785,0.0,0.0,0.0,0.6,NORMAL_DEMO,SYNTHETIC_DEMO
2026-08-02 06:00:00,SYN-RWL-DUDH-01,Dudhsagar Synthetic River Gauge,Dudhsagar River,15.3119034935,74.3139511686,0.803,0.018,0.0,0.0,0.6,NORMAL_DEMO,SYNTHETIC_DEMO
2026-08-02 07:00:00,SYN-RWL-DUDH-01,Dudhsagar Synthetic River Gauge,Dudhsagar River,15.3119034935,74.3139511686,0.803,0.0,0.0,0.0,0.6,NORMAL_DEMO,SYNTHETIC_DEMO
2026-08-02 08:00:00,SYN-RWL-DUDH-01,Dudhsagar Synthetic River Gauge,Dudhsagar River,15.3119034935,74.3139511686,0.797,-0.006,0.0,0.0,0.6,NORMAL_DEMO,SYNTHETIC_DEMO
2026-08-02 09:00:00,SYN-RWL-DUDH-01,Dudhsagar Synthetic River Gauge,Dudhsagar River,15.3119034935,74.3139511686,0.766,-0.031,0.0,0.0,0.6,NORMAL_DEMO,SYNTHETIC_DEMO
2026-08-02 10:00:00,SYN-RWL-DUDH-01,Dudhsagar Synthetic River Gauge,Dudhsagar River,15.3119034935,74.3139511686,0.752,-0.014,0.0,0.0,0.6,NORMAL_DEMO,SYNTHETIC_DEMO
2026-08-02 11:00:00,SYN-RWL-DUDH-01,Dudhsagar Synthetic River Gauge,Dudhsagar River,15.3119034935,74.3139511686,0.755,0.003,0.0,0.0,0.6,NORMAL_DEMO,SYNTHETIC_DEMO
2026-08-02 12:00:00,SYN-RWL-DUDH-01,Dudhsagar Synthetic River Gauge,Dudhsagar River,15.3119034935,74.3139511686,0.737,-0.018,0.0,0.0,0.6,NORMAL_DEMO,SYNTHETIC_DEMO
2026-08-02 13:00:00,SYN-RWL-DUDH-01,Dudhsagar Synthetic River Gauge,Dudhsagar River,15.3119034935,74.3139511686,0.743,0.006,0.0,0.0,0.6,NORMAL_DEMO,SYNTHETIC_DEMO
2026-08-02 14:00:00,SYN-RWL-DUDH-01,Dudhsagar Synthetic River Gauge,Dudhsagar River,15.3119034935,74.3139511686,0.727,-0.016,0.0,0.0,0.6,NORMAL_DEMO,SYNTHETIC_DEMO
2026-08-02 15:00:00,SYN-RWL-DUDH-01,Dudhsagar Synthetic River Gauge,Dudhsagar River,15.3119034935,74.3139511686,0.734,0.007,0.0,0.0,0.6,NORMAL_DEMO,SYNTHETIC_DEMO
2026-08-02 16:00:00,SYN-RWL-DUDH-01,Dudhsagar Synthetic River Gauge,Dudhsagar River,15.3119034935,74.3139511686,0.719,-0.015,1.3,1.3,1.8,NORMAL_DEMO,SYNTHETIC_DEMO
2026-08-02 17:00:00,SYN-RWL-DUDH-01,Dudhsagar Synthetic River Gauge,Dudhsagar River,15.3119034935,74.3139511686,0.695,-0.024,0.0,1.3,1.8,NORMAL_DEMO,SYNTHETIC_DEMO
2026-08-02 18:00:00,SYN-RWL-DUDH-01,Dudhsagar Synthetic River Gauge,Dudhsagar River,15.3119034935,74.3139511686,0.732,0.037,0.0,1.3,1.8,NORMAL_DEMO,SYNTHETIC_DEMO
2026-08-02 19:00:00,SYN-RWL-DUDH-01,Dudhsagar Synthetic River Gauge,Dudhsagar River,15.3119034935,74.3139511686,0.754,0.022,0.0,0.0,1.8,NORMAL_DEMO,SYNTHETIC_DEMO
2026-08-02 20:00:00,SYN-RWL-DUDH-01,Dudhsagar Synthetic River Gauge,Dudhsagar River,15.3119034935,74.3139511686,0.729,-0.025,0.0,0.0,1.8,NORMAL_DEMO,SYNTHETIC_DEMO
2026-08-02 21:00:00,SYN-RWL-DUDH-01,Dudhsagar Synthetic River Gauge,Dudhsagar River,15.3119034935,74.3139511686,0.702,-0.027,0.0,0.0,1.8,NORMAL_DEMO,SYNTHETIC_DEMO
2026-08-02 22:00:00,SYN-RWL-DUDH-01,Dudhsagar Synthetic River Gauge,Dudhsagar River,15.3119034935,74.3139511686,0.716,0.014,0.6,0.6,2.5,NORMAL_DEMO,SYNTHETIC_DEMO
2026-08-02 23:00:00,SYN-RWL-DUDH-01,Dudhsagar Synthetic River Gauge,Dudhsagar River,15.3119034935,74.3139511686,0.781,0.065,1.1,1.7,3.6,NORMAL_DEMO,SYNTHETIC_DEMO
2026-08-03 00:00:00,SYN-RWL-DUDH-01,Dudhsagar Synthetic River Gauge,Dudhsagar River,15.3119034935,74.3139511686,0.766,-0.015,0.0,1.7,3.6,NORMAL_DEMO,SYNTHETIC_DEMO
2026-08-03 01:00:00,SYN-RWL-DUDH-01,Dudhsagar Synthetic River Gauge,Dudhsagar River,15.3119034935,74.3139511686,0.773,0.007,0.0,1.1,3.0,NORMAL_DEMO,SYNTHETIC_DEMO
2026-08-03 02:00:00,SYN-RWL-DUDH-01,Dudhsagar Synthetic River Gauge,Dudhsagar River,15.3119034935,74.3139511686,0.778,0.005,1.3,1.3,4.4,NORMAL_DEMO,SYNTHETIC_DEMO
2026-08-03 03:00:00,SYN-RWL-DUDH-01,Dudhsagar Synthetic River Gauge,Dudhsagar River,15.3119034935,74.3139511686,0.81,0.032,0.0,1.3,4.4,NORMAL_DEMO,SYNTHETIC_DEMO
2026-08-03 04:00:00,SYN-RWL-DUDH-01,Dudhsagar Synthetic River Gauge,Dudhsagar River,15.3119034935,74.3139511686,0.84,0.03,4.4,5.7,8.7,NORMAL_DEMO,SYNTHETIC_DEMO
2026-08-03 05:00:00,SYN-RWL-DUDH-01,Dudhsagar Synthetic River Gauge,Dudhsagar River,15.3119034935,74.3139511686,0.814,-0.026,0.0,4.4,8.7,NORMAL_DEMO,SYNTHETIC_DEMO
2026-08-03 06:00:00,SYN-RWL-DUDH-01,Dudhsagar Synthetic River Gauge,Dudhsagar River,15.3119034935,74.3139511686,0.826,0.012,0.0,4.4,8.7,NORMAL_DEMO,SYNTHETIC_DEMO
2026-08-03 07:00:00,SYN-RWL-DUDH-01,Dudhsagar Synthetic River Gauge,Dudhsagar River,15.3119034935,74.3139511686,0.802,-0.024,0.0,0.0,8.7,NORMAL_DEMO,SYNTHETIC_DEMO
2026-08-03 08:00:00,SYN-RWL-DUDH-01,Dudhsagar Synthetic River Gauge,Dudhsagar River,15.3119034935,74.3139511686,0.795,-0.007,0.0,0.0,8.7,NORMAL_DEMO,SYNTHETIC_DEMO
2026-08-03 09:00:00,SYN-RWL-DUDH-01,Dudhsagar Synthetic River Gauge,Dudhsagar River,15.3119034935,74.3139511686,0.807,0.012,0.0,0.0,8.7,NORMAL_DEMO,SYNTHETIC_DEMO
2026-08-03 10:00:00,SYN-RWL-DUDH-01,Dudhsagar Synthetic River Gauge,Dudhsagar River,15.3119034935,74.3139511686,0.774,-0.033,0.0,0.0,8.7,NORMAL_DEMO,SYNTHETIC_DEMO
2026-08-03 11:00:00,SYN-RWL-DUDH-01,Dudhsagar Synthetic River Gauge,Dudhsagar River,15.3119034935,74.3139511686,0.771,-0.003,0.0,0.0,8.7,NORMAL_DEMO,SYNTHETIC_DEMO
2026-08-03 12:00:00,SYN-RWL-DUDH-01,Dudhsagar Synthetic River Gauge,Dudhsagar River,15.3119034935,74.3139511686,0.792,0.021,0.0,0.0,8.7,NORMAL_DEMO,SYNTHETIC_DEMO
2026-08-03 13:00:00,SYN-RWL-DUDH-01,Dudhsagar Synthetic River Gauge,Dudhsagar River,15.3119034935,74.3139511686,0.783,-0.009,0.0,0.0,8.7,NORMAL_DEMO,SYNTHETIC_DEMO
2026-08-03 14:00:00,SYN-RWL-DUDH-01,Dudhsagar Synthetic River Gauge,Dudhsagar River,15.3119034935,74.3139511686,0.776,-0.007,0.0,0.0,8.7,NORMAL_DEMO,SYNTHETIC_DEMO
2026-08-03 15:00:00,SYN-RWL-DUDH-01,Dudhsagar Synthetic River Gauge,Dudhsagar River,15.3119034935,74.3139511686,0.745,-0.031,0.0,0.0,8.7,NORMAL_DEMO,SYNTHETIC_DEMO
2026-08-03 16:00:00,SYN-RWL-DUDH-01,Dudhsagar Synthetic River Gauge,Dudhsagar River,15.3119034935,74.3139511686,0.743,-0.002,0.0,0.0,7.4,NORMAL_DEMO,SYNTHETIC_DEMO
2026-08-03 17:00:00,SYN-RWL-DUDH-01,Dudhsagar Synthetic River Gauge,Dudhsagar River,15.3119034935,74.3139511686,0.775,0.032,7.6,7.6,15.1,NORMAL_DEMO,SYNTHETIC_DEMO
2026-08-03 18:00:00,SYN-RWL-DUDH-01,Dudhsagar Synthetic River Gauge,Dudhsagar River,15.3119034935,74.3139511686,0.775,0.0,0.0,7.6,15.1,NORMAL_DEMO,SYNTHETIC_DEMO
2026-08-03 19:00:00,SYN-RWL-DUDH-01,Dudhsagar Synthetic River Gauge,Dudhsagar River,15.3119034935,74.3139511686,0.765,-0.01,0.0,7.6,15.1,NORMAL_DEMO,SYNTHETIC_DEMO
2026-08-03 20:00:00,SYN-RWL-DUDH-01,Dudhsagar Synthetic River Gauge,Dudhsagar River,15.3119034935,74.3139511686,0.753,-0.012,0.0,0.0,15.1,NORMAL_DEMO,SYNTHETIC_DEMO
2026-08-03 21:00:00,SYN-RWL-DUDH-01,Dudhsagar Synthetic River Gauge,Dudhsagar River,15.3119034935,74.3139511686,0.763,0.01,0.0,0.0,15.1,NORMAL_DEMO,SYNTHETIC_DEMO
2026-08-03 22:00:00,SYN-RWL-DUDH-01,Dudhsagar Synthetic River Gauge,Dudhsagar River,15.3119034935,74.3139511686,0.768,0.005,0.0,0.0,14.5,NORMAL_DEMO,SYNTHETIC_DEMO
2026-08-03 23:00:00,SYN-RWL-DUDH-01,Dudhsagar Synthetic River Gauge,Dudhsagar River,15.3119034935,74.3139511686,0.761,-0.007,0.0,0.0,13.3,NORMAL_DEMO,SYNTHETIC_DEMO
2026-08-04 00:00:00,SYN-RWL-DUDH-01,Dudhsagar Synthetic River Gauge,Dudhsagar River,15.3119034935,74.3139511686,0.771,0.01,0.0,0.0,13.3,NORMAL_DEMO,SYNTHETIC_DEMO
2026-08-04 01:00:00,SYN-RWL-DUDH-01,Dudhsagar Synthetic River Gauge,Dudhsagar River,15.3119034935,74.3139511686,0.801,0.03,0.0,0.0,13.3,NORMAL_DEMO,SYNTHETIC_DEMO
2026-08-04 02:00:00,SYN-RWL-DUDH-01,Dudhsagar Synthetic River Gauge,Dudhsagar River,15.3119034935,74.3139511686,0.831,0.03,6.5,6.5,18.5,NORMAL_DEMO,SYNTHETIC_DEMO
2026-08-04 03:00:00,SYN-RWL-DUDH-01,Dudhsagar Synthetic River Gauge,Dudhsagar River,15.3119034935,74.3139511686,0.857,0.026,0.0,6.5,18.5,NORMAL_DEMO,SYNTHETIC_DEMO
2026-08-04 04:00:00,SYN-RWL-DUDH-01,Dudhsagar Synthetic River Gauge,Dudhsagar River,15.3119034935,74.3139511686,0.87,0.013,0.0,6.5,14.1,NORMAL_DEMO,SYNTHETIC_DEMO
2026-08-04 05:00:00,SYN-RWL-DUDH-01,Dudhsagar Synthetic River Gauge,Dudhsagar River,15.3119034935,74.3139511686,0.825,-0.045,0.0,0.0,14.1,NORMAL_DEMO,SYNTHETIC_DEMO
2026-08-04 06:00:00,SYN-RWL-DUDH-01,Dudhsagar Synthetic River Gauge,Dudhsagar River,15.3119034935,74.3139511686,0.824,-0.001,0.0,0.0,14.1,NORMAL_DEMO,SYNTHETIC_DEMO
2026-08-04 07:00:00,SYN-RWL-DUDH-01,Dudhsagar Synthetic River Gauge,Dudhsagar River,15.3119034935,74.3139511686,0.825,0.001,0.0,0.0,14.1,NORMAL_DEMO,SYNTHETIC_DEMO
2026-08-04 08:00:00,SYN-RWL-DUDH-01,Dudhsagar Synthetic River Gauge,Dudhsagar River,15.3119034935,74.3139511686,0.875,0.05,6.9,6.9,21.0,NORMAL_DEMO,SYNTHETIC_DEMO
2026-08-04 09:00:00,SYN-RWL-DUDH-01,Dudhsagar Synthetic River Gauge,Dudhsagar River,15.3119034935,74.3139511686,0.86,-0.015,0.0,6.9,21.0,NORMAL_DEMO,SYNTHETIC_DEMO
2026-08-04 10:00:00,SYN-RWL-DUDH-01,Dudhsagar Synthetic River Gauge,Dudhsagar River,15.3119034935,74.3139511686,0.842,-0.018,1.8,8.6,22.7,NORMAL_DEMO,SYNTHETIC_DEMO
2026-08-04 11:00:00,SYN-RWL-DUDH-01,Dudhsagar Synthetic River Gauge,Dudhsagar River,15.3119034935,74.3139511686,0.788,-0.054,0.0,1.8,22.7,NORMAL_DEMO,SYNTHETIC_DEMO
2026-08-04 12:00:00,SYN-RWL-DUDH-01,Dudhsagar Synthetic River Gauge,Dudhsagar River,15.3119034935,74.3139511686,0.81,0.022,0.0,1.8,22.7,NORMAL_DEMO,SYNTHETIC_DEMO
2026-08-04 13:00:00,SYN-RWL-DUDH-01,Dudhsagar Synthetic River Gauge,Dudhsagar River,15.3119034935,74.3139511686,0.782,-0.028,0.0,0.0,22.7,NORMAL_DEMO,SYNTHETIC_DEMO
2026-08-04 14:00:00,SYN-RWL-DUDH-01,Dudhsagar Synthetic River Gauge,Dudhsagar River,15.3119034935,74.3139511686,0.803,0.021,0.0,0.0,22.7,NORMAL_DEMO,SYNTHETIC_DEMO
2026-08-04 15:00:00,SYN-RWL-DUDH-01,Dudhsagar Synthetic River Gauge,Dudhsagar River,15.3119034935,74.3139511686,0.769,-0.034,0.0,0.0,22.7,NORMAL_DEMO,SYNTHETIC_DEMO
2026-08-04 16:00:00,SYN-RWL-DUDH-01,Dudhsagar Synthetic River Gauge,Dudhsagar River,15.3119034935,74.3139511686,0.793,0.024,0.0,0.0,22.7,NORMAL_DEMO,SYNTHETIC_DEMO
2026-08-04 17:00:00,SYN-RWL-DUDH-01,Dudhsagar Synthetic River Gauge,Dudhsagar River,15.3119034935,74.3139511686,0.729,-0.064,0.0,0.0,15.1,NORMAL_DEMO,SYNTHETIC_DEMO
2026-08-04 18:00:00,SYN-RWL-DUDH-01,Dudhsagar Synthetic River Gauge,Dudhsagar River,15.3119034935,74.3139511686,0.762,0.033,0.0,0.0,15.1,NORMAL_DEMO,SYNTHETIC_DEMO
2026-08-04 19:00:00,SYN-RWL-DUDH-01,Dudhsagar Synthetic River Gauge,Dudhsagar River,15.3119034935,74.3139511686,0.749,-0.013,0.0,0.0,15.1,NORMAL_DEMO,SYNTHETIC_DEMO
2026-08-04 20:00:00,SYN-RWL-DUDH-01,Dudhsagar Synthetic River Gauge,Dudhsagar River,15.3119034935,74.3139511686,0.766,0.017,0.0,0.0,15.1,NORMAL_DEMO,SYNTHETIC_DEMO
2026-08-04 21:00:00,SYN-RWL-DUDH-01,Dudhsagar Synthetic River Gauge,Dudhsagar River,15.3119034935,74.3139511686,0.74,-0.026,0.0,0.0,15.1,NORMAL_DEMO,SYNTHETIC_DEMO
2026-08-04 22:00:00,SYN-RWL-DUDH-01,Dudhsagar Synthetic River Gauge,Dudhsagar River,15.3119034935,74.3139511686,0.809,0.069,7.5,7.5,22.6,NORMAL_DEMO,SYNTHETIC_DEMO
2026-08-04 23:00:00,SYN-RWL-DUDH-01,Dudhsagar Synthetic River Gauge,Dudhsagar River,15.3119034935,74.3139511686,0.822,0.013,0.0,7.5,22.6,NORMAL_DEMO,SYNTHETIC_DEMO
2026-08-05 00:00:00,SYN-RWL-DUDH-01,Dudhsagar Synthetic River Gauge,Dudhsagar River,15.3119034935,74.3139511686,0.873,0.051,1.3,8.8,23.9,NORMAL_DEMO,SYNTHETIC_DEMO
2026-08-05 01:00:00,SYN-RWL-DUDH-01,Dudhsagar Synthetic River Gauge,Dudhsagar River,15.3119034935,74.3139511686,0.824,-0.049,0.0,1.3,23.9,NORMAL_DEMO,SYNTHETIC_DEMO
2026-08-05 02:00:00,SYN-RWL-DUDH-01,Dudhsagar Synthetic River Gauge,Dudhsagar River,15.3119034935,74.3139511686,0.832,0.008,0.0,1.3,17.4,NORMAL_DEMO,SYNTHETIC_DEMO
2026-08-05 03:00:00,SYN-RWL-DUDH-01,Dudhsagar Synthetic River Gauge,Dudhsagar River,15.3119034935,74.3139511686,0.849,0.017,6.4,6.4,23.8,NORMAL_DEMO,SYNTHETIC_DEMO
2026-08-05 04:00:00,SYN-RWL-DUDH-01,Dudhsagar Synthetic River Gauge,Dudhsagar River,15.3119034935,74.3139511686,0.896,0.047,0.0,6.4,23.8,NORMAL_DEMO,SYNTHETIC_DEMO
2026-08-05 05:00:00,SYN-RWL-DUDH-01,Dudhsagar Synthetic River Gauge,Dudhsagar River,15.3119034935,74.3139511686,0.894,-0.002,0.0,6.4,23.8,NORMAL_DEMO,SYNTHETIC_DEMO
2026-08-05 06:00:00,SYN-RWL-DUDH-01,Dudhsagar Synthetic River Gauge,Dudhsagar River,15.3119034935,74.3139511686,0.829,-0.065,0.0,0.0,23.8,NORMAL_DEMO,SYNTHETIC_DEMO
2026-08-05 07:00:00,SYN-RWL-DUDH-01,Dudhsagar Synthetic River Gauge,Dudhsagar River,15.3119034935,74.3139511686,0.826,-0.003,0.0,0.0,23.8,NORMAL_DEMO,SYNTHETIC_DEMO
2026-08-05 08:00:00,SYN-RWL-DUDH-01,Dudhsagar Synthetic River Gauge,Dudhsagar River,15.3119034935,74.3139511686,0.818,-0.008,0.0,0.0,17.0,NORMAL_DEMO,SYNTHETIC_DEMO
2026-08-05 09:00:00,SYN-RWL-DUDH-01,Dudhsagar Synthetic River Gauge,Dudhsagar River,15.3119034935,74.3139511686,0.821,0.003,0.0,0.0,17.0,NORMAL_DEMO,SYNTHETIC_DEMO
2026-08-05 10:00:00,SYN-RWL-DUDH-01,Dudhsagar Synthetic River Gauge,Dudhsagar River,15.3119034935,74.3139511686,0.798,-0.023,0.0,0.0,15.2,NORMAL_DEMO,SYNTHETIC_DEMO
2026-08-05 11:00:00,SYN-RWL-DUDH-01,Dudhsagar Synthetic River Gauge,Dudhsagar River,15.3119034935,74.3139511686,0.8,0.002,0.0,0.0,15.2,NORMAL_DEMO,SYNTHETIC_DEMO
2026-08-05 12:00:00,SYN-RWL-DUDH-01,Dudhsagar Synthetic River Gauge,Dudhsagar River,15.3119034935,74.3139511686,0.763,-0.037,0.0,0.0,15.2,NORMAL_DEMO,SYNTHETIC_DEMO
2026-08-05 13:00:00,SYN-RWL-DUDH-01,Dudhsagar Synthetic River Gauge,Dudhsagar River,15.3119034935,74.3139511686,0.82,0.057,3.7,3.7,18.9,NORMAL_DEMO,SYNTHETIC_DEMO
2026-08-05 14:00:00,SYN-RWL-DUDH-01,Dudhsagar Synthetic River Gauge,Dudhsagar River,15.3119034935,74.3139511686,1.004,0.184,24.5,28.2,43.4,ELEVATED_DEMO,SYNTHETIC_DEMO
2026-08-05 15:00:00,SYN-RWL-DUDH-01,Dudhsagar Synthetic River Gauge,Dudhsagar River,15.3119034935,74.3139511686,1.073,0.069,10.3,38.5,53.7,ELEVATED_DEMO,SYNTHETIC_DEMO
2026-08-05 16:00:00,SYN-RWL-DUDH-01,Dudhsagar Synthetic River Gauge,Dudhsagar River,15.3119034935,74.3139511686,1.091,0.018,9.3,44.1,63.0,ELEVATED_DEMO,SYNTHETIC_DEMO
2026-08-05 17:00:00,SYN-RWL-DUDH-01,Dudhsagar Synthetic River Gauge,Dudhsagar River,15.3119034935,74.3139511686,1.185,0.094,26.9,46.5,89.9,ELEVATED_DEMO,SYNTHETIC_DEMO
2026-08-05 18:00:00,SYN-RWL-DUDH-01,Dudhsagar Synthetic River Gauge,Dudhsagar River,15.3119034935,74.3139511686,1.396,0.211,38.3,74.4,128.1,HIGH_DEMO,SYNTHETIC_DEMO
2026-08-05 19:00:00,SYN-RWL-DUDH-01,Dudhsagar Synthetic River Gauge,Dudhsagar River,15.3119034935,74.3139511686,1.459,0.063,9.9,75.0,138.0,HIGH_DEMO,SYNTHETIC_DEMO
2026-08-05 20:00:00,SYN-RWL-DUDH-01,Dudhsagar Synthetic River Gauge,Dudhsagar River,15.3119034935,74.3139511686,1.455,-0.004,24.2,72.4,162.2,HIGH_DEMO,SYNTHETIC_DEMO
2026-08-05 21:00:00,SYN-RWL-DUDH-01,Dudhsagar Synthetic River Gauge,Dudhsagar River,15.3119034935,74.3139511686,1.359,-0.096,13.9,48.0,176.1,HIGH_DEMO,SYNTHETIC_DEMO
2026-08-05 22:00:00,SYN-RWL-DUDH-01,Dudhsagar Synthetic River Gauge,Dudhsagar River,15.3119034935,74.3139511686,1.766,0.407,57.2,95.2,225.8,CRITICAL_DEMO,SYNTHETIC_DEMO
2026-08-05 23:00:00,SYN-RWL-DUDH-01,Dudhsagar Synthetic River Gauge,Dudhsagar River,15.3119034935,74.3139511686,1.74,-0.026,17.2,88.3,243.0,CRITICAL_DEMO,SYNTHETIC_DEMO
2026-08-06 00:00:00,SYN-RWL-DUDH-01,Dudhsagar Synthetic River Gauge,Dudhsagar River,15.3119034935,74.3139511686,1.792,0.052,17.6,92.0,259.4,CRITICAL_DEMO,SYNTHETIC_DEMO
2026-08-06 01:00:00,SYN-RWL-DUDH-01,Dudhsagar Synthetic River Gauge,Dudhsagar River,15.3119034935,74.3139511686,1.955,0.163,59.3,94.2,318.7,CRITICAL_DEMO,SYNTHETIC_DEMO
2026-08-06 02:00:00,SYN-RWL-DUDH-01,Dudhsagar Synthetic River Gauge,Dudhsagar River,15.3119034935,74.3139511686,1.913,-0.042,6.4,83.4,325.1,CRITICAL_DEMO,SYNTHETIC_DEMO
2026-08-06 03:00:00,SYN-RWL-DUDH-01,Dudhsagar Synthetic River Gauge,Dudhsagar River,15.3119034935,74.3139511686,1.832,-0.081,3.6,69.3,322.3,CRITICAL_DEMO,SYNTHETIC_DEMO
2026-08-06 04:00:00,SYN-RWL-DUDH-01,Dudhsagar Synthetic River Gauge,Dudhsagar River,15.3119034935,74.3139511686,1.963,0.131,59.0,69.0,381.3,CRITICAL_DEMO,SYNTHETIC_DEMO
2026-08-06 05:00:00,SYN-RWL-DUDH-01,Dudhsagar Synthetic River Gauge,Dudhsagar River,15.3119034935,74.3139511686,2.206,0.243,34.9,97.6,416.3,CRITICAL_DEMO,SYNTHETIC_DEMO
2026-08-06 06:00:00,SYN-RWL-DUDH-01,Dudhsagar Synthetic River Gauge,Dudhsagar River,15.3119034935,74.3139511686,2.309,0.103,15.3,109.2,431.5,CRITICAL_DEMO,SYNTHETIC_DEMO
2026-08-06 07:00:00,SYN-RWL-DUDH-01,Dudhsagar Synthetic River Gauge,Dudhsagar River,15.3119034935,74.3139511686,1.971,-0.338,4.0,54.2,435.5,CRITICAL_DEMO,SYNTHETIC_DEMO
2026-08-06 08:00:00,SYN-RWL-DUDH-01,Dudhsagar Synthetic River Gauge,Dudhsagar River,15.3119034935,74.3139511686,1.84,-0.131,9.5,28.7,445.0,CRITICAL_DEMO,SYNTHETIC_DEMO
2026-08-06 09:00:00,SYN-RWL-DUDH-01,Dudhsagar Synthetic River Gauge,Dudhsagar River,15.3119034935,74.3139511686,1.861,0.021,13.2,26.7,458.2,CRITICAL_DEMO,SYNTHETIC_DEMO
2026-08-06 10:00:00,SYN-RWL-DUDH-01,Dudhsagar Synthetic River Gauge,Dudhsagar River,15.3119034935,74.3139511686,1.808,-0.053,0.0,22.7,458.2,CRITICAL_DEMO,SYNTHETIC_DEMO
2026-08-06 11:00:00,SYN-RWL-DUDH-01,Dudhsagar Synthetic River Gauge,Dudhsagar River,15.3119034935,74.3139511686,1.739,-0.069,0.0,13.2,458.2,CRITICAL_DEMO,SYNTHETIC_DEMO
2026-08-06 12:00:00,SYN-RWL-DUDH-01,Dudhsagar Synthetic River Gauge,Dudhsagar River,15.3119034935,74.3139511686,1.665,-0.074,0.0,0.0,458.2,HIGH_DEMO,SYNTHETIC_DEMO
2026-08-06 13:00:00,SYN-RWL-DUDH-01,Dudhsagar Synthetic River Gauge,Dudhsagar River,15.3119034935,74.3139511686,1.682,0.017,0.0,0.0,454.5,HIGH_DEMO,SYNTHETIC_DEMO
2026-08-06 14:00:00,SYN-RWL-DUDH-01,Dudhsagar Synthetic River Gauge,Dudhsagar River,15.3119034935,74.3139511686,1.623,-0.059,0.0,0.0,430.1,HIGH_DEMO,SYNTHETIC_DEMO
2026-08-06 15:00:00,SYN-RWL-DUDH-01,Dudhsagar Synthetic River Gauge,Dudhsagar River,15.3119034935,74.3139511686,1.525,-0.098,0.0,0.0,419.7,HIGH_DEMO,SYNTHETIC_DEMO
2026-08-06 16:00:00,SYN-RWL-DUDH-01,Dudhsagar Synthetic River Gauge,Dudhsagar River,15.3119034935,74.3139511686,1.543,0.018,1.8,1.8,412.2,HIGH_DEMO,SYNTHETIC_DEMO
2026-08-06 17:00:00,SYN-RWL-DUDH-01,Dudhsagar Synthetic River Gauge,Dudhsagar River,15.3119034935,74.3139511686,1.49,-0.053,0.0,1.8,385.4,HIGH_DEMO,SYNTHETIC_DEMO
2026-08-06 18:00:00,SYN-RWL-DUDH-01,Dudhsagar Synthetic River Gauge,Dudhsagar River,15.3119034935,74.3139511686,1.418,-0.072,0.7,2.5,347.8,HIGH_DEMO,SYNTHETIC_DEMO
2026-08-06 19:00:00,SYN-RWL-DUDH-01,Dudhsagar Synthetic River Gauge,Dudhsagar River,15.3119034935,74.3139511686,1.39,-0.028,0.0,0.7,337.9,HIGH_DEMO,SYNTHETIC_DEMO
2026-08-06 20:00:00,SYN-RWL-DUDH-01,Dudhsagar Synthetic River Gauge,Dudhsagar River,15.3119034935,74.3139511686,1.337,-0.053,0.0,0.7,313.7,HIGH_DEMO,SYNTHETIC_DEMO
2026-08-06 21:00:00,SYN-RWL-DUDH-01,Dudhsagar Synthetic River Gauge,Dudhsagar River,15.3119034935,74.3139511686,1.325,-0.012,0.9,0.9,300.8,HIGH_DEMO,SYNTHETIC_DEMO
2026-08-06 22:00:00,SYN-RWL-DUDH-01,Dudhsagar Synthetic River Gauge,Dudhsagar River,15.3119034935,74.3139511686,1.205,-0.12,0.0,0.9,243.6,ELEVATED_DEMO,SYNTHETIC_DEMO
2026-08-06 23:00:00,SYN-RWL-DUDH-01,Dudhsagar Synthetic River Gauge,Dudhsagar River,15.3119034935,74.3139511686,1.252,0.047,9.9,10.8,236.2,HIGH_DEMO,SYNTHETIC_DEMO
2026-08-07 00:00:00,SYN-RWL-DUDH-01,Dudhsagar Synthetic River Gauge,Dudhsagar River,15.3119034935,74.3139511686,1.229,-0.023,0.0,9.9,218.6,ELEVATED_DEMO,SYNTHETIC_DEMO
2026-08-07 01:00:00,SYN-RWL-DUDH-01,Dudhsagar Synthetic River Gauge,Dudhsagar River,15.3119034935,74.3139511686,1.138,-0.091,0.0,9.9,159.3,ELEVATED_DEMO,SYNTHETIC_DEMO
2026-08-07 02:00:00,SYN-RWL-DUDH-01,Dudhsagar Synthetic River Gauge,Dudhsagar River,15.3119034935,74.3139511686,1.085,-0.053,0.0,0.0,152.9,ELEVATED_DEMO,SYNTHETIC_DEMO
2026-08-07 03:00:00,SYN-RWL-DUDH-01,Dudhsagar Synthetic River Gauge,Dudhsagar River,15.3119034935,74.3139511686,1.112,0.027,0.0,0.0,149.2,ELEVATED_DEMO,SYNTHETIC_DEMO
2026-08-07 04:00:00,SYN-RWL-DUDH-01,Dudhsagar Synthetic River Gauge,Dudhsagar River,15.3119034935,74.3139511686,0.981,-0.131,3.4,3.4,93.6,ELEVATED_DEMO,SYNTHETIC_DEMO
2026-08-07 05:00:00,SYN-RWL-DUDH-01,Dudhsagar Synthetic River Gauge,Dudhsagar River,15.3119034935,74.3139511686,0.94,-0.041,0.0,3.4,58.6,NORMAL_DEMO,SYNTHETIC_DEMO
2026-08-07 06:00:00,SYN-RWL-DUDH-01,Dudhsagar Synthetic River Gauge,Dudhsagar River,15.3119034935,74.3139511686,0.913,-0.027,2.1,5.5,45.5,NORMAL_DEMO,SYNTHETIC_DEMO
2026-08-07 07:00:00,SYN-RWL-DUDH-01,Dudhsagar Synthetic River Gauge,Dudhsagar River,15.3119034935,74.3139511686,0.879,-0.034,0.0,2.1,41.6,NORMAL_DEMO,SYNTHETIC_DEMO
2026-08-07 08:00:00,SYN-RWL-DUDH-01,Dudhsagar Synthetic River Gauge,Dudhsagar River,15.3119034935,74.3139511686,0.872,-0.007,0.0,2.1,32.0,NORMAL_DEMO,SYNTHETIC_DEMO
2026-08-07 09:00:00,SYN-RWL-DUDH-01,Dudhsagar Synthetic River Gauge,Dudhsagar River,15.3119034935,74.3139511686,0.813,-0.059,0.0,0.0,18.8,NORMAL_DEMO,SYNTHETIC_DEMO
2026-08-07 10:00:00,SYN-RWL-DUDH-01,Dudhsagar Synthetic River Gauge,Dudhsagar River,15.3119034935,74.3139511686,0.796,-0.017,0.0,0.0,18.8,NORMAL_DEMO,SYNTHETIC_DEMO
2026-08-07 11:00:00,SYN-RWL-DUDH-01,Dudhsagar Synthetic River Gauge,Dudhsagar River,15.3119034935,74.3139511686,0.787,-0.009,0.0,0.0,18.8,NORMAL_DEMO,SYNTHETIC_DEMO
2026-08-07 12:00:00,SYN-RWL-DUDH-01,Dudhsagar Synthetic River Gauge,Dudhsagar River,15.3119034935,74.3139511686,0.773,-0.014,0.0,0.0,18.8,NORMAL_DEMO,SYNTHETIC_DEMO
2026-08-07 13:00:00,SYN-RWL-DUDH-01,Dudhsagar Synthetic River Gauge,Dudhsagar River,15.3119034935,74.3139511686,0.761,-0.012,0.0,0.0,18.8,NORMAL_DEMO,SYNTHETIC_DEMO
2026-08-07 14:00:00,SYN-RWL-DUDH-01,Dudhsagar Synthetic River Gauge,Dudhsagar River,15.3119034935,74.3139511686,0.774,0.013,0.0,0.0,18.8,NORMAL_DEMO,SYNTHETIC_DEMO
2026-08-07 15:00:00,SYN-RWL-DUDH-01,Dudhsagar Synthetic River Gauge,Dudhsagar River,15.3119034935,74.3139511686,0.762,-0.012,0.0,0.0,18.8,NORMAL_DEMO,SYNTHETIC_DEMO
2026-08-07 16:00:00,SYN-RWL-DUDH-01,Dudhsagar Synthetic River Gauge,Dudhsagar River,15.3119034935,74.3139511686,0.766,0.004,4.2,4.2,21.2,NORMAL_DEMO,SYNTHETIC_DEMO
2026-08-07 17:00:00,SYN-RWL-DUDH-01,Dudhsagar Synthetic River Gauge,Dudhsagar River,15.3119034935,74.3139511686,0.756,-0.01,0.0,4.2,21.2,NORMAL_DEMO,SYNTHETIC_DEMO
2026-08-07 18:00:00,SYN-RWL-DUDH-01,Dudhsagar Synthetic River Gauge,Dudhsagar River,15.3119034935,74.3139511686,0.79,0.034,0.0,4.2,20.5,NORMAL_DEMO,SYNTHETIC_DEMO
2026-08-07 19:00:00,SYN-RWL-DUDH-01,Dudhsagar Synthetic River Gauge,Dudhsagar River,15.3119034935,74.3139511686,0.84,0.05,11.3,11.3,31.8,NORMAL_DEMO,SYNTHETIC_DEMO
2026-08-07 20:00:00,SYN-RWL-DUDH-01,Dudhsagar Synthetic River Gauge,Dudhsagar River,15.3119034935,74.3139511686,0.86,0.02,2.0,13.3,33.8,NORMAL_DEMO,SYNTHETIC_DEMO
2026-08-07 21:00:00,SYN-RWL-DUDH-01,Dudhsagar Synthetic River Gauge,Dudhsagar River,15.3119034935,74.3139511686,0.864,0.004,0.0,13.3,32.8,NORMAL_DEMO,SYNTHETIC_DEMO
2026-08-07 22:00:00,SYN-RWL-DUDH-01,Dudhsagar Synthetic River Gauge,Dudhsagar River,15.3119034935,74.3139511686,0.817,-0.047,1.4,3.4,34.3,NORMAL_DEMO,SYNTHETIC_DEMO
2026-08-07 23:00:00,SYN-RWL-DUDH-01,Dudhsagar Synthetic River Gauge,Dudhsagar River,15.3119034935,74.3139511686,0.783,-0.034,0.0,1.4,24.4,NORMAL_DEMO,SYNTHETIC_DEMO
2026-08-08 00:00:00,SYN-RWL-DUDH-01,Dudhsagar Synthetic River Gauge,Dudhsagar River,15.3119034935,74.3139511686,0.824,0.041,0.0,1.4,24.4,NORMAL_DEMO,SYNTHETIC_DEMO
2026-08-08 01:00:00,SYN-RWL-DUDH-01,Dudhsagar Synthetic River Gauge,Dudhsagar River,15.3119034935,74.3139511686,0.825,0.001,0.0,0.0,24.4,NORMAL_DEMO,SYNTHETIC_DEMO
2026-08-08 02:00:00,SYN-RWL-DUDH-01,Dudhsagar Synthetic River Gauge,Dudhsagar River,15.3119034935,74.3139511686,0.857,0.032,4.5,4.5,28.9,NORMAL_DEMO,SYNTHETIC_DEMO
2026-08-08 03:00:00,SYN-RWL-DUDH-01,Dudhsagar Synthetic River Gauge,Dudhsagar River,15.3119034935,74.3139511686,0.824,-0.033,0.0,4.5,28.9,NORMAL_DEMO,SYNTHETIC_DEMO
2026-08-08 04:00:00,SYN-RWL-DUDH-01,Dudhsagar Synthetic River Gauge,Dudhsagar River,15.3119034935,74.3139511686,0.863,0.039,0.0,4.5,25.6,NORMAL_DEMO,SYNTHETIC_DEMO
2026-08-08 05:00:00,SYN-RWL-DUDH-01,Dudhsagar Synthetic River Gauge,Dudhsagar River,15.3119034935,74.3139511686,0.84,-0.023,0.0,0.0,25.6,NORMAL_DEMO,SYNTHETIC_DEMO
2026-08-08 06:00:00,SYN-RWL-DUDH-01,Dudhsagar Synthetic River Gauge,Dudhsagar River,15.3119034935,74.3139511686,0.846,0.006,0.0,0.0,23.4,NORMAL_DEMO,SYNTHETIC_DEMO
2026-08-08 07:00:00,SYN-RWL-DUDH-01,Dudhsagar Synthetic River Gauge,Dudhsagar River,15.3119034935,74.3139511686,0.843,-0.003,0.0,0.0,23.4,NORMAL_DEMO,SYNTHETIC_DEMO
2026-08-08 08:00:00,SYN-RWL-DUDH-01,Dudhsagar Synthetic River Gauge,Dudhsagar River,15.3119034935,74.3139511686,0.849,0.006,0.0,0.0,23.4,NORMAL_DEMO,SYNTHETIC_DEMO
2026-08-08 09:00:00,SYN-RWL-DUDH-01,Dudhsagar Synthetic River Gauge,Dudhsagar River,15.3119034935,74.3139511686,0.822,-0.027,0.0,0.0,23.4,NORMAL_DEMO,SYNTHETIC_DEMO
2026-08-08 10:00:00,SYN-RWL-DUDH-01,Dudhsagar Synthetic River Gauge,Dudhsagar River,15.3119034935,74.3139511686,0.781,-0.041,0.0,0.0,23.4,NORMAL_DEMO,SYNTHETIC_DEMO
2026-08-08 11:00:00,SYN-RWL-DUDH-01,Dudhsagar Synthetic River Gauge,Dudhsagar River,15.3119034935,74.3139511686,0.834,0.053,0.0,0.0,23.4,NORMAL_DEMO,SYNTHETIC_DEMO
2026-08-08 12:00:00,SYN-RWL-DUDH-01,Dudhsagar Synthetic River Gauge,Dudhsagar River,15.3119034935,74.3139511686,0.826,-0.008,0.0,0.0,23.4,NORMAL_DEMO,SYNTHETIC_DEMO
2026-08-08 13:00:00,SYN-RWL-DUDH-01,Dudhsagar Synthetic River Gauge,Dudhsagar River,15.3119034935,74.3139511686,0.795,-0.031,0.0,0.0,23.4,NORMAL_DEMO,SYNTHETIC_DEMO
2026-08-08 14:00:00,SYN-RWL-DUDH-01,Dudhsagar Synthetic River Gauge,Dudhsagar River,15.3119034935,74.3139511686,0.753,-0.042,0.0,0.0,23.4,NORMAL_DEMO,SYNTHETIC_DEMO
2026-08-08 15:00:00,SYN-RWL-DUDH-01,Dudhsagar Synthetic River Gauge,Dudhsagar River,15.3119034935,74.3139511686,0.781,0.028,0.0,0.0,23.4,NORMAL_DEMO,SYNTHETIC_DEMO
2026-08-08 16:00:00,SYN-RWL-DUDH-01,Dudhsagar Synthetic River Gauge,Dudhsagar River,15.3119034935,74.3139511686,0.777,-0.004,3.0,3.0,22.2,NORMAL_DEMO,SYNTHETIC_DEMO
2026-08-08 17:00:00,SYN-RWL-DUDH-01,Dudhsagar Synthetic River Gauge,Dudhsagar River,15.3119034935,74.3139511686,0.755,-0.022,0.0,3.0,22.2,NORMAL_DEMO,SYNTHETIC_DEMO
2026-08-08 18:00:00,SYN-RWL-DUDH-01,Dudhsagar Synthetic River Gauge,Dudhsagar River,15.3119034935,74.3139511686,0.783,0.028,0.0,3.0,22.2,NORMAL_DEMO,SYNTHETIC_DEMO
2026-08-08 19:00:00,SYN-RWL-DUDH-01,Dudhsagar Synthetic River Gauge,Dudhsagar River,15.3119034935,74.3139511686,0.773,-0.01,0.0,0.0,10.9,NORMAL_DEMO,SYNTHETIC_DEMO
2026-08-08 20:00:00,SYN-RWL-DUDH-01,Dudhsagar Synthetic River Gauge,Dudhsagar River,15.3119034935,74.3139511686,0.735,-0.038,0.0,0.0,8.9,NORMAL_DEMO,SYNTHETIC_DEMO
2026-08-08 21:00:00,SYN-RWL-DUDH-01,Dudhsagar Synthetic River Gauge,Dudhsagar River,15.3119034935,74.3139511686,0.739,0.004,0.0,0.0,8.9,NORMAL_DEMO,SYNTHETIC_DEMO
2026-08-08 22:00:00,SYN-RWL-DUDH-01,Dudhsagar Synthetic River Gauge,Dudhsagar River,15.3119034935,74.3139511686,0.729,-0.01,0.0,0.0,7.5,NORMAL_DEMO,SYNTHETIC_DEMO
2026-08-08 23:00:00,SYN-RWL-DUDH-01,Dudhsagar Synthetic River Gauge,Dudhsagar River,15.3119034935,74.3139511686,0.748,0.019,0.0,0.0,7.5,NORMAL_DEMO,SYNTHETIC_DEMO
2026-08-09 00:00:00,SYN-RWL-DUDH-01,Dudhsagar Synthetic River Gauge,Dudhsagar River,15.3119034935,74.3139511686,0.793,0.045,0.0,0.0,7.5,NORMAL_DEMO,SYNTHETIC_DEMO
2026-08-09 01:00:00,SYN-RWL-DUDH-01,Dudhsagar Synthetic River Gauge,Dudhsagar River,15.3119034935,74.3139511686,0.771,-0.022,0.0,0.0,7.5,NORMAL_DEMO,SYNTHETIC_DEMO
2026-08-09 02:00:00,SYN-RWL-DUDH-01,Dudhsagar Synthetic River Gauge,Dudhsagar River,15.3119034935,74.3139511686,0.768,-0.003,0.0,0.0,3.0,NORMAL_DEMO,SYNTHETIC_DEMO
2026-08-09 03:00:00,SYN-RWL-DUDH-01,Dudhsagar Synthetic River Gauge,Dudhsagar River,15.3119034935,74.3139511686,0.776,0.008,0.0,0.0,3.0,NORMAL_DEMO,SYNTHETIC_DEMO
2026-08-09 04:00:00,SYN-RWL-DUDH-01,Dudhsagar Synthetic River Gauge,Dudhsagar River,15.3119034935,74.3139511686,0.842,0.066,5.9,5.9,8.8,NORMAL_DEMO,SYNTHETIC_DEMO
2026-08-09 05:00:00,SYN-RWL-DUDH-01,Dudhsagar Synthetic River Gauge,Dudhsagar River,15.3119034935,74.3139511686,0.853,0.011,3.6,9.4,12.4,NORMAL_DEMO,SYNTHETIC_DEMO
2026-08-09 06:00:00,SYN-RWL-DUDH-01,Dudhsagar Synthetic River Gauge,Dudhsagar River,15.3119034935,74.3139511686,0.888,0.035,1.2,10.7,13.6,NORMAL_DEMO,SYNTHETIC_DEMO
2026-08-09 07:00:00,SYN-RWL-DUDH-01,Dudhsagar Synthetic River Gauge,Dudhsagar River,15.3119034935,74.3139511686,0.832,-0.056,0.0,4.8,13.6,NORMAL_DEMO,SYNTHETIC_DEMO
2026-08-09 08:00:00,SYN-RWL-DUDH-01,Dudhsagar Synthetic River Gauge,Dudhsagar River,15.3119034935,74.3139511686,0.829,-0.003,0.0,1.2,13.6,NORMAL_DEMO,SYNTHETIC_DEMO
2026-08-09 09:00:00,SYN-RWL-DUDH-01,Dudhsagar Synthetic River Gauge,Dudhsagar River,15.3119034935,74.3139511686,0.831,0.002,0.0,0.0,13.6,NORMAL_DEMO,SYNTHETIC_DEMO
2026-08-09 10:00:00,SYN-RWL-DUDH-01,Dudhsagar Synthetic River Gauge,Dudhsagar River,15.3119034935,74.3139511686,0.789,-0.042,0.0,0.0,13.6,NORMAL_DEMO,SYNTHETIC_DEMO
2026-08-09 11:00:00,SYN-RWL-DUDH-01,Dudhsagar Synthetic River Gauge,Dudhsagar River,15.3119034935,74.3139511686,0.793,0.004,0.0,0.0,13.6,NORMAL_DEMO,SYNTHETIC_DEMO
2026-08-09 12:00:00,SYN-RWL-DUDH-01,Dudhsagar Synthetic River Gauge,Dudhsagar River,15.3119034935,74.3139511686,0.79,-0.003,0.0,0.0,13.6,NORMAL_DEMO,SYNTHETIC_DEMO
2026-08-09 13:00:00,SYN-RWL-DUDH-01,Dudhsagar Synthetic River Gauge,Dudhsagar River,15.3119034935,74.3139511686,0.777,-0.013,0.0,0.0,13.6,NORMAL_DEMO,SYNTHETIC_DEMO
2026-08-09 14:00:00,SYN-RWL-DUDH-01,Dudhsagar Synthetic River Gauge,Dudhsagar River,15.3119034935,74.3139511686,0.765,-0.012,0.0,0.0,13.6,NORMAL_DEMO,SYNTHETIC_DEMO
2026-08-09 15:00:00,SYN-RWL-DUDH-01,Dudhsagar Synthetic River Gauge,Dudhsagar River,15.3119034935,74.3139511686,0.769,0.004,0.0,0.0,13.6,NORMAL_DEMO,SYNTHETIC_DEMO
2026-08-09 16:00:00,SYN-RWL-DUDH-01,Dudhsagar Synthetic River Gauge,Dudhsagar River,15.3119034935,74.3139511686,0.7,-0.069,0.0,0.0,10.7,NORMAL_DEMO,SYNTHETIC_DEMO
2026-08-09 17:00:00,SYN-RWL-DUDH-01,Dudhsagar Synthetic River Gauge,Dudhsagar River,15.3119034935,74.3139511686,0.73,0.03,0.0,0.0,10.7,NORMAL_DEMO,SYNTHETIC_DEMO
2026-08-09 18:00:00,SYN-RWL-DUDH-01,Dudhsagar Synthetic River Gauge,Dudhsagar River,15.3119034935,74.3139511686,0.717,-0.013,0.0,0.0,10.7,NORMAL_DEMO,SYNTHETIC_DEMO
2026-08-09 19:00:00,SYN-RWL-DUDH-01,Dudhsagar Synthetic River Gauge,Dudhsagar River,15.3119034935,74.3139511686,0.739,0.022,0.0,0.0,10.7,NORMAL_DEMO,SYNTHETIC_DEMO
2026-08-09 20:00:00,SYN-RWL-DUDH-01,Dudhsagar Synthetic River Gauge,Dudhsagar River,15.3119034935,74.3139511686,0.757,0.018,0.0,0.0,10.7,NORMAL_DEMO,SYNTHETIC_DEMO
2026-08-09 21:00:00,SYN-RWL-DUDH-01,Dudhsagar Synthetic River Gauge,Dudhsagar River,15.3119034935,74.3139511686,0.747,-0.01,0.0,0.0,10.7,NORMAL_DEMO,SYNTHETIC_DEMO
2026-08-09 22:00:00,SYN-RWL-DUDH-01,Dudhsagar Synthetic River Gauge,Dudhsagar River,15.3119034935,74.3139511686,0.743,-0.004,0.0,0.0,10.7,NORMAL_DEMO,SYNTHETIC_DEMO
2026-08-09 23:00:00,SYN-RWL-DUDH-01,Dudhsagar Synthetic River Gauge,Dudhsagar River,15.3119034935,74.3139511686,0.77,0.027,0.0,0.0,10.7,NORMAL_DEMO,SYNTHETIC_DEMO
2026-08-10 00:00:00,SYN-RWL-DUDH-01,Dudhsagar Synthetic River Gauge,Dudhsagar River,15.3119034935,74.3139511686,0.861,0.091,6.7,6.7,17.3,NORMAL_DEMO,SYNTHETIC_DEMO
2026-08-10 01:00:00,SYN-RWL-DUDH-01,Dudhsagar Synthetic River Gauge,Dudhsagar River,15.3119034935,74.3139511686,0.832,-0.029,0.0,6.7,17.3,NORMAL_DEMO,SYNTHETIC_DEMO
2026-08-10 02:00:00,SYN-RWL-DUDH-01,Dudhsagar Synthetic River Gauge,Dudhsagar River,15.3119034935,74.3139511686,0.843,0.011,0.0,6.7,17.3,NORMAL_DEMO,SYNTHETIC_DEMO
2026-08-10 03:00:00,SYN-RWL-DUDH-01,Dudhsagar Synthetic River Gauge,Dudhsagar River,15.3119034935,74.3139511686,0.82,-0.023,0.0,0.0,17.3,NORMAL_DEMO,SYNTHETIC_DEMO
2026-08-10 04:00:00,SYN-RWL-DUDH-01,Dudhsagar Synthetic River Gauge,Dudhsagar River,15.3119034935,74.3139511686,0.806,-0.014,0.0,0.0,11.5,NORMAL_DEMO,SYNTHETIC_DEMO
2026-08-10 05:00:00,SYN-RWL-DUDH-01,Dudhsagar Synthetic River Gauge,Dudhsagar River,15.3119034935,74.3139511686,0.84,0.034,2.6,2.6,10.6,NORMAL_DEMO,SYNTHETIC_DEMO
2026-08-10 06:00:00,SYN-RWL-DUDH-01,Dudhsagar Synthetic River Gauge,Dudhsagar River,15.3119034935,74.3139511686,0.807,-0.033,0.0,2.6,9.3,NORMAL_DEMO,SYNTHETIC_DEMO
2026-08-10 07:00:00,SYN-RWL-DUDH-01,Dudhsagar Synthetic River Gauge,Dudhsagar River,15.3119034935,74.3139511686,0.815,0.008,0.0,2.6,9.3,NORMAL_DEMO,SYNTHETIC_DEMO
2026-08-10 08:00:00,SYN-RWL-DUDH-01,Dudhsagar Synthetic River Gauge,Dudhsagar River,15.3119034935,74.3139511686,0.767,-0.048,0.0,0.0,9.3,NORMAL_DEMO,SYNTHETIC_DEMO
2026-08-10 09:00:00,SYN-RWL-DUDH-01,Dudhsagar Synthetic River Gauge,Dudhsagar River,15.3119034935,74.3139511686,0.798,0.031,0.0,0.0,9.3,NORMAL_DEMO,SYNTHETIC_DEMO
2026-08-10 10:00:00,SYN-RWL-DUDH-01,Dudhsagar Synthetic River Gauge,Dudhsagar River,15.3119034935,74.3139511686,0.792,-0.006,0.0,0.0,9.3,NORMAL_DEMO,SYNTHETIC_DEMO
2026-08-10 11:00:00,SYN-RWL-DUDH-01,Dudhsagar Synthetic River Gauge,Dudhsagar River,15.3119034935,74.3139511686,0.768,-0.024,0.0,0.0,9.3,NORMAL_DEMO,SYNTHETIC_DEMO
2026-08-10 12:00:00,SYN-RWL-DUDH-01,Dudhsagar Synthetic River Gauge,Dudhsagar River,15.3119034935,74.3139511686,0.756,-0.012,0.0,0.0,9.3,NORMAL_DEMO,SYNTHETIC_DEMO
2026-08-10 13:00:00,SYN-RWL-DUDH-01,Dudhsagar Synthetic River Gauge,Dudhsagar River,15.3119034935,74.3139511686,0.763,0.007,0.0,0.0,9.3,NORMAL_DEMO,SYNTHETIC_DEMO
2026-08-10 14:00:00,SYN-RWL-DUDH-01,Dudhsagar Synthetic River Gauge,Dudhsagar River,15.3119034935,74.3139511686,0.79,0.027,0.0,0.0,9.3,NORMAL_DEMO,SYNTHETIC_DEMO
2026-08-10 15:00:00,SYN-RWL-DUDH-01,Dudhsagar Synthetic River Gauge,Dudhsagar River,15.3119034935,74.3139511686,0.721,-0.069,0.0,0.0,9.3,NORMAL_DEMO,SYNTHETIC_DEMO
2026-08-10 16:00:00,SYN-RWL-DUDH-01,Dudhsagar Synthetic River Gauge,Dudhsagar River,15.3119034935,74.3139511686,0.741,0.02,0.0,0.0,9.3,NORMAL_DEMO,SYNTHETIC_DEMO
2026-08-10 17:00:00,SYN-RWL-DUDH-01,Dudhsagar Synthetic River Gauge,Dudhsagar River,15.3119034935,74.3139511686,0.727,-0.014,0.0,0.0,9.3,NORMAL_DEMO,SYNTHETIC_DEMO
2026-08-10 18:00:00,SYN-RWL-DUDH-01,Dudhsagar Synthetic River Gauge,Dudhsagar River,15.3119034935,74.3139511686,0.691,-0.036,0.0,0.0,9.3,NORMAL_DEMO,SYNTHETIC_DEMO
2026-08-10 19:00:00,SYN-RWL-DUDH-01,Dudhsagar Synthetic River Gauge,Dudhsagar River,15.3119034935,74.3139511686,0.744,0.053,0.0,0.0,9.3,NORMAL_DEMO,SYNTHETIC_DEMO
2026-08-10 20:00:00,SYN-RWL-DUDH-01,Dudhsagar Synthetic River Gauge,Dudhsagar River,15.3119034935,74.3139511686,0.77,0.026,4.2,4.2,13.5,NORMAL_DEMO,SYNTHETIC_DEMO
2026-08-10 21:00:00,SYN-RWL-DUDH-01,Dudhsagar Synthetic River Gauge,Dudhsagar River,15.3119034935,74.3139511686,0.763,-0.007,0.0,4.2,13.5,NORMAL_DEMO,SYNTHETIC_DEMO
2026-08-10 22:00:00,SYN-RWL-DUDH-01,Dudhsagar Synthetic River Gauge,Dudhsagar River,15.3119034935,74.3139511686,0.781,0.018,0.0,4.2,13.5,NORMAL_DEMO,SYNTHETIC_DEMO
2026-08-10 23:00:00,SYN-RWL-DUDH-01,Dudhsagar Synthetic River Gauge,Dudhsagar River,15.3119034935,74.3139511686,0.757,-0.024,0.0,0.0,13.5,NORMAL_DEMO,SYNTHETIC_DEMO
2026-08-11 00:00:00,SYN-RWL-DUDH-01,Dudhsagar Synthetic River Gauge,Dudhsagar River,15.3119034935,74.3139511686,0.784,0.027,0.0,0.0,6.8,NORMAL_DEMO,SYNTHETIC_DEMO
2026-08-11 01:00:00,SYN-RWL-DUDH-01,Dudhsagar Synthetic River Gauge,Dudhsagar River,15.3119034935,74.3139511686,0.761,-0.023,0.0,0.0,6.8,NORMAL_DEMO,SYNTHETIC_DEMO
2026-08-11 02:00:00,SYN-RWL-DUDH-01,Dudhsagar Synthetic River Gauge,Dudhsagar River,15.3119034935,74.3139511686,0.79,0.029,3.8,3.8,10.6,NORMAL_DEMO,SYNTHETIC_DEMO
2026-08-11 03:00:00,SYN-RWL-DUDH-01,Dudhsagar Synthetic River Gauge,Dudhsagar River,15.3119034935,74.3139511686,0.822,0.032,0.1,3.9,10.7,NORMAL_DEMO,SYNTHETIC_DEMO
2026-08-11 04:00:00,SYN-RWL-DUDH-01,Dudhsagar Synthetic River Gauge,Dudhsagar River,15.3119034935,74.3139511686,0.839,0.017,2.5,6.4,13.2,NORMAL_DEMO,SYNTHETIC_DEMO
2026-08-11 05:00:00,SYN-RWL-DUDH-01,Dudhsagar Synthetic River Gauge,Dudhsagar River,15.3119034935,74.3139511686,0.852,0.013,0.0,2.6,10.6,NORMAL_DEMO,SYNTHETIC_DEMO
2026-08-11 06:00:00,SYN-RWL-DUDH-01,Dudhsagar Synthetic River Gauge,Dudhsagar River,15.3119034935,74.3139511686,0.823,-0.029,0.0,2.5,10.6,NORMAL_DEMO,SYNTHETIC_DEMO
2026-08-11 07:00:00,SYN-RWL-DUDH-01,Dudhsagar Synthetic River Gauge,Dudhsagar River,15.3119034935,74.3139511686,0.879,0.056,6.2,6.2,16.8,NORMAL_DEMO,SYNTHETIC_DEMO
2026-08-11 08:00:00,SYN-RWL-DUDH-01,Dudhsagar Synthetic River Gauge,Dudhsagar River,15.3119034935,74.3139511686,0.853,-0.026,0.0,6.2,16.8,NORMAL_DEMO,SYNTHETIC_DEMO
2026-08-11 09:00:00,SYN-RWL-DUDH-01,Dudhsagar Synthetic River Gauge,Dudhsagar River,15.3119034935,74.3139511686,0.827,-0.026,0.0,6.2,16.8,NORMAL_DEMO,SYNTHETIC_DEMO
2026-08-11 10:00:00,SYN-RWL-DUDH-01,Dudhsagar Synthetic River Gauge,Dudhsagar River,15.3119034935,74.3139511686,0.978,0.151,17.3,17.3,34.1,ELEVATED_DEMO,SYNTHETIC_DEMO
2026-08-11 11:00:00,SYN-RWL-DUDH-01,Dudhsagar Synthetic River Gauge,Dudhsagar River,15.3119034935,74.3139511686,1.163,0.185,30.1,47.4,64.2,ELEVATED_DEMO,SYNTHETIC_DEMO
2026-08-11 12:00:00,SYN-RWL-DUDH-01,Dudhsagar Synthetic River Gauge,Dudhsagar River,15.3119034935,74.3139511686,1.22,0.057,8.1,55.5,72.2,ELEVATED_DEMO,SYNTHETIC_DEMO
2026-08-11 13:00:00,SYN-RWL-DUDH-01,Dudhsagar Synthetic River Gauge,Dudhsagar River,15.3119034935,74.3139511686,1.275,0.055,17.8,55.9,90.0,HIGH_DEMO,SYNTHETIC_DEMO
2026-08-11 14:00:00,SYN-RWL-DUDH-01,Dudhsagar Synthetic River Gauge,Dudhsagar River,15.3119034935,74.3139511686,1.274,-0.001,23.8,49.6,113.7,HIGH_DEMO,SYNTHETIC_DEMO
2026-08-11 15:00:00,SYN-RWL-DUDH-01,Dudhsagar Synthetic River Gauge,Dudhsagar River,15.3119034935,74.3139511686,1.408,0.134,25.0,66.6,138.8,HIGH_DEMO,SYNTHETIC_DEMO
2026-08-11 16:00:00,SYN-RWL-DUDH-01,Dudhsagar Synthetic River Gauge,Dudhsagar River,15.3119034935,74.3139511686,1.424,0.016,16.3,65.1,155.1,HIGH_DEMO,SYNTHETIC_DEMO
2026-08-11 17:00:00,SYN-RWL-DUDH-01,Dudhsagar Synthetic River Gauge,Dudhsagar River,15.3119034935,74.3139511686,1.357,-0.067,7.1,48.5,162.2,HIGH_DEMO,SYNTHETIC_DEMO
2026-08-11 18:00:00,SYN-RWL-DUDH-01,Dudhsagar Synthetic River Gauge,Dudhsagar River,15.3119034935,74.3139511686,1.559,0.202,44.8,68.3,207.0,HIGH_DEMO,SYNTHETIC_DEMO
2026-08-11 19:00:00,SYN-RWL-DUDH-01,Dudhsagar Synthetic River Gauge,Dudhsagar River,15.3119034935,74.3139511686,1.559,0.0,13.4,65.4,220.5,HIGH_DEMO,SYNTHETIC_DEMO
2026-08-11 20:00:00,SYN-RWL-DUDH-01,Dudhsagar Synthetic River Gauge,Dudhsagar River,15.3119034935,74.3139511686,1.649,0.09,18.5,76.7,234.8,HIGH_DEMO,SYNTHETIC_DEMO
2026-08-11 21:00:00,SYN-RWL-DUDH-01,Dudhsagar Synthetic River Gauge,Dudhsagar River,15.3119034935,74.3139511686,1.522,-0.127,21.4,53.4,256.2,HIGH_DEMO,SYNTHETIC_DEMO
2026-08-11 22:00:00,SYN-RWL-DUDH-01,Dudhsagar Synthetic River Gauge,Dudhsagar River,15.3119034935,74.3139511686,1.549,0.027,7.6,47.6,263.9,HIGH_DEMO,SYNTHETIC_DEMO
2026-08-11 23:00:00,SYN-RWL-DUDH-01,Dudhsagar Synthetic River Gauge,Dudhsagar River,15.3119034935,74.3139511686,1.781,0.232,43.2,72.3,307.0,CRITICAL_DEMO,SYNTHETIC_DEMO
2026-08-12 00:00:00,SYN-RWL-DUDH-01,Dudhsagar Synthetic River Gauge,Dudhsagar River,15.3119034935,74.3139511686,1.89,0.109,24.2,75.0,331.2,CRITICAL_DEMO,SYNTHETIC_DEMO
2026-08-12 01:00:00,SYN-RWL-DUDH-01,Dudhsagar Synthetic River Gauge,Dudhsagar River,15.3119034935,74.3139511686,2.188,0.298,45.3,112.7,376.5,CRITICAL_DEMO,SYNTHETIC_DEMO
2026-08-12 02:00:00,SYN-RWL-DUDH-01,Dudhsagar Synthetic River Gauge,Dudhsagar River,15.3119034935,74.3139511686,2.046,-0.142,14.6,84.1,387.3,CRITICAL_DEMO,SYNTHETIC_DEMO
2026-08-12 03:00:00,SYN-RWL-DUDH-01,Dudhsagar Synthetic River Gauge,Dudhsagar River,15.3119034935,74.3139511686,2.239,0.193,41.4,101.3,428.6,CRITICAL_DEMO,SYNTHETIC_DEMO
2026-08-12 04:00:00,SYN-RWL-DUDH-01,Dudhsagar Synthetic River Gauge,Dudhsagar River,15.3119034935,74.3139511686,2.173,-0.066,23.8,79.7,449.9,CRITICAL_DEMO,SYNTHETIC_DEMO
2026-08-12 05:00:00,SYN-RWL-DUDH-01,Dudhsagar Synthetic River Gauge,Dudhsagar River,15.3119034935,74.3139511686,2.215,0.042,17.4,82.6,467.3,CRITICAL_DEMO,SYNTHETIC_DEMO
2026-08-12 06:00:00,SYN-RWL-DUDH-01,Dudhsagar Synthetic River Gauge,Dudhsagar River,15.3119034935,74.3139511686,2.319,0.104,42.0,83.2,509.3,CRITICAL_DEMO,SYNTHETIC_DEMO
2026-08-12 07:00:00,SYN-RWL-DUDH-01,Dudhsagar Synthetic River Gauge,Dudhsagar River,15.3119034935,74.3139511686,2.35,0.031,60.0,119.4,563.1,CRITICAL_DEMO,SYNTHETIC_DEMO
2026-08-12 08:00:00,SYN-RWL-DUDH-01,Dudhsagar Synthetic River Gauge,Dudhsagar River,15.3119034935,74.3139511686,2.35,0.0,10.4,112.4,573.5,CRITICAL_DEMO,SYNTHETIC_DEMO
2026-08-12 09:00:00,SYN-RWL-DUDH-01,Dudhsagar Synthetic River Gauge,Dudhsagar River,15.3119034935,74.3139511686,2.35,0.0,11.9,82.3,585.4,CRITICAL_DEMO,SYNTHETIC_DEMO
2026-08-12 10:00:00,SYN-RWL-DUDH-01,Dudhsagar Synthetic River Gauge,Dudhsagar River,15.3119034935,74.3139511686,2.271,-0.079,27.5,49.8,595.6,CRITICAL_DEMO,SYNTHETIC_DEMO
2026-08-12 11:00:00,SYN-RWL-DUDH-01,Dudhsagar Synthetic River Gauge,Dudhsagar River,15.3119034935,74.3139511686,2.139,-0.132,0.0,39.4,565.5,CRITICAL_DEMO,SYNTHETIC_DEMO
2026-08-12 12:00:00,SYN-RWL-DUDH-01,Dudhsagar Synthetic River Gauge,Dudhsagar River,15.3119034935,74.3139511686,2.008,-0.131,0.0,27.5,557.4,CRITICAL_DEMO,SYNTHETIC_DEMO
2026-08-12 13:00:00,SYN-RWL-DUDH-01,Dudhsagar Synthetic River Gauge,Dudhsagar River,15.3119034935,74.3139511686,1.825,-0.183,2.1,2.1,541.7,CRITICAL_DEMO,SYNTHETIC_DEMO
2026-08-12 14:00:00,SYN-RWL-DUDH-01,Dudhsagar Synthetic River Gauge,Dudhsagar River,15.3119034935,74.3139511686,1.786,-0.039,0.0,2.1,518.0,CRITICAL_DEMO,SYNTHETIC_DEMO
2026-08-12 15:00:00,SYN-RWL-DUDH-01,Dudhsagar Synthetic River Gauge,Dudhsagar River,15.3119034935,74.3139511686,1.728,-0.058,0.0,2.1,492.9,CRITICAL_DEMO,SYNTHETIC_DEMO
2026-08-12 16:00:00,SYN-RWL-DUDH-01,Dudhsagar Synthetic River Gauge,Dudhsagar River,15.3119034935,74.3139511686,1.672,-0.056,0.0,0.0,476.6,HIGH_DEMO,SYNTHETIC_DEMO
2026-08-12 17:00:00,SYN-RWL-DUDH-01,Dudhsagar Synthetic River Gauge,Dudhsagar River,15.3119034935,74.3139511686,1.615,-0.057,0.0,0.0,469.5,HIGH_DEMO,SYNTHETIC_DEMO
2026-08-12 18:00:00,SYN-RWL-DUDH-01,Dudhsagar Synthetic River Gauge,Dudhsagar River,15.3119034935,74.3139511686,1.564,-0.051,2.2,2.2,426.9,HIGH_DEMO,SYNTHETIC_DEMO
2026-08-12 19:00:00,SYN-RWL-DUDH-01,Dudhsagar Synthetic River Gauge,Dudhsagar River,15.3119034935,74.3139511686,1.523,-0.041,0.0,2.2,413.5,HIGH_DEMO,SYNTHETIC_DEMO
2026-08-12 20:00:00,SYN-RWL-DUDH-01,Dudhsagar Synthetic River Gauge,Dudhsagar River,15.3119034935,74.3139511686,1.547,0.024,0.3,2.5,395.3,HIGH_DEMO,SYNTHETIC_DEMO
2026-08-12 21:00:00,SYN-RWL-DUDH-01,Dudhsagar Synthetic River Gauge,Dudhsagar River,15.3119034935,74.3139511686,1.448,-0.099,0.0,0.3,373.8,HIGH_DEMO,SYNTHETIC_DEMO
2026-08-12 22:00:00,SYN-RWL-DUDH-01,Dudhsagar Synthetic River Gauge,Dudhsagar River,15.3119034935,74.3139511686,1.467,0.019,0.0,0.3,366.2,HIGH_DEMO,SYNTHETIC_DEMO
2026-08-12 23:00:00,SYN-RWL-DUDH-01,Dudhsagar Synthetic River Gauge,Dudhsagar River,15.3119034935,74.3139511686,1.451,-0.016,6.6,6.6,329.6,HIGH_DEMO,SYNTHETIC_DEMO
2026-08-13 00:00:00,SYN-RWL-DUDH-01,Dudhsagar Synthetic River Gauge,Dudhsagar River,15.3119034935,74.3139511686,1.387,-0.064,0.0,6.6,305.4,HIGH_DEMO,SYNTHETIC_DEMO
2026-08-13 01:00:00,SYN-RWL-DUDH-01,Dudhsagar Synthetic River Gauge,Dudhsagar River,15.3119034935,74.3139511686,1.301,-0.086,0.0,6.6,260.1,HIGH_DEMO,SYNTHETIC_DEMO
2026-08-13 02:00:00,SYN-RWL-DUDH-01,Dudhsagar Synthetic River Gauge,Dudhsagar River,15.3119034935,74.3139511686,1.259,-0.042,0.0,0.0,245.5,HIGH_DEMO,SYNTHETIC_DEMO
2026-08-13 03:00:00,SYN-RWL-DUDH-01,Dudhsagar Synthetic River Gauge,Dudhsagar River,15.3119034935,74.3139511686,1.154,-0.105,0.0,0.0,204.1,ELEVATED_DEMO,SYNTHETIC_DEMO
2026-08-13 04:00:00,SYN-RWL-DUDH-01,Dudhsagar Synthetic River Gauge,Dudhsagar River,15.3119034935,74.3139511686,1.144,-0.01,0.0,0.0,180.4,ELEVATED_DEMO,SYNTHETIC_DEMO
2026-08-13 05:00:00,SYN-RWL-DUDH-01,Dudhsagar Synthetic River Gauge,Dudhsagar River,15.3119034935,74.3139511686,1.105,-0.039,0.0,0.0,162.9,ELEVATED_DEMO,SYNTHETIC_DEMO
2026-08-13 06:00:00,SYN-RWL-DUDH-01,Dudhsagar Synthetic River Gauge,Dudhsagar River,15.3119034935,74.3139511686,1.038,-0.067,0.0,0.0,120.9,ELEVATED_DEMO,SYNTHETIC_DEMO
2026-08-13 07:00:00,SYN-RWL-DUDH-01,Dudhsagar Synthetic River Gauge,Dudhsagar River,15.3119034935,74.3139511686,0.88,-0.158,0.0,0.0,60.9,NORMAL_DEMO,SYNTHETIC_DEMO
2026-08-13 08:00:00,SYN-RWL-DUDH-01,Dudhsagar Synthetic River Gauge,Dudhsagar River,15.3119034935,74.3139511686,0.895,0.015,0.0,0.0,50.5,NORMAL_DEMO,SYNTHETIC_DEMO
2026-08-13 09:00:00,SYN-RWL-DUDH-01,Dudhsagar Synthetic River Gauge,Dudhsagar River,15.3119034935,74.3139511686,0.87,-0.025,0.0,0.0,38.7,NORMAL_DEMO,SYNTHETIC_DEMO
2026-08-13 10:00:00,SYN-RWL-DUDH-01,Dudhsagar Synthetic River Gauge,Dudhsagar River,15.3119034935,74.3139511686,0.779,-0.091,0.0,0.0,11.2,NORMAL_DEMO,SYNTHETIC_DEMO
2026-08-13 11:00:00,SYN-RWL-DUDH-01,Dudhsagar Synthetic River Gauge,Dudhsagar River,15.3119034935,74.3139511686,0.788,0.009,0.0,0.0,11.2,NORMAL_DEMO,SYNTHETIC_DEMO
2026-08-13 12:00:00,SYN-RWL-DUDH-01,Dudhsagar Synthetic River Gauge,Dudhsagar River,15.3119034935,74.3139511686,0.772,-0.016,0.0,0.0,11.2,NORMAL_DEMO,SYNTHETIC_DEMO
2026-08-13 13:00:00,SYN-RWL-DUDH-01,Dudhsagar Synthetic River Gauge,Dudhsagar River,15.3119034935,74.3139511686,0.782,0.01,0.0,0.0,9.1,NORMAL_DEMO,SYNTHETIC_DEMO
2026-08-13 14:00:00,SYN-RWL-DUDH-01,Dudhsagar Synthetic River Gauge,Dudhsagar River,15.3119034935,74.3139511686,0.76,-0.022,0.0,0.0,9.1,NORMAL_DEMO,SYNTHETIC_DEMO
2026-08-13 15:00:00,SYN-RWL-DUDH-01,Dudhsagar Synthetic River Gauge,Dudhsagar River,15.3119034935,74.3139511686,0.739,-0.021,0.0,0.0,9.1,NORMAL_DEMO,SYNTHETIC_DEMO
2026-08-13 16:00:00,SYN-RWL-DUDH-01,Dudhsagar Synthetic River Gauge,Dudhsagar River,15.3119034935,74.3139511686,0.708,-0.031,0.0,0.0,9.1,NORMAL_DEMO,SYNTHETIC_DEMO
2026-08-13 17:00:00,SYN-RWL-DUDH-01,Dudhsagar Synthetic River Gauge,Dudhsagar River,15.3119034935,74.3139511686,0.709,0.001,0.0,0.0,9.1,NORMAL_DEMO,SYNTHETIC_DEMO
2026-08-13 18:00:00,SYN-RWL-DUDH-01,Dudhsagar Synthetic River Gauge,Dudhsagar River,15.3119034935,74.3139511686,0.717,0.008,0.0,0.0,6.8,NORMAL_DEMO,SYNTHETIC_DEMO
2026-08-13 19:00:00,SYN-RWL-DUDH-01,Dudhsagar Synthetic River Gauge,Dudhsagar River,15.3119034935,74.3139511686,0.713,-0.004,0.0,0.0,6.8,NORMAL_DEMO,SYNTHETIC_DEMO
2026-08-13 20:00:00,SYN-RWL-DUDH-01,Dudhsagar Synthetic River Gauge,Dudhsagar River,15.3119034935,74.3139511686,0.781,0.068,7.9,7.9,14.4,NORMAL_DEMO,SYNTHETIC_DEMO
2026-08-13 21:00:00,SYN-RWL-DUDH-01,Dudhsagar Synthetic River Gauge,Dudhsagar River,15.3119034935,74.3139511686,0.815,0.034,0.0,7.9,14.4,NORMAL_DEMO,SYNTHETIC_DEMO
2026-08-13 22:00:00,SYN-RWL-DUDH-01,Dudhsagar Synthetic River Gauge,Dudhsagar River,15.3119034935,74.3139511686,0.809,-0.006,0.0,7.9,14.4,NORMAL_DEMO,SYNTHETIC_DEMO
2026-08-13 23:00:00,SYN-RWL-DUDH-01,Dudhsagar Synthetic River Gauge,Dudhsagar River,15.3119034935,74.3139511686,0.771,-0.038,0.0,0.0,7.9,NORMAL_DEMO,SYNTHETIC_DEMO
2026-08-14 00:00:00,SYN-RWL-DUDH-01,Dudhsagar Synthetic River Gauge,Dudhsagar River,15.3119034935,74.3139511686,0.766,-0.005,0.0,0.0,7.9,NORMAL_DEMO,SYNTHETIC_DEMO
2026-08-14 01:00:00,SYN-RWL-DUDH-01,Dudhsagar Synthetic River Gauge,Dudhsagar River,15.3119034935,74.3139511686,0.774,0.008,0.0,0.0,7.9,NORMAL_DEMO,SYNTHETIC_DEMO
2026-08-14 02:00:00,SYN-RWL-DUDH-01,Dudhsagar Synthetic River Gauge,Dudhsagar River,15.3119034935,74.3139511686,0.775,0.001,0.0,0.0,7.9,NORMAL_DEMO,SYNTHETIC_DEMO
2026-08-14 03:00:00,SYN-RWL-DUDH-01,Dudhsagar Synthetic River Gauge,Dudhsagar River,15.3119034935,74.3139511686,0.799,0.024,2.9,2.9,10.8,NORMAL_DEMO,SYNTHETIC_DEMO
2026-08-14 04:00:00,SYN-RWL-DUDH-01,Dudhsagar Synthetic River Gauge,Dudhsagar River,15.3119034935,74.3139511686,0.826,0.027,0.0,2.9,10.8,NORMAL_DEMO,SYNTHETIC_DEMO
2026-08-14 05:00:00,SYN-RWL-DUDH-01,Dudhsagar Synthetic River Gauge,Dudhsagar River,15.3119034935,74.3139511686,0.849,0.023,0.0,2.9,10.8,NORMAL_DEMO,SYNTHETIC_DEMO
2026-08-14 06:00:00,SYN-RWL-DUDH-01,Dudhsagar Synthetic River Gauge,Dudhsagar River,15.3119034935,74.3139511686,0.811,-0.038,0.0,0.0,10.8,NORMAL_DEMO,SYNTHETIC_DEMO
2026-08-14 07:00:00,SYN-RWL-DUDH-01,Dudhsagar Synthetic River Gauge,Dudhsagar River,15.3119034935,74.3139511686,0.821,0.01,0.0,0.0,10.8,NORMAL_DEMO,SYNTHETIC_DEMO
2026-08-14 08:00:00,SYN-RWL-DUDH-01,Dudhsagar Synthetic River Gauge,Dudhsagar River,15.3119034935,74.3139511686,0.791,-0.03,0.0,0.0,10.8,NORMAL_DEMO,SYNTHETIC_DEMO
2026-08-14 09:00:00,SYN-RWL-DUDH-01,Dudhsagar Synthetic River Gauge,Dudhsagar River,15.3119034935,74.3139511686,0.799,0.008,0.5,0.5,11.3,NORMAL_DEMO,SYNTHETIC_DEMO
2026-08-14 10:00:00,SYN-RWL-DUDH-01,Dudhsagar Synthetic River Gauge,Dudhsagar River,15.3119034935,74.3139511686,0.806,0.007,1.4,1.9,12.6,NORMAL_DEMO,SYNTHETIC_DEMO
2026-08-14 11:00:00,SYN-RWL-DUDH-01,Dudhsagar Synthetic River Gauge,Dudhsagar River,15.3119034935,74.3139511686,0.8,-0.006,0.0,1.9,12.6,NORMAL_DEMO,SYNTHETIC_DEMO
2026-08-14 12:00:00,SYN-RWL-DUDH-01,Dudhsagar Synthetic River Gauge,Dudhsagar River,15.3119034935,74.3139511686,0.783,-0.017,0.0,1.4,12.6,NORMAL_DEMO,SYNTHETIC_DEMO
2026-08-14 13:00:00,SYN-RWL-DUDH-01,Dudhsagar Synthetic River Gauge,Dudhsagar River,15.3119034935,74.3139511686,0.765,-0.018,0.0,0.0,12.6,NORMAL_DEMO,SYNTHETIC_DEMO
2026-08-14 14:00:00,SYN-RWL-DUDH-01,Dudhsagar Synthetic River Gauge,Dudhsagar River,15.3119034935,74.3139511686,0.767,0.002,1.9,1.9,14.6,NORMAL_DEMO,SYNTHETIC_DEMO
2026-08-14 15:00:00,SYN-RWL-DUDH-01,Dudhsagar Synthetic River Gauge,Dudhsagar River,15.3119034935,74.3139511686,0.77,0.003,0.0,1.9,14.6,NORMAL_DEMO,SYNTHETIC_DEMO
2026-08-14 16:00:00,SYN-RWL-DUDH-01,Dudhsagar Synthetic River Gauge,Dudhsagar River,15.3119034935,74.3139511686,0.762,-0.008,0.0,1.9,14.6,NORMAL_DEMO,SYNTHETIC_DEMO
2026-08-14 17:00:00,SYN-RWL-DUDH-01,Dudhsagar Synthetic River Gauge,Dudhsagar River,15.3119034935,74.3139511686,0.735,-0.027,0.0,0.0,14.6,NORMAL_DEMO,SYNTHETIC_DEMO
2026-08-14 18:00:00,SYN-RWL-DUDH-01,Dudhsagar Synthetic River Gauge,Dudhsagar River,15.3119034935,74.3139511686,0.727,-0.008,0.0,0.0,14.6,NORMAL_DEMO,SYNTHETIC_DEMO
2026-08-14 19:00:00,SYN-RWL-DUDH-01,Dudhsagar Synthetic River Gauge,Dudhsagar River,15.3119034935,74.3139511686,0.738,0.011,1.1,1.1,15.7,NORMAL_DEMO,SYNTHETIC_DEMO
2026-08-14 20:00:00,SYN-RWL-DUDH-01,Dudhsagar Synthetic River Gauge,Dudhsagar River,15.3119034935,74.3139511686,0.763,0.025,0.0,1.1,7.8,NORMAL_DEMO,SYNTHETIC_DEMO
2026-08-14 21:00:00,SYN-RWL-DUDH-01,Dudhsagar Synthetic River Gauge,Dudhsagar River,15.3119034935,74.3139511686,0.749,-0.014,0.0,1.1,7.8,NORMAL_DEMO,SYNTHETIC_DEMO
2026-08-14 22:00:00,SYN-RWL-DUDH-01,Dudhsagar Synthetic River Gauge,Dudhsagar River,15.3119034935,74.3139511686,0.759,0.01,0.0,0.0,7.8,NORMAL_DEMO,SYNTHETIC_DEMO
2026-08-14 23:00:00,SYN-RWL-DUDH-01,Dudhsagar Synthetic River Gauge,Dudhsagar River,15.3119034935,74.3139511686,0.768,0.009,0.0,0.0,7.8,NORMAL_DEMO,SYNTHETIC_DEMO
2026-08-15 00:00:00,SYN-RWL-DUDH-01,Dudhsagar Synthetic River Gauge,Dudhsagar River,15.3119034935,74.3139511686,0.767,-0.001,0.0,0.0,7.8,NORMAL_DEMO,SYNTHETIC_DEMO
2026-08-15 01:00:00,SYN-RWL-DUDH-01,Dudhsagar Synthetic River Gauge,Dudhsagar River,15.3119034935,74.3139511686,0.781,0.014,0.0,0.0,7.8,NORMAL_DEMO,SYNTHETIC_DEMO
2026-08-15 02:00:00,SYN-RWL-DUDH-01,Dudhsagar Synthetic River Gauge,Dudhsagar River,15.3119034935,74.3139511686,0.792,0.011,0.0,0.0,7.8,NORMAL_DEMO,SYNTHETIC_DEMO
2026-08-15 03:00:00,SYN-RWL-DUDH-01,Dudhsagar Synthetic River Gauge,Dudhsagar River,15.3119034935,74.3139511686,0.766,-0.026,0.0,0.0,4.9,NORMAL_DEMO,SYNTHETIC_DEMO
2026-08-15 04:00:00,SYN-RWL-DUDH-01,Dudhsagar Synthetic River Gauge,Dudhsagar River,15.3119034935,74.3139511686,0.801,0.035,0.0,0.0,4.9,NORMAL_DEMO,SYNTHETIC_DEMO
2026-08-15 05:00:00,SYN-RWL-DUDH-01,Dudhsagar Synthetic River Gauge,Dudhsagar River,15.3119034935,74.3139511686,0.788,-0.013,0.0,0.0,4.9,NORMAL_DEMO,SYNTHETIC_DEMO
2026-08-15 06:00:00,SYN-RWL-DUDH-01,Dudhsagar Synthetic River Gauge,Dudhsagar River,15.3119034935,74.3139511686,0.789,0.001,0.0,0.0,4.9,NORMAL_DEMO,SYNTHETIC_DEMO
2026-08-15 07:00:00,SYN-RWL-DUDH-01,Dudhsagar Synthetic River Gauge,Dudhsagar River,15.3119034935,74.3139511686,0.85,0.061,5.9,5.9,10.8,NORMAL_DEMO,SYNTHETIC_DEMO
2026-08-15 08:00:00,SYN-RWL-DUDH-01,Dudhsagar Synthetic River Gauge,Dudhsagar River,15.3119034935,74.3139511686,0.904,0.054,2.6,8.5,13.4,NORMAL_DEMO,SYNTHETIC_DEMO
2026-08-15 09:00:00,SYN-RWL-DUDH-01,Dudhsagar Synthetic River Gauge,Dudhsagar River,15.3119034935,74.3139511686,0.83,-0.074,0.0,8.5,12.9,NORMAL_DEMO,SYNTHETIC_DEMO
2026-08-15 10:00:00,SYN-RWL-DUDH-01,Dudhsagar Synthetic River Gauge,Dudhsagar River,15.3119034935,74.3139511686,0.778,-0.052,0.0,2.6,11.5,NORMAL_DEMO,SYNTHETIC_DEMO
2026-08-15 11:00:00,SYN-RWL-DUDH-01,Dudhsagar Synthetic River Gauge,Dudhsagar River,15.3119034935,74.3139511686,0.785,0.007,0.0,0.0,11.5,NORMAL_DEMO,SYNTHETIC_DEMO
2026-08-15 12:00:00,SYN-RWL-DUDH-01,Dudhsagar Synthetic River Gauge,Dudhsagar River,15.3119034935,74.3139511686,0.785,0.0,5.2,5.2,16.7,NORMAL_DEMO,SYNTHETIC_DEMO
2026-08-15 13:00:00,SYN-RWL-DUDH-01,Dudhsagar Synthetic River Gauge,Dudhsagar River,15.3119034935,74.3139511686,0.802,0.017,0.0,5.2,16.7,NORMAL_DEMO,SYNTHETIC_DEMO
2026-08-15 14:00:00,SYN-RWL-DUDH-01,Dudhsagar Synthetic River Gauge,Dudhsagar River,15.3119034935,74.3139511686,0.759,-0.043,0.0,5.2,14.8,NORMAL_DEMO,SYNTHETIC_DEMO
2026-08-15 15:00:00,SYN-RWL-DUDH-01,Dudhsagar Synthetic River Gauge,Dudhsagar River,15.3119034935,74.3139511686,0.758,-0.001,0.0,0.0,14.8,NORMAL_DEMO,SYNTHETIC_DEMO
2026-08-15 16:00:00,SYN-RWL-DUDH-01,Dudhsagar Synthetic River Gauge,Dudhsagar River,15.3119034935,74.3139511686,0.744,-0.014,0.0,0.0,14.8,NORMAL_DEMO,SYNTHETIC_DEMO
2026-08-15 17:00:00,SYN-RWL-DUDH-01,Dudhsagar Synthetic River Gauge,Dudhsagar River,15.3119034935,74.3139511686,0.727,-0.017,0.0,0.0,14.8,NORMAL_DEMO,SYNTHETIC_DEMO
2026-08-15 18:00:00,SYN-RWL-DUDH-01,Dudhsagar Synthetic River Gauge,Dudhsagar River,15.3119034935,74.3139511686,0.773,0.046,1.9,1.9,16.7,NORMAL_DEMO,SYNTHETIC_DEMO
2026-08-15 19:00:00,SYN-RWL-DUDH-01,Dudhsagar Synthetic River Gauge,Dudhsagar River,15.3119034935,74.3139511686,0.757,-0.016,0.0,1.9,15.6,NORMAL_DEMO,SYNTHETIC_DEMO
2026-08-15 20:00:00,SYN-RWL-DUDH-01,Dudhsagar Synthetic River Gauge,Dudhsagar River,15.3119034935,74.3139511686,0.767,0.01,0.0,1.9,15.6,NORMAL_DEMO,SYNTHETIC_DEMO
2026-08-15 21:00:00,SYN-RWL-DUDH-01,Dudhsagar Synthetic River Gauge,Dudhsagar River,15.3119034935,74.3139511686,0.735,-0.032,0.0,0.0,15.6,NORMAL_DEMO,SYNTHETIC_DEMO
2026-08-15 22:00:00,SYN-RWL-DUDH-01,Dudhsagar Synthetic River Gauge,Dudhsagar River,15.3119034935,74.3139511686,0.767,0.032,0.0,0.0,15.6,NORMAL_DEMO,SYNTHETIC_DEMO
2026-08-15 23:00:00,SYN-RWL-DUDH-01,Dudhsagar Synthetic River Gauge,Dudhsagar River,15.3119034935,74.3139511686,0.754,-0.013,0.0,0.0,15.6,NORMAL_DEMO,SYNTHETIC_DEMO
2026-08-16 00:00:00,SYN-RWL-DUDH-01,Dudhsagar Synthetic River Gauge,Dudhsagar River,15.3119034935,74.3139511686,0.817,0.063,0.0,0.0,15.6,NORMAL_DEMO,SYNTHETIC_DEMO
2026-08-16 01:00:00,SYN-RWL-DUDH-01,Dudhsagar Synthetic River Gauge,Dudhsagar River,15.3119034935,74.3139511686,0.805,-0.012,0.0,0.0,15.6,NORMAL_DEMO,SYNTHETIC_DEMO
2026-08-16 02:00:00,SYN-RWL-DUDH-01,Dudhsagar Synthetic River Gauge,Dudhsagar River,15.3119034935,74.3139511686,0.825,0.02,2.7,2.7,18.2,NORMAL_DEMO,SYNTHETIC_DEMO
2026-08-16 03:00:00,SYN-RWL-DUDH-01,Dudhsagar Synthetic River Gauge,Dudhsagar River,15.3119034935,74.3139511686,0.847,0.022,0.0,2.7,18.2,NORMAL_DEMO,SYNTHETIC_DEMO
2026-08-16 04:00:00,SYN-RWL-DUDH-01,Dudhsagar Synthetic River Gauge,Dudhsagar River,15.3119034935,74.3139511686,0.84,-0.007,0.0,2.7,18.2,NORMAL_DEMO,SYNTHETIC_DEMO
2026-08-16 05:00:00,SYN-RWL-DUDH-01,Dudhsagar Synthetic River Gauge,Dudhsagar River,15.3119034935,74.3139511686,0.827,-0.013,0.6,0.6,18.8,NORMAL_DEMO,SYNTHETIC_DEMO
2026-08-16 06:00:00,SYN-RWL-DUDH-01,Dudhsagar Synthetic River Gauge,Dudhsagar River,15.3119034935,74.3139511686,0.833,0.006,0.0,0.6,18.8,NORMAL_DEMO,SYNTHETIC_DEMO
2026-08-16 07:00:00,SYN-RWL-DUDH-01,Dudhsagar Synthetic River Gauge,Dudhsagar River,15.3119034935,74.3139511686,0.791,-0.042,0.0,0.6,12.9,NORMAL_DEMO,SYNTHETIC_DEMO
2026-08-16 08:00:00,SYN-RWL-DUDH-01,Dudhsagar Synthetic River Gauge,Dudhsagar River,15.3119034935,74.3139511686,0.799,0.008,0.0,0.0,10.3,NORMAL_DEMO,SYNTHETIC_DEMO
2026-08-16 09:00:00,SYN-RWL-DUDH-01,Dudhsagar Synthetic River Gauge,Dudhsagar River,15.3119034935,74.3139511686,0.802,0.003,0.0,0.0,10.3,NORMAL_DEMO,SYNTHETIC_DEMO
2026-08-16 10:00:00,SYN-RWL-DUDH-01,Dudhsagar Synthetic River Gauge,Dudhsagar River,15.3119034935,74.3139511686,0.78,-0.022,0.0,0.0,10.3,NORMAL_DEMO,SYNTHETIC_DEMO
2026-08-16 11:00:00,SYN-RWL-DUDH-01,Dudhsagar Synthetic River Gauge,Dudhsagar River,15.3119034935,74.3139511686,0.812,0.032,0.0,0.0,10.3,NORMAL_DEMO,SYNTHETIC_DEMO
2026-08-16 12:00:00,SYN-RWL-DUDH-01,Dudhsagar Synthetic River Gauge,Dudhsagar River,15.3119034935,74.3139511686,0.784,-0.028,3.6,3.6,8.7,NORMAL_DEMO,SYNTHETIC_DEMO
2026-08-16 13:00:00,SYN-RWL-DUDH-01,Dudhsagar Synthetic River Gauge,Dudhsagar River,15.3119034935,74.3139511686,0.782,-0.002,0.0,3.6,8.7,NORMAL_DEMO,SYNTHETIC_DEMO
2026-08-16 14:00:00,SYN-RWL-DUDH-01,Dudhsagar Synthetic River Gauge,Dudhsagar River,15.3119034935,74.3139511686,0.799,0.017,0.0,3.6,8.7,NORMAL_DEMO,SYNTHETIC_DEMO
2026-08-16 15:00:00,SYN-RWL-DUDH-01,Dudhsagar Synthetic River Gauge,Dudhsagar River,15.3119034935,74.3139511686,0.751,-0.048,0.0,0.0,8.7,NORMAL_DEMO,SYNTHETIC_DEMO
2026-08-16 16:00:00,SYN-RWL-DUDH-01,Dudhsagar Synthetic River Gauge,Dudhsagar River,15.3119034935,74.3139511686,0.765,0.014,0.0,0.0,8.7,NORMAL_DEMO,SYNTHETIC_DEMO
2026-08-16 17:00:00,SYN-RWL-DUDH-01,Dudhsagar Synthetic River Gauge,Dudhsagar River,15.3119034935,74.3139511686,0.754,-0.011,2.9,2.9,11.6,NORMAL_DEMO,SYNTHETIC_DEMO
2026-08-16 18:00:00,SYN-RWL-DUDH-01,Dudhsagar Synthetic River Gauge,Dudhsagar River,15.3119034935,74.3139511686,0.724,-0.03,0.0,2.9,9.7,NORMAL_DEMO,SYNTHETIC_DEMO
2026-08-16 19:00:00,SYN-RWL-DUDH-01,Dudhsagar Synthetic River Gauge,Dudhsagar River,15.3119034935,74.3139511686,0.711,-0.013,0.0,2.9,9.7,NORMAL_DEMO,SYNTHETIC_DEMO
2026-08-16 20:00:00,SYN-RWL-DUDH-01,Dudhsagar Synthetic River Gauge,Dudhsagar River,15.3119034935,74.3139511686,0.716,0.005,0.0,0.0,9.7,NORMAL_DEMO,SYNTHETIC_DEMO
2026-08-16 21:00:00,SYN-RWL-DUDH-01,Dudhsagar Synthetic River Gauge,Dudhsagar River,15.3119034935,74.3139511686,0.744,0.028,0.0,0.0,9.7,NORMAL_DEMO,SYNTHETIC_DEMO
2026-08-16 22:00:00,SYN-RWL-DUDH-01,Dudhsagar Synthetic River Gauge,Dudhsagar River,15.3119034935,74.3139511686,0.763,0.019,0.0,0.0,9.7,NORMAL_DEMO,SYNTHETIC_DEMO
2026-08-16 23:00:00,SYN-RWL-DUDH-01,Dudhsagar Synthetic River Gauge,Dudhsagar River,15.3119034935,74.3139511686,0.774,0.011,0.0,0.0,9.7,NORMAL_DEMO,SYNTHETIC_DEMO
2026-08-17 00:00:00,SYN-RWL-DUDH-01,Dudhsagar Synthetic River Gauge,Dudhsagar River,15.3119034935,74.3139511686,0.773,-0.001,3.0,3.0,12.7,NORMAL_DEMO,SYNTHETIC_DEMO
2026-08-17 01:00:00,SYN-RWL-DUDH-01,Dudhsagar Synthetic River Gauge,Dudhsagar River,15.3119034935,74.3139511686,0.801,0.028,0.9,3.9,13.6,NORMAL_DEMO,SYNTHETIC_DEMO
2026-08-17 02:00:00,SYN-RWL-DUDH-01,Dudhsagar Synthetic River Gauge,Dudhsagar River,15.3119034935,74.3139511686,0.822,0.021,0.0,3.9,10.9,NORMAL_DEMO,SYNTHETIC_DEMO
2026-08-17 03:00:00,SYN-RWL-DUDH-01,Dudhsagar Synthetic River Gauge,Dudhsagar River,15.3119034935,74.3139511686,0.822,0.0,6.3,7.2,17.2,NORMAL_DEMO,SYNTHETIC_DEMO
2026-08-17 04:00:00,SYN-RWL-DUDH-01,Dudhsagar Synthetic River Gauge,Dudhsagar River,15.3119034935,74.3139511686,0.843,0.021,0.0,6.3,17.2,NORMAL_DEMO,SYNTHETIC_DEMO
2026-08-17 05:00:00,SYN-RWL-DUDH-01,Dudhsagar Synthetic River Gauge,Dudhsagar River,15.3119034935,74.3139511686,0.863,0.02,0.0,6.3,16.6,NORMAL_DEMO,SYNTHETIC_DEMO
2026-08-17 06:00:00,SYN-RWL-DUDH-01,Dudhsagar Synthetic River Gauge,Dudhsagar River,15.3119034935,74.3139511686,1.058,0.195,29.0,29.0,45.7,ELEVATED_DEMO,SYNTHETIC_DEMO
2026-08-17 07:00:00,SYN-RWL-DUDH-01,Dudhsagar Synthetic River Gauge,Dudhsagar River,15.3119034935,74.3139511686,1.353,0.295,35.6,64.7,81.3,HIGH_DEMO,SYNTHETIC_DEMO
2026-08-17 08:00:00,SYN-RWL-DUDH-01,Dudhsagar Synthetic River Gauge,Dudhsagar River,15.3119034935,74.3139511686,1.409,0.056,9.1,73.8,90.4,HIGH_DEMO,SYNTHETIC_DEMO
2026-08-17 09:00:00,SYN-RWL-DUDH-01,Dudhsagar Synthetic River Gauge,Dudhsagar River,15.3119034935,74.3139511686,1.383,-0.026,20.0,64.8,110.4,HIGH_DEMO,SYNTHETIC_DEMO
2026-08-17 10:00:00,SYN-RWL-DUDH-01,Dudhsagar Synthetic River Gauge,Dudhsagar River,15.3119034935,74.3139511686,1.355,-0.028,25.4,54.5,135.8,HIGH_DEMO,SYNTHETIC_DEMO
2026-08-17 11:00:00,SYN-RWL-DUDH-01,Dudhsagar Synthetic River Gauge,Dudhsagar River,15.3119034935,74.3139511686,1.459,0.104,18.8,64.2,154.6,HIGH_DEMO,SYNTHETIC_DEMO
2026-08-17 12:00:00,SYN-RWL-DUDH-01,Dudhsagar Synthetic River Gauge,Dudhsagar River,15.3119034935,74.3139511686,1.459,0.0,18.3,62.5,169.3,HIGH_DEMO,SYNTHETIC_DEMO
2026-08-17 13:00:00,SYN-RWL-DUDH-01,Dudhsagar Synthetic River Gauge,Dudhsagar River,15.3119034935,74.3139511686,1.377,-0.082,8.1,45.2,177.4,HIGH_DEMO,SYNTHETIC_DEMO
2026-08-17 14:00:00,SYN-RWL-DUDH-01,Dudhsagar Synthetic River Gauge,Dudhsagar River,15.3119034935,74.3139511686,1.465,0.088,30.4,56.8,207.8,HIGH_DEMO,SYNTHETIC_DEMO
2026-08-17 15:00:00,SYN-RWL-DUDH-01,Dudhsagar Synthetic River Gauge,Dudhsagar River,15.3119034935,74.3139511686,1.452,-0.013,7.1,45.6,214.9,HIGH_DEMO,SYNTHETIC_DEMO
2026-08-17 16:00:00,SYN-RWL-DUDH-01,Dudhsagar Synthetic River Gauge,Dudhsagar River,15.3119034935,74.3139511686,1.821,0.369,57.7,95.2,272.6,CRITICAL_DEMO,SYNTHETIC_DEMO
2026-08-17 17:00:00,SYN-RWL-DUDH-01,Dudhsagar Synthetic River Gauge,Dudhsagar River,15.3119034935,74.3139511686,1.767,-0.054,16.7,81.6,286.5,CRITICAL_DEMO,SYNTHETIC_DEMO
2026-08-17 18:00:00,SYN-RWL-DUDH-01,Dudhsagar Synthetic River Gauge,Dudhsagar River,15.3119034935,74.3139511686,2.22,0.453,60.0,134.4,346.5,CRITICAL_DEMO,SYNTHETIC_DEMO
2026-08-17 19:00:00,SYN-RWL-DUDH-01,Dudhsagar Synthetic River Gauge,Dudhsagar River,15.3119034935,74.3139511686,2.338,0.118,57.9,134.7,404.4,CRITICAL_DEMO,SYNTHETIC_DEMO
2026-08-17 20:00:00,SYN-RWL-DUDH-01,Dudhsagar Synthetic River Gauge,Dudhsagar River,15.3119034935,74.3139511686,2.35,0.012,27.0,144.9,431.4,CRITICAL_DEMO,SYNTHETIC_DEMO
2026-08-17 21:00:00,SYN-RWL-DUDH-01,Dudhsagar Synthetic River Gauge,Dudhsagar River,15.3119034935,74.3139511686,2.23,-0.12,18.2,103.1,449.6,CRITICAL_DEMO,SYNTHETIC_DEMO
2026-08-17 22:00:00,SYN-RWL-DUDH-01,Dudhsagar Synthetic River Gauge,Dudhsagar River,15.3119034935,74.3139511686,2.172,-0.058,38.1,83.3,487.7,CRITICAL_DEMO,SYNTHETIC_DEMO
2026-08-17 23:00:00,SYN-RWL-DUDH-01,Dudhsagar Synthetic River Gauge,Dudhsagar River,15.3119034935,74.3139511686,2.147,-0.025,12.1,68.4,499.8,CRITICAL_DEMO,SYNTHETIC_DEMO
2026-08-18 00:00:00,SYN-RWL-DUDH-01,Dudhsagar Synthetic River Gauge,Dudhsagar River,15.3119034935,74.3139511686,2.248,0.101,24.1,74.3,520.9,CRITICAL_DEMO,SYNTHETIC_DEMO
2026-08-18 01:00:00,SYN-RWL-DUDH-01,Dudhsagar Synthetic River Gauge,Dudhsagar River,15.3119034935,74.3139511686,2.11,-0.138,10.7,46.9,530.7,CRITICAL_DEMO,SYNTHETIC_DEMO
2026-08-18 02:00:00,SYN-RWL-DUDH-01,Dudhsagar Synthetic River Gauge,Dudhsagar River,15.3119034935,74.3139511686,2.35,0.24,37.1,71.9,567.8,CRITICAL_DEMO,SYNTHETIC_DEMO
2026-08-18 03:00:00,SYN-RWL-DUDH-01,Dudhsagar Synthetic River Gauge,Dudhsagar River,15.3119034935,74.3139511686,2.243,-0.107,7.5,55.4,569.1,CRITICAL_DEMO,SYNTHETIC_DEMO
2026-08-18 04:00:00,SYN-RWL-DUDH-01,Dudhsagar Synthetic River Gauge,Dudhsagar River,15.3119034935,74.3139511686,2.35,0.107,24.6,69.3,593.7,CRITICAL_DEMO,SYNTHETIC_DEMO
2026-08-18 05:00:00,SYN-RWL-DUDH-01,Dudhsagar Synthetic River Gauge,Dudhsagar River,15.3119034935,74.3139511686,2.338,-0.012,23.4,55.5,617.1,CRITICAL_DEMO,SYNTHETIC_DEMO
2026-08-18 06:00:00,SYN-RWL-DUDH-01,Dudhsagar Synthetic River Gauge,Dudhsagar River,15.3119034935,74.3139511686,2.35,0.012,22.2,70.2,610.2,CRITICAL_DEMO,SYNTHETIC_DEMO
2026-08-18 07:00:00,SYN-RWL-DUDH-01,Dudhsagar Synthetic River Gauge,Dudhsagar River,15.3119034935,74.3139511686,2.269,-0.081,6.8,52.4,581.4,CRITICAL_DEMO,SYNTHETIC_DEMO
2026-08-18 08:00:00,SYN-RWL-DUDH-01,Dudhsagar Synthetic River Gauge,Dudhsagar River,15.3119034935,74.3139511686,2.102,-0.167,0.0,29.0,572.3,CRITICAL_DEMO,SYNTHETIC_DEMO
2026-08-18 09:00:00,SYN-RWL-DUDH-01,Dudhsagar Synthetic River Gauge,Dudhsagar River,15.3119034935,74.3139511686,1.922,-0.18,0.0,6.8,552.3,CRITICAL_DEMO,SYNTHETIC_DEMO
2026-08-18 10:00:00,SYN-RWL-DUDH-01,Dudhsagar Synthetic River Gauge,Dudhsagar River,15.3119034935,74.3139511686,1.819,-0.103,0.0,0.0,526.9,CRITICAL_DEMO,SYNTHETIC_DEMO
2026-08-18 11:00:00,SYN-RWL-DUDH-01,Dudhsagar Synthetic River Gauge,Dudhsagar River,15.3119034935,74.3139511686,1.77,-0.049,0.0,0.0,508.1,CRITICAL_DEMO,SYNTHETIC_DEMO
2026-08-18 12:00:00,SYN-RWL-DUDH-01,Dudhsagar Synthetic River Gauge,Dudhsagar River,15.3119034935,74.3139511686,1.739,-0.031,0.0,0.0,489.8,CRITICAL_DEMO,SYNTHETIC_DEMO
2026-08-18 13:00:00,SYN-RWL-DUDH-01,Dudhsagar Synthetic River Gauge,Dudhsagar River,15.3119034935,74.3139511686,1.691,-0.048,0.0,0.0,481.7,HIGH_DEMO,SYNTHETIC_DEMO
2026-08-18 14:00:00,SYN-RWL-DUDH-01,Dudhsagar Synthetic River Gauge,Dudhsagar River,15.3119034935,74.3139511686,1.655,-0.036,0.0,0.0,451.3,HIGH_DEMO,SYNTHETIC_DEMO
2026-08-18 15:00:00,SYN-RWL-DUDH-01,Dudhsagar Synthetic River Gauge,Dudhsagar River,15.3119034935,74.3139511686,1.633,-0.022,0.0,0.0,444.2,HIGH_DEMO,SYNTHETIC_DEMO
2026-08-18 16:00:00,SYN-RWL-DUDH-01,Dudhsagar Synthetic River Gauge,Dudhsagar River,15.3119034935,74.3139511686,1.514,-0.119,0.0,0.0,386.5,HIGH_DEMO,SYNTHETIC_DEMO
2026-08-18 17:00:00,SYN-RWL-DUDH-01,Dudhsagar Synthetic River Gauge,Dudhsagar River,15.3119034935,74.3139511686,1.497,-0.017,3.4,3.4,373.2,HIGH_DEMO,SYNTHETIC_DEMO
2026-08-18 18:00:00,SYN-RWL-DUDH-01,Dudhsagar Synthetic River Gauge,Dudhsagar River,15.3119034935,74.3139511686,1.348,-0.149,0.0,3.4,313.2,HIGH_DEMO,SYNTHETIC_DEMO
2026-08-18 19:00:00,SYN-RWL-DUDH-01,Dudhsagar Synthetic River Gauge,Dudhsagar River,15.3119034935,74.3139511686,1.256,-0.092,0.0,3.4,255.2,HIGH_DEMO,SYNTHETIC_DEMO
2026-08-18 20:00:00,SYN-RWL-DUDH-01,Dudhsagar Synthetic River Gauge,Dudhsagar River,15.3119034935,74.3139511686,1.17,-0.086,0.0,0.0,228.3,ELEVATED_DEMO,SYNTHETIC_DEMO
2026-08-18 21:00:00,SYN-RWL-DUDH-01,Dudhsagar Synthetic River Gauge,Dudhsagar River,15.3119034935,74.3139511686,1.144,-0.026,0.0,0.0,210.1,ELEVATED_DEMO,SYNTHETIC_DEMO
2026-08-18 22:00:00,SYN-RWL-DUDH-01,Dudhsagar Synthetic River Gauge,Dudhsagar River,15.3119034935,74.3139511686,1.081,-0.063,0.0,0.0,172.0,ELEVATED_DEMO,SYNTHETIC_DEMO
2026-08-18 23:00:00,SYN-RWL-DUDH-01,Dudhsagar Synthetic River Gauge,Dudhsagar River,15.3119034935,74.3139511686,1.056,-0.025,0.0,0.0,159.9,ELEVATED_DEMO,SYNTHETIC_DEMO
2026-08-19 00:00:00,SYN-RWL-DUDH-01,Dudhsagar Synthetic River Gauge,Dudhsagar River,15.3119034935,74.3139511686,1.022,-0.034,0.0,0.0,135.8,ELEVATED_DEMO,SYNTHETIC_DEMO
2026-08-19 01:00:00,SYN-RWL-DUDH-01,Dudhsagar Synthetic River Gauge,Dudhsagar River,15.3119034935,74.3139511686,1.022,0.0,0.0,0.0,125.1,ELEVATED_DEMO,SYNTHETIC_DEMO
2026-08-19 02:00:00,SYN-RWL-DUDH-01,Dudhsagar Synthetic River Gauge,Dudhsagar River,15.3119034935,74.3139511686,0.96,-0.062,0.0,0.0,87.9,ELEVATED_DEMO,SYNTHETIC_DEMO
2026-08-19 03:00:00,SYN-RWL-DUDH-01,Dudhsagar Synthetic River Gauge,Dudhsagar River,15.3119034935,74.3139511686,0.951,-0.009,0.0,0.0,80.4,ELEVATED_DEMO,SYNTHETIC_DEMO
2026-08-19 04:00:00,SYN-RWL-DUDH-01,Dudhsagar Synthetic River Gauge,Dudhsagar River,15.3119034935,74.3139511686,0.959,0.008,3.1,3.1,58.9,ELEVATED_DEMO,SYNTHETIC_DEMO
2026-08-19 05:00:00,SYN-RWL-DUDH-01,Dudhsagar Synthetic River Gauge,Dudhsagar River,15.3119034935,74.3139511686,0.945,-0.014,4.3,7.5,39.9,NORMAL_DEMO,SYNTHETIC_DEMO
2026-08-19 06:00:00,SYN-RWL-DUDH-01,Dudhsagar Synthetic River Gauge,Dudhsagar River,15.3119034935,74.3139511686,0.872,-0.073,0.0,7.5,17.7,NORMAL_DEMO,SYNTHETIC_DEMO
2026-08-19 07:00:00,SYN-RWL-DUDH-01,Dudhsagar Synthetic River Gauge,Dudhsagar River,15.3119034935,74.3139511686,0.838,-0.034,0.0,4.3,10.9,NORMAL_DEMO,SYNTHETIC_DEMO
2026-08-19 08:00:00,SYN-RWL-DUDH-01,Dudhsagar Synthetic River Gauge,Dudhsagar River,15.3119034935,74.3139511686,0.813,-0.025,0.0,0.0,10.9,NORMAL_DEMO,SYNTHETIC_DEMO
2026-08-19 09:00:00,SYN-RWL-DUDH-01,Dudhsagar Synthetic River Gauge,Dudhsagar River,15.3119034935,74.3139511686,0.81,-0.003,0.0,0.0,10.9,NORMAL_DEMO,SYNTHETIC_DEMO
2026-08-19 10:00:00,SYN-RWL-DUDH-01,Dudhsagar Synthetic River Gauge,Dudhsagar River,15.3119034935,74.3139511686,0.816,0.006,0.0,0.0,10.9,NORMAL_DEMO,SYNTHETIC_DEMO
2026-08-19 11:00:00,SYN-RWL-DUDH-01,Dudhsagar Synthetic River Gauge,Dudhsagar River,15.3119034935,74.3139511686,0.772,-0.044,0.0,0.0,10.9,NORMAL_DEMO,SYNTHETIC_DEMO
2026-08-19 12:00:00,SYN-RWL-DUDH-01,Dudhsagar Synthetic River Gauge,Dudhsagar River,15.3119034935,74.3139511686,0.763,-0.009,0.0,0.0,10.9,NORMAL_DEMO,SYNTHETIC_DEMO
2026-08-19 13:00:00,SYN-RWL-DUDH-01,Dudhsagar Synthetic River Gauge,Dudhsagar River,15.3119034935,74.3139511686,0.76,-0.003,0.0,0.0,10.9,NORMAL_DEMO,SYNTHETIC_DEMO
2026-08-19 14:00:00,SYN-RWL-DUDH-01,Dudhsagar Synthetic River Gauge,Dudhsagar River,15.3119034935,74.3139511686,0.797,0.037,0.0,0.0,10.9,NORMAL_DEMO,SYNTHETIC_DEMO
2026-08-19 15:00:00,SYN-RWL-DUDH-01,Dudhsagar Synthetic River Gauge,Dudhsagar River,15.3119034935,74.3139511686,0.764,-0.033,0.0,0.0,10.9,NORMAL_DEMO,SYNTHETIC_DEMO
2026-08-19 16:00:00,SYN-RWL-DUDH-01,Dudhsagar Synthetic River Gauge,Dudhsagar River,15.3119034935,74.3139511686,0.713,-0.051,0.0,0.0,10.9,NORMAL_DEMO,SYNTHETIC_DEMO
2026-08-19 17:00:00,SYN-RWL-DUDH-01,Dudhsagar Synthetic River Gauge,Dudhsagar River,15.3119034935,74.3139511686,0.728,0.015,0.0,0.0,7.5,NORMAL_DEMO,SYNTHETIC_DEMO
2026-08-19 18:00:00,SYN-RWL-DUDH-01,Dudhsagar Synthetic River Gauge,Dudhsagar River,15.3119034935,74.3139511686,0.697,-0.031,0.0,0.0,7.5,NORMAL_DEMO,SYNTHETIC_DEMO
2026-08-19 19:00:00,SYN-RWL-DUDH-01,Dudhsagar Synthetic River Gauge,Dudhsagar River,15.3119034935,74.3139511686,0.782,0.085,6.1,6.1,13.5,NORMAL_DEMO,SYNTHETIC_DEMO
2026-08-19 20:00:00,SYN-RWL-DUDH-01,Dudhsagar Synthetic River Gauge,Dudhsagar River,15.3119034935,74.3139511686,0.776,-0.006,0.0,6.1,13.5,NORMAL_DEMO,SYNTHETIC_DEMO
2026-08-19 21:00:00,SYN-RWL-DUDH-01,Dudhsagar Synthetic River Gauge,Dudhsagar River,15.3119034935,74.3139511686,0.805,0.029,0.0,6.1,13.5,NORMAL_DEMO,SYNTHETIC_DEMO
2026-08-19 22:00:00,SYN-RWL-DUDH-01,Dudhsagar Synthetic River Gauge,Dudhsagar River,15.3119034935,74.3139511686,0.777,-0.028,0.0,0.0,13.5,NORMAL_DEMO,SYNTHETIC_DEMO
2026-08-19 23:00:00,SYN-RWL-DUDH-01,Dudhsagar Synthetic River Gauge,Dudhsagar River,15.3119034935,74.3139511686,0.793,0.016,0.0,0.0,13.5,NORMAL_DEMO,SYNTHETIC_DEMO
2026-08-20 00:00:00,SYN-RWL-DUDH-01,Dudhsagar Synthetic River Gauge,Dudhsagar River,15.3119034935,74.3139511686,0.783,-0.01,0.0,0.0,13.5,NORMAL_DEMO,SYNTHETIC_DEMO
2026-08-20 01:00:00,SYN-RWL-DUDH-01,Dudhsagar Synthetic River Gauge,Dudhsagar River,15.3119034935,74.3139511686,0.798,0.015,0.0,0.0,13.5,NORMAL_DEMO,SYNTHETIC_DEMO
2026-08-20 02:00:00,SYN-RWL-DUDH-01,Dudhsagar Synthetic River Gauge,Dudhsagar River,15.3119034935,74.3139511686,0.815,0.017,0.0,0.0,13.5,NORMAL_DEMO,SYNTHETIC_DEMO
2026-08-20 03:00:00,SYN-RWL-DUDH-01,Dudhsagar Synthetic River Gauge,Dudhsagar River,15.3119034935,74.3139511686,0.825,0.01,1.2,1.2,14.7,NORMAL_DEMO,SYNTHETIC_DEMO
2026-08-20 04:00:00,SYN-RWL-DUDH-01,Dudhsagar Synthetic River Gauge,Dudhsagar River,15.3119034935,74.3139511686,0.804,-0.021,0.0,1.2,11.6,NORMAL_DEMO,SYNTHETIC_DEMO
2026-08-20 05:00:00,SYN-RWL-DUDH-01,Dudhsagar Synthetic River Gauge,Dudhsagar River,15.3119034935,74.3139511686,0.797,-0.007,0.0,1.2,7.3,NORMAL_DEMO,SYNTHETIC_DEMO
2026-08-20 06:00:00,SYN-RWL-DUDH-01,Dudhsagar Synthetic River Gauge,Dudhsagar River,15.3119034935,74.3139511686,0.813,0.016,0.0,0.0,7.3,NORMAL_DEMO,SYNTHETIC_DEMO
2026-08-20 07:00:00,SYN-RWL-DUDH-01,Dudhsagar Synthetic River Gauge,Dudhsagar River,15.3119034935,74.3139511686,0.779,-0.034,0.0,0.0,7.3,NORMAL_DEMO,SYNTHETIC_DEMO
2026-08-20 08:00:00,SYN-RWL-DUDH-01,Dudhsagar Synthetic River Gauge,Dudhsagar River,15.3119034935,74.3139511686,0.825,0.046,0.0,0.0,7.3,NORMAL_DEMO,SYNTHETIC_DEMO
2026-08-20 09:00:00,SYN-RWL-DUDH-01,Dudhsagar Synthetic River Gauge,Dudhsagar River,15.3119034935,74.3139511686,0.78,-0.045,0.0,0.0,7.3,NORMAL_DEMO,SYNTHETIC_DEMO
2026-08-20 10:00:00,SYN-RWL-DUDH-01,Dudhsagar Synthetic River Gauge,Dudhsagar River,15.3119034935,74.3139511686,0.803,0.023,0.0,0.0,7.3,NORMAL_DEMO,SYNTHETIC_DEMO
2026-08-20 11:00:00,SYN-RWL-DUDH-01,Dudhsagar Synthetic River Gauge,Dudhsagar River,15.3119034935,74.3139511686,0.772,-0.031,0.0,0.0,7.3,NORMAL_DEMO,SYNTHETIC_DEMO
2026-08-20 12:00:00,SYN-RWL-DUDH-01,Dudhsagar Synthetic River Gauge,Dudhsagar River,15.3119034935,74.3139511686,0.742,-0.03,0.0,0.0,7.3,NORMAL_DEMO,SYNTHETIC_DEMO
2026-08-20 13:00:00,SYN-RWL-DUDH-01,Dudhsagar Synthetic River Gauge,Dudhsagar River,15.3119034935,74.3139511686,0.758,0.016,0.0,0.0,7.3,NORMAL_DEMO,SYNTHETIC_DEMO
2026-08-20 14:00:00,SYN-RWL-DUDH-01,Dudhsagar Synthetic River Gauge,Dudhsagar River,15.3119034935,74.3139511686,0.74,-0.018,0.0,0.0,7.3,NORMAL_DEMO,SYNTHETIC_DEMO
2026-08-20 15:00:00,SYN-RWL-DUDH-01,Dudhsagar Synthetic River Gauge,Dudhsagar River,15.3119034935,74.3139511686,0.763,0.023,5.7,5.7,13.0,NORMAL_DEMO,SYNTHETIC_DEMO
2026-08-20 16:00:00,SYN-RWL-DUDH-01,Dudhsagar Synthetic River Gauge,Dudhsagar River,15.3119034935,74.3139511686,0.792,0.029,0.0,5.7,13.0,NORMAL_DEMO,SYNTHETIC_DEMO
2026-08-20 17:00:00,SYN-RWL-DUDH-01,Dudhsagar Synthetic River Gauge,Dudhsagar River,15.3119034935,74.3139511686,0.774,-0.018,0.0,5.7,13.0,NORMAL_DEMO,SYNTHETIC_DEMO
2026-08-20 18:00:00,SYN-RWL-DUDH-01,Dudhsagar Synthetic River Gauge,Dudhsagar River,15.3119034935,74.3139511686,0.735,-0.039,0.0,0.0,13.0,NORMAL_DEMO,SYNTHETIC_DEMO
2026-08-20 19:00:00,SYN-RWL-DUDH-01,Dudhsagar Synthetic River Gauge,Dudhsagar River,15.3119034935,74.3139511686,0.751,0.016,0.0,0.0,6.9,NORMAL_DEMO,SYNTHETIC_DEMO
2026-08-20 20:00:00,SYN-RWL-DUDH-01,Dudhsagar Synthetic River Gauge,Dudhsagar River,15.3119034935,74.3139511686,0.707,-0.044,0.0,0.0,6.9,NORMAL_DEMO,SYNTHETIC_DEMO
2026-08-20 21:00:00,SYN-RWL-DUDH-01,Dudhsagar Synthetic River Gauge,Dudhsagar River,15.3119034935,74.3139511686,0.759,0.052,0.0,0.0,6.9,NORMAL_DEMO,SYNTHETIC_DEMO
2026-08-20 22:00:00,SYN-RWL-DUDH-01,Dudhsagar Synthetic River Gauge,Dudhsagar River,15.3119034935,74.3139511686,0.755,-0.004,0.0,0.0,6.9,NORMAL_DEMO,SYNTHETIC_DEMO
2026-08-20 23:00:00,SYN-RWL-DUDH-01,Dudhsagar Synthetic River Gauge,Dudhsagar River,15.3119034935,74.3139511686,0.76,0.005,0.0,0.0,6.9,NORMAL_DEMO,SYNTHETIC_DEMO
2026-08-21 00:00:00,SYN-RWL-DUDH-01,Dudhsagar Synthetic River Gauge,Dudhsagar River,15.3119034935,74.3139511686,0.726,-0.034,0.0,0.0,6.9,NORMAL_DEMO,SYNTHETIC_DEMO
2026-08-21 01:00:00,SYN-RWL-DUDH-01,Dudhsagar Synthetic River Gauge,Dudhsagar River,15.3119034935,74.3139511686,0.782,0.056,0.0,0.0,6.9,NORMAL_DEMO,SYNTHETIC_DEMO
2026-08-21 02:00:00,SYN-RWL-DUDH-01,Dudhsagar Synthetic River Gauge,Dudhsagar River,15.3119034935,74.3139511686,0.779,-0.003,0.0,0.0,6.9,NORMAL_DEMO,SYNTHETIC_DEMO
2026-08-21 03:00:00,SYN-RWL-DUDH-01,Dudhsagar Synthetic River Gauge,Dudhsagar River,15.3119034935,74.3139511686,0.814,0.035,0.0,0.0,5.7,NORMAL_DEMO,SYNTHETIC_DEMO
2026-08-21 04:00:00,SYN-RWL-DUDH-01,Dudhsagar Synthetic River Gauge,Dudhsagar River,15.3119034935,74.3139511686,0.795,-0.019,0.0,0.0,5.7,NORMAL_DEMO,SYNTHETIC_DEMO
2026-08-21 05:00:00,SYN-RWL-DUDH-01,Dudhsagar Synthetic River Gauge,Dudhsagar River,15.3119034935,74.3139511686,0.779,-0.016,0.0,0.0,5.7,NORMAL_DEMO,SYNTHETIC_DEMO
2026-08-21 06:00:00,SYN-RWL-DUDH-01,Dudhsagar Synthetic River Gauge,Dudhsagar River,15.3119034935,74.3139511686,0.793,0.014,0.0,0.0,5.7,NORMAL_DEMO,SYNTHETIC_DEMO
2026-08-21 07:00:00,SYN-RWL-DUDH-01,Dudhsagar Synthetic River Gauge,Dudhsagar River,15.3119034935,74.3139511686,0.793,0.0,0.0,0.0,5.7,NORMAL_DEMO,SYNTHETIC_DEMO
2026-08-21 08:00:00,SYN-RWL-DUDH-01,Dudhsagar Synthetic River Gauge,Dudhsagar River,15.3119034935,74.3139511686,0.802,0.009,0.0,0.0,5.7,NORMAL_DEMO,SYNTHETIC_DEMO
2026-08-21 09:00:00,SYN-RWL-DUDH-01,Dudhsagar Synthetic River Gauge,Dudhsagar River,15.3119034935,74.3139511686,0.785,-0.017,0.0,0.0,5.7,NORMAL_DEMO,SYNTHETIC_DEMO
2026-08-21 10:00:00,SYN-RWL-DUDH-01,Dudhsagar Synthetic River Gauge,Dudhsagar River,15.3119034935,74.3139511686,0.799,0.014,0.0,0.0,5.7,NORMAL_DEMO,SYNTHETIC_DEMO
2026-08-21 11:00:00,SYN-RWL-DUDH-01,Dudhsagar Synthetic River Gauge,Dudhsagar River,15.3119034935,74.3139511686,0.783,-0.016,0.0,0.0,5.7,NORMAL_DEMO,SYNTHETIC_DEMO
2026-08-21 12:00:00,SYN-RWL-DUDH-01,Dudhsagar Synthetic River Gauge,Dudhsagar River,15.3119034935,74.3139511686,0.765,-0.018,1.5,1.5,7.3,NORMAL_DEMO,SYNTHETIC_DEMO
2026-08-21 13:00:00,SYN-RWL-DUDH-01,Dudhsagar Synthetic River Gauge,Dudhsagar River,15.3119034935,74.3139511686,0.792,0.027,0.0,1.5,7.3,NORMAL_DEMO,SYNTHETIC_DEMO
2026-08-21 14:00:00,SYN-RWL-DUDH-01,Dudhsagar Synthetic River Gauge,Dudhsagar River,15.3119034935,74.3139511686,0.758,-0.034,0.0,1.5,7.3,NORMAL_DEMO,SYNTHETIC_DEMO
2026-08-21 15:00:00,SYN-RWL-DUDH-01,Dudhsagar Synthetic River Gauge,Dudhsagar River,15.3119034935,74.3139511686,0.71,-0.048,0.0,0.0,1.5,NORMAL_DEMO,SYNTHETIC_DEMO
2026-08-21 16:00:00,SYN-RWL-DUDH-01,Dudhsagar Synthetic River Gauge,Dudhsagar River,15.3119034935,74.3139511686,0.71,0.0,0.0,0.0,1.5,NORMAL_DEMO,SYNTHETIC_DEMO
2026-08-21 17:00:00,SYN-RWL-DUDH-01,Dudhsagar Synthetic River Gauge,Dudhsagar River,15.3119034935,74.3139511686,0.735,0.025,0.0,0.0,1.5,NORMAL_DEMO,SYNTHETIC_DEMO
2026-08-21 18:00:00,SYN-RWL-DUDH-01,Dudhsagar Synthetic River Gauge,Dudhsagar River,15.3119034935,74.3139511686,0.733,-0.002,0.0,0.0,1.5,NORMAL_DEMO,SYNTHETIC_DEMO
2026-08-21 19:00:00,SYN-RWL-DUDH-01,Dudhsagar Synthetic River Gauge,Dudhsagar River,15.3119034935,74.3139511686,0.728,-0.005,0.0,0.0,1.5,NORMAL_DEMO,SYNTHETIC_DEMO
2026-08-21 20:00:00,SYN-RWL-DUDH-01,Dudhsagar Synthetic River Gauge,Dudhsagar River,15.3119034935,74.3139511686,0.704,-0.024,0.0,0.0,1.5,NORMAL_DEMO,SYNTHETIC_DEMO
2026-08-21 21:00:00,SYN-RWL-DUDH-01,Dudhsagar Synthetic River Gauge,Dudhsagar River,15.3119034935,74.3139511686,0.824,0.12,13.8,13.8,15.3,NORMAL_DEMO,SYNTHETIC_DEMO
2026-08-21 22:00:00,SYN-RWL-DUDH-01,Dudhsagar Synthetic River Gauge,Dudhsagar River,15.3119034935,74.3139511686,0.836,0.012,0.0,13.8,15.3,NORMAL_DEMO,SYNTHETIC_DEMO
2026-08-21 23:00:00,SYN-RWL-DUDH-01,Dudhsagar Synthetic River Gauge,Dudhsagar River,15.3119034935,74.3139511686,0.877,0.041,0.0,13.8,15.3,NORMAL_DEMO,SYNTHETIC_DEMO
2026-08-22 00:00:00,SYN-RWL-DUDH-01,Dudhsagar Synthetic River Gauge,Dudhsagar River,15.3119034935,74.3139511686,0.781,-0.096,0.0,0.0,15.3,NORMAL_DEMO,SYNTHETIC_DEMO
2026-08-22 01:00:00,SYN-RWL-DUDH-01,Dudhsagar Synthetic River Gauge,Dudhsagar River,15.3119034935,74.3139511686,0.801,0.02,0.0,0.0,15.3,NORMAL_DEMO,SYNTHETIC_DEMO
2026-08-22 02:00:00,SYN-RWL-DUDH-01,Dudhsagar Synthetic River Gauge,Dudhsagar River,15.3119034935,74.3139511686,0.778,-0.023,0.0,0.0,15.3,NORMAL_DEMO,SYNTHETIC_DEMO
2026-08-22 03:00:00,SYN-RWL-DUDH-01,Dudhsagar Synthetic River Gauge,Dudhsagar River,15.3119034935,74.3139511686,0.785,0.007,1.4,1.4,16.7,NORMAL_DEMO,SYNTHETIC_DEMO
2026-08-22 04:00:00,SYN-RWL-DUDH-01,Dudhsagar Synthetic River Gauge,Dudhsagar River,15.3119034935,74.3139511686,0.825,0.04,0.0,1.4,16.7,NORMAL_DEMO,SYNTHETIC_DEMO
2026-08-22 05:00:00,SYN-RWL-DUDH-01,Dudhsagar Synthetic River Gauge,Dudhsagar River,15.3119034935,74.3139511686,0.838,0.013,0.0,1.4,16.7,NORMAL_DEMO,SYNTHETIC_DEMO
2026-08-22 06:00:00,SYN-RWL-DUDH-01,Dudhsagar Synthetic River Gauge,Dudhsagar River,15.3119034935,74.3139511686,0.876,0.038,6.2,6.2,22.9,NORMAL_DEMO,SYNTHETIC_DEMO
2026-08-22 07:00:00,SYN-RWL-DUDH-01,Dudhsagar Synthetic River Gauge,Dudhsagar River,15.3119034935,74.3139511686,0.878,0.002,0.0,6.2,22.9,NORMAL_DEMO,SYNTHETIC_DEMO
2026-08-22 08:00:00,SYN-RWL-DUDH-01,Dudhsagar Synthetic River Gauge,Dudhsagar River,15.3119034935,74.3139511686,0.872,-0.006,0.8,7.0,23.7,NORMAL_DEMO,SYNTHETIC_DEMO
2026-08-22 09:00:00,SYN-RWL-DUDH-01,Dudhsagar Synthetic River Gauge,Dudhsagar River,15.3119034935,74.3139511686,0.834,-0.038,0.0,0.8,23.7,NORMAL_DEMO,SYNTHETIC_DEMO
2026-08-22 10:00:00,SYN-RWL-DUDH-01,Dudhsagar Synthetic River Gauge,Dudhsagar River,15.3119034935,74.3139511686,0.896,0.062,8.3,9.1,32.1,NORMAL_DEMO,SYNTHETIC_DEMO
2026-08-22 11:00:00,SYN-RWL-DUDH-01,Dudhsagar Synthetic River Gauge,Dudhsagar River,15.3119034935,74.3139511686,0.869,-0.027,0.0,8.3,32.1,NORMAL_DEMO,SYNTHETIC_DEMO
2026-08-22 12:00:00,SYN-RWL-DUDH-01,Dudhsagar Synthetic River Gauge,Dudhsagar River,15.3119034935,74.3139511686,0.842,-0.027,0.0,8.3,30.6,NORMAL_DEMO,SYNTHETIC_DEMO
2026-08-22 13:00:00,SYN-RWL-DUDH-01,Dudhsagar Synthetic River Gauge,Dudhsagar River,15.3119034935,74.3139511686,0.796,-0.046,0.0,0.0,30.6,NORMAL_DEMO,SYNTHETIC_DEMO
2026-08-22 14:00:00,SYN-RWL-DUDH-01,Dudhsagar Synthetic River Gauge,Dudhsagar River,15.3119034935,74.3139511686,0.81,0.014,0.0,0.0,30.6,NORMAL_DEMO,SYNTHETIC_DEMO
2026-08-22 15:00:00,SYN-RWL-DUDH-01,Dudhsagar Synthetic River Gauge,Dudhsagar River,15.3119034935,74.3139511686,0.747,-0.063,0.0,0.0,30.6,NORMAL_DEMO,SYNTHETIC_DEMO
2026-08-22 16:00:00,SYN-RWL-DUDH-01,Dudhsagar Synthetic River Gauge,Dudhsagar River,15.3119034935,74.3139511686,1.023,0.276,32.0,32.0,62.5,ELEVATED_DEMO,SYNTHETIC_DEMO
2026-08-22 17:00:00,SYN-RWL-DUDH-01,Dudhsagar Synthetic River Gauge,Dudhsagar River,15.3119034935,74.3139511686,1.143,0.12,14.3,46.3,76.9,ELEVATED_DEMO,SYNTHETIC_DEMO
2026-08-22 18:00:00,SYN-RWL-DUDH-01,Dudhsagar Synthetic River Gauge,Dudhsagar River,15.3119034935,74.3139511686,1.299,0.156,22.4,68.7,99.3,HIGH_DEMO,SYNTHETIC_DEMO
2026-08-22 19:00:00,SYN-RWL-DUDH-01,Dudhsagar Synthetic River Gauge,Dudhsagar River,15.3119034935,74.3139511686,1.311,0.012,19.5,56.3,118.8,HIGH_DEMO,SYNTHETIC_DEMO
2026-08-22 20:00:00,SYN-RWL-DUDH-01,Dudhsagar Synthetic River Gauge,Dudhsagar River,15.3119034935,74.3139511686,1.395,0.084,24.1,66.1,143.0,HIGH_DEMO,SYNTHETIC_DEMO
2026-08-22 21:00:00,SYN-RWL-DUDH-01,Dudhsagar Synthetic River Gauge,Dudhsagar River,15.3119034935,74.3139511686,1.311,-0.084,8.0,51.7,137.2,HIGH_DEMO,SYNTHETIC_DEMO
2026-08-22 22:00:00,SYN-RWL-DUDH-01,Dudhsagar Synthetic River Gauge,Dudhsagar River,15.3119034935,74.3139511686,1.217,-0.094,3.9,36.1,141.2,ELEVATED_DEMO,SYNTHETIC_DEMO
2026-08-22 23:00:00,SYN-RWL-DUDH-01,Dudhsagar Synthetic River Gauge,Dudhsagar River,15.3119034935,74.3139511686,1.153,-0.064,8.6,20.5,149.7,ELEVATED_DEMO,SYNTHETIC_DEMO
2026-08-23 00:00:00,SYN-RWL-DUDH-01,Dudhsagar Synthetic River Gauge,Dudhsagar River,15.3119034935,74.3139511686,1.213,0.06,11.3,23.8,161.0,ELEVATED_DEMO,SYNTHETIC_DEMO
2026-08-23 01:00:00,SYN-RWL-DUDH-01,Dudhsagar Synthetic River Gauge,Dudhsagar River,15.3119034935,74.3139511686,1.641,0.428,55.8,75.7,216.8,HIGH_DEMO,SYNTHETIC_DEMO
2026-08-23 02:00:00,SYN-RWL-DUDH-01,Dudhsagar Synthetic River Gauge,Dudhsagar River,15.3119034935,74.3139511686,1.665,0.024,8.4,75.5,225.2,HIGH_DEMO,SYNTHETIC_DEMO
2026-08-23 03:00:00,SYN-RWL-DUDH-01,Dudhsagar Synthetic River Gauge,Dudhsagar River,15.3119034935,74.3139511686,1.657,-0.008,7.4,71.6,231.2,HIGH_DEMO,SYNTHETIC_DEMO
2026-08-23 04:00:00,SYN-RWL-DUDH-01,Dudhsagar Synthetic River Gauge,Dudhsagar River,15.3119034935,74.3139511686,1.592,-0.065,30.1,45.9,261.3,HIGH_DEMO,SYNTHETIC_DEMO
2026-08-23 05:00:00,SYN-RWL-DUDH-01,Dudhsagar Synthetic River Gauge,Dudhsagar River,15.3119034935,74.3139511686,1.57,-0.022,7.0,44.5,268.4,HIGH_DEMO,SYNTHETIC_DEMO
2026-08-23 06:00:00,SYN-RWL-DUDH-01,Dudhsagar Synthetic River Gauge,Dudhsagar River,15.3119034935,74.3139511686,1.664,0.094,13.7,50.8,275.8,HIGH_DEMO,SYNTHETIC_DEMO
2026-08-23 07:00:00,SYN-RWL-DUDH-01,Dudhsagar Synthetic River Gauge,Dudhsagar River,15.3119034935,74.3139511686,1.531,-0.133,7.6,28.4,283.5,HIGH_DEMO,SYNTHETIC_DEMO
2026-08-23 08:00:00,SYN-RWL-DUDH-01,Dudhsagar Synthetic River Gauge,Dudhsagar River,15.3119034935,74.3139511686,1.582,0.051,13.5,34.8,296.1,HIGH_DEMO,SYNTHETIC_DEMO
2026-08-23 09:00:00,SYN-RWL-DUDH-01,Dudhsagar Synthetic River Gauge,Dudhsagar River,15.3119034935,74.3139511686,1.52,-0.062,1.8,22.9,297.9,HIGH_DEMO,SYNTHETIC_DEMO
2026-08-23 10:00:00,SYN-RWL-DUDH-01,Dudhsagar Synthetic River Gauge,Dudhsagar River,15.3119034935,74.3139511686,1.695,0.175,34.3,49.5,323.9,HIGH_DEMO,SYNTHETIC_DEMO
2026-08-23 11:00:00,SYN-RWL-DUDH-01,Dudhsagar Synthetic River Gauge,Dudhsagar River,15.3119034935,74.3139511686,1.751,0.056,16.1,52.2,340.0,CRITICAL_DEMO,SYNTHETIC_DEMO
2026-08-23 12:00:00,SYN-RWL-DUDH-01,Dudhsagar Synthetic River Gauge,Dudhsagar River,15.3119034935,74.3139511686,1.875,0.124,19.8,70.2,359.8,CRITICAL_DEMO,SYNTHETIC_DEMO
2026-08-23 13:00:00,SYN-RWL-DUDH-01,Dudhsagar Synthetic River Gauge,Dudhsagar River,15.3119034935,74.3139511686,1.818,-0.057,17.9,53.9,377.8,CRITICAL_DEMO,SYNTHETIC_DEMO
2026-08-23 14:00:00,SYN-RWL-DUDH-01,Dudhsagar Synthetic River Gauge,Dudhsagar River,15.3119034935,74.3139511686,1.804,-0.014,12.7,50.4,390.4,CRITICAL_DEMO,SYNTHETIC_DEMO
2026-08-23 15:00:00,SYN-RWL-DUDH-01,Dudhsagar Synthetic River Gauge,Dudhsagar River,15.3119034935,74.3139511686,1.734,-0.07,8.1,38.7,398.6,CRITICAL_DEMO,SYNTHETIC_DEMO
2026-08-23 16:00:00,SYN-RWL-DUDH-01,Dudhsagar Synthetic River Gauge,Dudhsagar River,15.3119034935,74.3139511686,1.63,-0.104,9.1,29.9,375.7,HIGH_DEMO,SYNTHETIC_DEMO
2026-08-23 17:00:00,SYN-RWL-DUDH-01,Dudhsagar Synthetic River Gauge,Dudhsagar River,15.3119034935,74.3139511686,1.542,-0.088,0.0,17.2,361.3,HIGH_DEMO,SYNTHETIC_DEMO
2026-08-23 18:00:00,SYN-RWL-DUDH-01,Dudhsagar Synthetic River Gauge,Dudhsagar River,15.3119034935,74.3139511686,1.431,-0.111,0.0,9.1,338.9,HIGH_DEMO,SYNTHETIC_DEMO
2026-08-23 19:00:00,SYN-RWL-DUDH-01,Dudhsagar Synthetic River Gauge,Dudhsagar River,15.3119034935,74.3139511686,1.331,-0.1,0.0,0.0,319.4,HIGH_DEMO,SYNTHETIC_DEMO
2026-08-23 20:00:00,SYN-RWL-DUDH-01,Dudhsagar Synthetic River Gauge,Dudhsagar River,15.3119034935,74.3139511686,1.307,-0.024,0.0,0.0,295.2,HIGH_DEMO,SYNTHETIC_DEMO
2026-08-23 21:00:00,SYN-RWL-DUDH-01,Dudhsagar Synthetic River Gauge,Dudhsagar River,15.3119034935,74.3139511686,1.301,-0.006,0.0,0.0,287.2,HIGH_DEMO,SYNTHETIC_DEMO
2026-08-23 22:00:00,SYN-RWL-DUDH-01,Dudhsagar Synthetic River Gauge,Dudhsagar River,15.3119034935,74.3139511686,1.294,-0.007,0.0,0.0,283.2,HIGH_DEMO,SYNTHETIC_DEMO
2026-08-23 23:00:00,SYN-RWL-DUDH-01,Dudhsagar Synthetic River Gauge,Dudhsagar River,15.3119034935,74.3139511686,1.324,0.03,6.9,6.9,281.6,HIGH_DEMO,SYNTHETIC_DEMO
2026-08-24 00:00:00,SYN-RWL-DUDH-01,Dudhsagar Synthetic River Gauge,Dudhsagar River,15.3119034935,74.3139511686,1.349,0.025,0.0,6.9,270.3,HIGH_DEMO,SYNTHETIC_DEMO
2026-08-24 01:00:00,SYN-RWL-DUDH-01,Dudhsagar Synthetic River Gauge,Dudhsagar River,15.3119034935,74.3139511686,1.229,-0.12,0.0,6.9,214.5,ELEVATED_DEMO,SYNTHETIC_DEMO
2026-08-24 02:00:00,SYN-RWL-DUDH-01,Dudhsagar Synthetic River Gauge,Dudhsagar River,15.3119034935,74.3139511686,1.203,-0.026,0.0,0.0,206.1,ELEVATED_DEMO,SYNTHETIC_DEMO
2026-08-24 03:00:00,SYN-RWL-DUDH-01,Dudhsagar Synthetic River Gauge,Dudhsagar River,15.3119034935,74.3139511686,1.174,-0.029,0.0,0.0,198.7,ELEVATED_DEMO,SYNTHETIC_DEMO
2026-08-24 04:00:00,SYN-RWL-DUDH-01,Dudhsagar Synthetic River Gauge,Dudhsagar River,15.3119034935,74.3139511686,1.135,-0.039,0.0,0.0,168.6,ELEVATED_DEMO,SYNTHETIC_DEMO
2026-08-24 05:00:00,SYN-RWL-DUDH-01,Dudhsagar Synthetic River Gauge,Dudhsagar River,15.3119034935,74.3139511686,1.09,-0.045,0.5,0.5,162.0,ELEVATED_DEMO,SYNTHETIC_DEMO
2026-08-24 06:00:00,SYN-RWL-DUDH-01,Dudhsagar Synthetic River Gauge,Dudhsagar River,15.3119034935,74.3139511686,1.097,0.007,1.7,2.2,150.0,ELEVATED_DEMO,SYNTHETIC_DEMO
2026-08-24 07:00:00,SYN-RWL-DUDH-01,Dudhsagar Synthetic River Gauge,Dudhsagar River,15.3119034935,74.3139511686,1.079,-0.018,0.0,2.2,142.4,ELEVATED_DEMO,SYNTHETIC_DEMO
2026-08-24 08:00:00,SYN-RWL-DUDH-01,Dudhsagar Synthetic River Gauge,Dudhsagar River,15.3119034935,74.3139511686,1.079,0.0,0.0,1.7,128.9,ELEVATED_DEMO,SYNTHETIC_DEMO
2026-08-24 09:00:00,SYN-RWL-DUDH-01,Dudhsagar Synthetic River Gauge,Dudhsagar River,15.3119034935,74.3139511686,1.024,-0.055,0.0,0.0,127.1,ELEVATED_DEMO,SYNTHETIC_DEMO
2026-08-24 10:00:00,SYN-RWL-DUDH-01,Dudhsagar Synthetic River Gauge,Dudhsagar River,15.3119034935,74.3139511686,0.979,-0.045,5.2,5.2,98.1,ELEVATED_DEMO,SYNTHETIC_DEMO
2026-08-24 11:00:00,SYN-RWL-DUDH-01,Dudhsagar Synthetic River Gauge,Dudhsagar River,15.3119034935,74.3139511686,0.947,-0.032,0.0,5.2,82.0,NORMAL_DEMO,SYNTHETIC_DEMO
2026-08-24 12:00:00,SYN-RWL-DUDH-01,Dudhsagar Synthetic River Gauge,Dudhsagar River,15.3119034935,74.3139511686,0.894,-0.053,0.0,5.2,62.1,NORMAL_DEMO,SYNTHETIC_DEMO
2026-08-24 13:00:00,SYN-RWL-DUDH-01,Dudhsagar Synthetic River Gauge,Dudhsagar River,15.3119034935,74.3139511686,0.827,-0.067,0.0,0.0,44.2,NORMAL_DEMO,SYNTHETIC_DEMO
2026-08-24 14:00:00,SYN-RWL-DUDH-01,Dudhsagar Synthetic River Gauge,Dudhsagar River,15.3119034935,74.3139511686,0.778,-0.049,0.0,0.0,31.5,NORMAL_DEMO,SYNTHETIC_DEMO
2026-08-24 15:00:00,SYN-RWL-DUDH-01,Dudhsagar Synthetic River Gauge,Dudhsagar River,15.3119034935,74.3139511686,0.754,-0.024,0.0,0.0,23.4,NORMAL_DEMO,SYNTHETIC_DEMO
2026-08-24 16:00:00,SYN-RWL-DUDH-01,Dudhsagar Synthetic River Gauge,Dudhsagar River,15.3119034935,74.3139511686,0.755,0.001,0.0,0.0,14.3,NORMAL_DEMO,SYNTHETIC_DEMO
2026-08-24 17:00:00,SYN-RWL-DUDH-01,Dudhsagar Synthetic River Gauge,Dudhsagar River,15.3119034935,74.3139511686,0.706,-0.049,0.0,0.0,14.3,NORMAL_DEMO,SYNTHETIC_DEMO
2026-08-24 18:00:00,SYN-RWL-DUDH-01,Dudhsagar Synthetic River Gauge,Dudhsagar River,15.3119034935,74.3139511686,0.749,0.043,0.0,0.0,14.3,NORMAL_DEMO,SYNTHETIC_DEMO
2026-08-24 19:00:00,SYN-RWL-DUDH-01,Dudhsagar Synthetic River Gauge,Dudhsagar River,15.3119034935,74.3139511686,0.754,0.005,0.0,0.0,14.3,NORMAL_DEMO,SYNTHETIC_DEMO
2026-08-24 20:00:00,SYN-RWL-DUDH-01,Dudhsagar Synthetic River Gauge,Dudhsagar River,15.3119034935,74.3139511686,0.758,0.004,0.0,0.0,14.3,NORMAL_DEMO,SYNTHETIC_DEMO
2026-08-24 21:00:00,SYN-RWL-DUDH-01,Dudhsagar Synthetic River Gauge,Dudhsagar River,15.3119034935,74.3139511686,0.725,-0.033,0.0,0.0,14.3,NORMAL_DEMO,SYNTHETIC_DEMO
2026-08-24 22:00:00,SYN-RWL-DUDH-01,Dudhsagar Synthetic River Gauge,Dudhsagar River,15.3119034935,74.3139511686,0.736,0.011,0.0,0.0,14.3,NORMAL_DEMO,SYNTHETIC_DEMO
2026-08-24 23:00:00,SYN-RWL-DUDH-01,Dudhsagar Synthetic River Gauge,Dudhsagar River,15.3119034935,74.3139511686,0.752,0.016,0.0,0.0,7.4,NORMAL_DEMO,SYNTHETIC_DEMO
2026-08-25 00:00:00,SYN-RWL-DUDH-01,Dudhsagar Synthetic River Gauge,Dudhsagar River,15.3119034935,74.3139511686,0.775,0.023,1.2,1.2,8.6,NORMAL_DEMO,SYNTHETIC_DEMO
2026-08-25 01:00:00,SYN-RWL-DUDH-01,Dudhsagar Synthetic River Gauge,Dudhsagar River,15.3119034935,74.3139511686,0.797,0.022,4.6,5.7,13.2,NORMAL_DEMO,SYNTHETIC_DEMO
2026-08-25 02:00:00,SYN-RWL-DUDH-01,Dudhsagar Synthetic River Gauge,Dudhsagar River,15.3119034935,74.3139511686,0.847,0.05,0.0,5.7,13.2,NORMAL_DEMO,SYNTHETIC_DEMO
2026-08-25 03:00:00,SYN-RWL-DUDH-01,Dudhsagar Synthetic River Gauge,Dudhsagar River,15.3119034935,74.3139511686,0.857,0.01,0.0,4.6,13.2,NORMAL_DEMO,SYNTHETIC_DEMO
2026-08-25 04:00:00,SYN-RWL-DUDH-01,Dudhsagar Synthetic River Gauge,Dudhsagar River,15.3119034935,74.3139511686,0.801,-0.056,0.0,0.0,13.2,NORMAL_DEMO,SYNTHETIC_DEMO
2026-08-25 05:00:00,SYN-RWL-DUDH-01,Dudhsagar Synthetic River Gauge,Dudhsagar River,15.3119034935,74.3139511686,0.808,0.007,0.0,0.0,12.7,NORMAL_DEMO,SYNTHETIC_DEMO
2026-08-25 06:00:00,SYN-RWL-DUDH-01,Dudhsagar Synthetic River Gauge,Dudhsagar River,15.3119034935,74.3139511686,0.839,0.031,0.0,0.0,11.0,NORMAL_DEMO,SYNTHETIC_DEMO
2026-08-25 07:00:00,SYN-RWL-DUDH-01,Dudhsagar Synthetic River Gauge,Dudhsagar River,15.3119034935,74.3139511686,0.815,-0.024,0.0,0.0,11.0,NORMAL_DEMO,SYNTHETIC_DEMO
2026-08-25 08:00:00,SYN-RWL-DUDH-01,Dudhsagar Synthetic River Gauge,Dudhsagar River,15.3119034935,74.3139511686,0.811,-0.004,0.0,0.0,11.0,NORMAL_DEMO,SYNTHETIC_DEMO
2026-08-25 09:00:00,SYN-RWL-DUDH-01,Dudhsagar Synthetic River Gauge,Dudhsagar River,15.3119034935,74.3139511686,0.803,-0.008,0.0,0.0,11.0,NORMAL_DEMO,SYNTHETIC_DEMO
2026-08-25 10:00:00,SYN-RWL-DUDH-01,Dudhsagar Synthetic River Gauge,Dudhsagar River,15.3119034935,74.3139511686,0.751,-0.052,0.0,0.0,5.7,NORMAL_DEMO,SYNTHETIC_DEMO
2026-08-25 11:00:00,SYN-RWL-DUDH-01,Dudhsagar Synthetic River Gauge,Dudhsagar River,15.3119034935,74.3139511686,0.756,0.005,0.0,0.0,5.7,NORMAL_DEMO,SYNTHETIC_DEMO
2026-08-25 12:00:00,SYN-RWL-DUDH-01,Dudhsagar Synthetic River Gauge,Dudhsagar River,15.3119034935,74.3139511686,0.781,0.025,0.0,0.0,5.7,NORMAL_DEMO,SYNTHETIC_DEMO
2026-08-25 13:00:00,SYN-RWL-DUDH-01,Dudhsagar Synthetic River Gauge,Dudhsagar River,15.3119034935,74.3139511686,0.734,-0.047,0.0,0.0,5.7,NORMAL_DEMO,SYNTHETIC_DEMO
2026-08-25 14:00:00,SYN-RWL-DUDH-01,Dudhsagar Synthetic River Gauge,Dudhsagar River,15.3119034935,74.3139511686,0.799,0.065,5.1,5.1,10.9,NORMAL_DEMO,SYNTHETIC_DEMO
2026-08-25 15:00:00,SYN-RWL-DUDH-01,Dudhsagar Synthetic River Gauge,Dudhsagar River,15.3119034935,74.3139511686,0.784,-0.015,0.0,5.1,10.9,NORMAL_DEMO,SYNTHETIC_DEMO
2026-08-25 16:00:00,SYN-RWL-DUDH-01,Dudhsagar Synthetic River Gauge,Dudhsagar River,15.3119034935,74.3139511686,0.767,-0.017,1.6,6.8,12.5,NORMAL_DEMO,SYNTHETIC_DEMO
2026-08-25 17:00:00,SYN-RWL-DUDH-01,Dudhsagar Synthetic River Gauge,Dudhsagar River,15.3119034935,74.3139511686,0.757,-0.01,0.0,1.6,12.5,NORMAL_DEMO,SYNTHETIC_DEMO
2026-08-25 18:00:00,SYN-RWL-DUDH-01,Dudhsagar Synthetic River Gauge,Dudhsagar River,15.3119034935,74.3139511686,0.752,-0.005,0.0,1.6,12.5,NORMAL_DEMO,SYNTHETIC_DEMO
2026-08-25 19:00:00,SYN-RWL-DUDH-01,Dudhsagar Synthetic River Gauge,Dudhsagar River,15.3119034935,74.3139511686,0.793,0.041,3.6,3.6,16.1,NORMAL_DEMO,SYNTHETIC_DEMO
2026-08-25 20:00:00,SYN-RWL-DUDH-01,Dudhsagar Synthetic River Gauge,Dudhsagar River,15.3119034935,74.3139511686,0.771,-0.022,0.0,3.6,16.1,NORMAL_DEMO,SYNTHETIC_DEMO
2026-08-25 21:00:00,SYN-RWL-DUDH-01,Dudhsagar Synthetic River Gauge,Dudhsagar River,15.3119034935,74.3139511686,0.777,0.006,0.0,3.6,16.1,NORMAL_DEMO,SYNTHETIC_DEMO
2026-08-25 22:00:00,SYN-RWL-DUDH-01,Dudhsagar Synthetic River Gauge,Dudhsagar River,15.3119034935,74.3139511686,0.745,-0.032,0.0,0.0,16.1,NORMAL_DEMO,SYNTHETIC_DEMO
2026-08-25 23:00:00,SYN-RWL-DUDH-01,Dudhsagar Synthetic River Gauge,Dudhsagar River,15.3119034935,74.3139511686,0.801,0.056,0.0,0.0,16.1,NORMAL_DEMO,SYNTHETIC_DEMO
2026-08-26 00:00:00,SYN-RWL-DUDH-01,Dudhsagar Synthetic River Gauge,Dudhsagar River,15.3119034935,74.3139511686,0.79,-0.011,5.4,5.4,20.3,NORMAL_DEMO,SYNTHETIC_DEMO
2026-08-26 01:00:00,SYN-RWL-DUDH-01,Dudhsagar Synthetic River Gauge,Dudhsagar River,15.3119034935,74.3139511686,0.826,0.036,0.0,5.4,15.7,NORMAL_DEMO,SYNTHETIC_DEMO
2026-08-26 02:00:00,SYN-RWL-DUDH-01,Dudhsagar Synthetic River Gauge,Dudhsagar River,15.3119034935,74.3139511686,0.839,0.013,0.0,5.4,15.7,NORMAL_DEMO,SYNTHETIC_DEMO
2026-08-26 03:00:00,SYN-RWL-DUDH-01,Dudhsagar Synthetic River Gauge,Dudhsagar River,15.3119034935,74.3139511686,0.816,-0.023,0.0,0.0,15.7,NORMAL_DEMO,SYNTHETIC_DEMO
2026-08-26 04:00:00,SYN-RWL-DUDH-01,Dudhsagar Synthetic River Gauge,Dudhsagar River,15.3119034935,74.3139511686,0.823,0.007,0.0,0.0,15.7,NORMAL_DEMO,SYNTHETIC_DEMO
2026-08-26 05:00:00,SYN-RWL-DUDH-01,Dudhsagar Synthetic River Gauge,Dudhsagar River,15.3119034935,74.3139511686,0.83,0.007,1.4,1.4,17.1,NORMAL_DEMO,SYNTHETIC_DEMO
2026-08-26 06:00:00,SYN-RWL-DUDH-01,Dudhsagar Synthetic River Gauge,Dudhsagar River,15.3119034935,74.3139511686,0.857,0.027,0.0,1.4,17.1,NORMAL_DEMO,SYNTHETIC_DEMO
2026-08-26 07:00:00,SYN-RWL-DUDH-01,Dudhsagar Synthetic River Gauge,Dudhsagar River,15.3119034935,74.3139511686,0.848,-0.009,0.0,1.4,17.1,NORMAL_DEMO,SYNTHETIC_DEMO
2026-08-26 08:00:00,SYN-RWL-DUDH-01,Dudhsagar Synthetic River Gauge,Dudhsagar River,15.3119034935,74.3139511686,0.834,-0.014,0.0,0.0,17.1,NORMAL_DEMO,SYNTHETIC_DEMO
2026-08-26 09:00:00,SYN-RWL-DUDH-01,Dudhsagar Synthetic River Gauge,Dudhsagar River,15.3119034935,74.3139511686,0.849,0.015,0.0,0.0,17.1,NORMAL_DEMO,SYNTHETIC_DEMO
2026-08-26 10:00:00,SYN-RWL-DUDH-01,Dudhsagar Synthetic River Gauge,Dudhsagar River,15.3119034935,74.3139511686,0.82,-0.029,3.3,3.3,20.4,NORMAL_DEMO,SYNTHETIC_DEMO
2026-08-26 11:00:00,SYN-RWL-DUDH-01,Dudhsagar Synthetic River Gauge,Dudhsagar River,15.3119034935,74.3139511686,0.855,0.035,4.6,7.9,25.0,NORMAL_DEMO,SYNTHETIC_DEMO
2026-08-26 12:00:00,SYN-RWL-DUDH-01,Dudhsagar Synthetic River Gauge,Dudhsagar River,15.3119034935,74.3139511686,0.874,0.019,3.0,10.9,28.0,NORMAL_DEMO,SYNTHETIC_DEMO
2026-08-26 13:00:00,SYN-RWL-DUDH-01,Dudhsagar Synthetic River Gauge,Dudhsagar River,15.3119034935,74.3139511686,0.821,-0.053,0.0,7.6,28.0,NORMAL_DEMO,SYNTHETIC_DEMO
2026-08-26 14:00:00,SYN-RWL-DUDH-01,Dudhsagar Synthetic River Gauge,Dudhsagar River,15.3119034935,74.3139511686,0.812,-0.009,0.0,3.0,22.8,NORMAL_DEMO,SYNTHETIC_DEMO
2026-08-26 15:00:00,SYN-RWL-DUDH-01,Dudhsagar Synthetic River Gauge,Dudhsagar River,15.3119034935,74.3139511686,0.761,-0.051,0.0,0.0,22.8,NORMAL_DEMO,SYNTHETIC_DEMO
2026-08-26 16:00:00,SYN-RWL-DUDH-01,Dudhsagar Synthetic River Gauge,Dudhsagar River,15.3119034935,74.3139511686,0.759,-0.002,0.0,0.0,21.2,NORMAL_DEMO,SYNTHETIC_DEMO
2026-08-26 17:00:00,SYN-RWL-DUDH-01,Dudhsagar Synthetic River Gauge,Dudhsagar River,15.3119034935,74.3139511686,0.76,0.001,0.0,0.0,21.2,NORMAL_DEMO,SYNTHETIC_DEMO
2026-08-26 18:00:00,SYN-RWL-DUDH-01,Dudhsagar Synthetic River Gauge,Dudhsagar River,15.3119034935,74.3139511686,0.769,0.009,2.1,2.1,23.4,NORMAL_DEMO,SYNTHETIC_DEMO
2026-08-26 19:00:00,SYN-RWL-DUDH-01,Dudhsagar Synthetic River Gauge,Dudhsagar River,15.3119034935,74.3139511686,0.749,-0.02,0.0,2.1,19.8,NORMAL_DEMO,SYNTHETIC_DEMO
2026-08-26 20:00:00,SYN-RWL-DUDH-01,Dudhsagar Synthetic River Gauge,Dudhsagar River,15.3119034935,74.3139511686,0.772,0.023,0.0,2.1,19.8,NORMAL_DEMO,SYNTHETIC_DEMO
2026-08-26 21:00:00,SYN-RWL-DUDH-01,Dudhsagar Synthetic River Gauge,Dudhsagar River,15.3119034935,74.3139511686,0.744,-0.028,0.0,0.0,19.8,NORMAL_DEMO,SYNTHETIC_DEMO
2026-08-26 22:00:00,SYN-RWL-DUDH-01,Dudhsagar Synthetic River Gauge,Dudhsagar River,15.3119034935,74.3139511686,0.77,0.026,0.0,0.0,19.8,NORMAL_DEMO,SYNTHETIC_DEMO
2026-08-26 23:00:00,SYN-RWL-DUDH-01,Dudhsagar Synthetic River Gauge,Dudhsagar River,15.3119034935,74.3139511686,0.773,0.003,0.0,0.0,19.8,NORMAL_DEMO,SYNTHETIC_DEMO
2026-08-27 00:00:00,SYN-RWL-DUDH-01,Dudhsagar Synthetic River Gauge,Dudhsagar River,15.3119034935,74.3139511686,0.788,0.015,0.0,0.0,14.4,NORMAL_DEMO,SYNTHETIC_DEMO
2026-08-27 01:00:00,SYN-RWL-DUDH-01,Dudhsagar Synthetic River Gauge,Dudhsagar River,15.3119034935,74.3139511686,0.797,0.009,0.0,0.0,14.4,NORMAL_DEMO,SYNTHETIC_DEMO
2026-08-27 02:00:00,SYN-RWL-DUDH-01,Dudhsagar Synthetic River Gauge,Dudhsagar River,15.3119034935,74.3139511686,0.842,0.045,5.9,5.9,20.3,NORMAL_DEMO,SYNTHETIC_DEMO
2026-08-27 03:00:00,SYN-RWL-DUDH-01,Dudhsagar Synthetic River Gauge,Dudhsagar River,15.3119034935,74.3139511686,0.864,0.022,0.0,5.9,20.3,NORMAL_DEMO,SYNTHETIC_DEMO
2026-08-27 04:00:00,SYN-RWL-DUDH-01,Dudhsagar Synthetic River Gauge,Dudhsagar River,15.3119034935,74.3139511686,0.871,0.007,0.0,5.9,20.3,NORMAL_DEMO,SYNTHETIC_DEMO
2026-08-27 05:00:00,SYN-RWL-DUDH-01,Dudhsagar Synthetic River Gauge,Dudhsagar River,15.3119034935,74.3139511686,0.836,-0.035,0.0,0.0,18.9,NORMAL_DEMO,SYNTHETIC_DEMO
2026-08-27 06:00:00,SYN-RWL-DUDH-01,Dudhsagar Synthetic River Gauge,Dudhsagar River,15.3119034935,74.3139511686,0.806,-0.03,0.0,0.0,18.9,NORMAL_DEMO,SYNTHETIC_DEMO
2026-08-27 07:00:00,SYN-RWL-DUDH-01,Dudhsagar Synthetic River Gauge,Dudhsagar River,15.3119034935,74.3139511686,0.788,-0.018,0.0,0.0,18.9,NORMAL_DEMO,SYNTHETIC_DEMO
2026-08-27 08:00:00,SYN-RWL-DUDH-01,Dudhsagar Synthetic River Gauge,Dudhsagar River,15.3119034935,74.3139511686,0.883,0.095,7.8,7.8,26.7,NORMAL_DEMO,SYNTHETIC_DEMO
2026-08-27 09:00:00,SYN-RWL-DUDH-01,Dudhsagar Synthetic River Gauge,Dudhsagar River,15.3119034935,74.3139511686,0.844,-0.039,0.0,7.8,26.7,NORMAL_DEMO,SYNTHETIC_DEMO
2026-08-27 10:00:00,SYN-RWL-DUDH-01,Dudhsagar Synthetic River Gauge,Dudhsagar River,15.3119034935,74.3139511686,0.868,0.024,0.0,7.8,23.4,NORMAL_DEMO,SYNTHETIC_DEMO
2026-08-27 11:00:00,SYN-RWL-DUDH-01,Dudhsagar Synthetic River Gauge,Dudhsagar River,15.3119034935,74.3139511686,0.775,-0.093,0.0,0.0,18.8,NORMAL_DEMO,SYNTHETIC_DEMO
2026-08-27 12:00:00,SYN-RWL-DUDH-01,Dudhsagar Synthetic River Gauge,Dudhsagar River,15.3119034935,74.3139511686,0.788,0.013,0.0,0.0,15.8,NORMAL_DEMO,SYNTHETIC_DEMO
2026-08-27 13:00:00,SYN-RWL-DUDH-01,Dudhsagar Synthetic River Gauge,Dudhsagar River,15.3119034935,74.3139511686,0.753,-0.035,0.0,0.0,15.8,NORMAL_DEMO,SYNTHETIC_DEMO
2026-08-27 14:00:00,SYN-RWL-DUDH-01,Dudhsagar Synthetic River Gauge,Dudhsagar River,15.3119034935,74.3139511686,0.742,-0.011,1.4,1.4,17.2,NORMAL_DEMO,SYNTHETIC_DEMO
2026-08-27 15:00:00,SYN-RWL-DUDH-01,Dudhsagar Synthetic River Gauge,Dudhsagar River,15.3119034935,74.3139511686,0.734,-0.008,0.0,1.4,17.2,NORMAL_DEMO,SYNTHETIC_DEMO
2026-08-27 16:00:00,SYN-RWL-DUDH-01,Dudhsagar Synthetic River Gauge,Dudhsagar River,15.3119034935,74.3139511686,1.241,0.507,60.0,61.4,77.2,ELEVATED_DEMO,SYNTHETIC_DEMO
2026-08-27 17:00:00,SYN-RWL-DUDH-01,Dudhsagar Synthetic River Gauge,Dudhsagar River,15.3119034935,74.3139511686,1.299,0.058,13.0,73.0,90.2,HIGH_DEMO,SYNTHETIC_DEMO
2026-08-27 18:00:00,SYN-RWL-DUDH-01,Dudhsagar Synthetic River Gauge,Dudhsagar River,15.3119034935,74.3139511686,1.756,0.457,52.8,125.8,140.9,CRITICAL_DEMO,SYNTHETIC_DEMO
2026-08-27 19:00:00,SYN-RWL-DUDH-01,Dudhsagar Synthetic River Gauge,Dudhsagar River,15.3119034935,74.3139511686,1.697,-0.059,38.2,104.0,179.1,HIGH_DEMO,SYNTHETIC_DEMO
2026-08-27 20:00:00,SYN-RWL-DUDH-01,Dudhsagar Synthetic River Gauge,Dudhsagar River,15.3119034935,74.3139511686,1.735,0.038,11.8,102.8,190.9,CRITICAL_DEMO,SYNTHETIC_DEMO
2026-08-27 21:00:00,SYN-RWL-DUDH-01,Dudhsagar Synthetic River Gauge,Dudhsagar River,15.3119034935,74.3139511686,1.495,-0.24,9.0,58.9,199.8,HIGH_DEMO,SYNTHETIC_DEMO
2026-08-27 22:00:00,SYN-RWL-DUDH-01,Dudhsagar Synthetic River Gauge,Dudhsagar River,15.3119034935,74.3139511686,1.665,0.17,48.6,69.4,248.5,HIGH_DEMO,SYNTHETIC_DEMO
2026-08-27 23:00:00,SYN-RWL-DUDH-01,Dudhsagar Synthetic River Gauge,Dudhsagar River,15.3119034935,74.3139511686,1.644,-0.021,9.9,67.5,258.4,HIGH_DEMO,SYNTHETIC_DEMO
2026-08-28 00:00:00,SYN-RWL-DUDH-01,Dudhsagar Synthetic River Gauge,Dudhsagar River,15.3119034935,74.3139511686,1.931,0.287,40.0,98.6,298.4,CRITICAL_DEMO,SYNTHETIC_DEMO
2026-08-28 01:00:00,SYN-RWL-DUDH-01,Dudhsagar Synthetic River Gauge,Dudhsagar River,15.3119034935,74.3139511686,1.877,-0.054,26.0,76.0,324.4,CRITICAL_DEMO,SYNTHETIC_DEMO
2026-08-28 02:00:00,SYN-RWL-DUDH-01,Dudhsagar Synthetic River Gauge,Dudhsagar River,15.3119034935,74.3139511686,1.897,0.02,12.7,78.8,331.3,CRITICAL_DEMO,SYNTHETIC_DEMO
2026-08-28 03:00:00,SYN-RWL-DUDH-01,Dudhsagar Synthetic River Gauge,Dudhsagar River,15.3119034935,74.3139511686,1.828,-0.069,19.1,57.9,350.4,CRITICAL_DEMO,SYNTHETIC_DEMO
2026-08-28 04:00:00,SYN-RWL-DUDH-01,Dudhsagar Synthetic River Gauge,Dudhsagar River,15.3119034935,74.3139511686,1.749,-0.079,11.6,43.5,362.0,CRITICAL_DEMO,SYNTHETIC_DEMO
2026-08-28 05:00:00,SYN-RWL-DUDH-01,Dudhsagar Synthetic River Gauge,Dudhsagar River,15.3119034935,74.3139511686,1.995,0.246,36.3,67.0,398.3,CRITICAL_DEMO,SYNTHETIC_DEMO
2026-08-28 06:00:00,SYN-RWL-DUDH-01,Dudhsagar Synthetic River Gauge,Dudhsagar River,15.3119034935,74.3139511686,2.02,0.025,18.2,66.1,416.5,CRITICAL_DEMO,SYNTHETIC_DEMO
2026-08-28 07:00:00,SYN-RWL-DUDH-01,Dudhsagar Synthetic River Gauge,Dudhsagar River,15.3119034935,74.3139511686,2.046,0.026,14.3,68.8,430.8,CRITICAL_DEMO,SYNTHETIC_DEMO
2026-08-28 08:00:00,SYN-RWL-DUDH-01,Dudhsagar Synthetic River Gauge,Dudhsagar River,15.3119034935,74.3139511686,1.956,-0.09,13.9,46.4,436.9,CRITICAL_DEMO,SYNTHETIC_DEMO
2026-08-28 09:00:00,SYN-RWL-DUDH-01,Dudhsagar Synthetic River Gauge,Dudhsagar River,15.3119034935,74.3139511686,2.056,0.1,31.5,59.7,468.4,CRITICAL_DEMO,SYNTHETIC_DEMO
2026-08-28 10:00:00,SYN-RWL-DUDH-01,Dudhsagar Synthetic River Gauge,Dudhsagar River,15.3119034935,74.3139511686,2.35,0.294,56.5,101.9,524.9,CRITICAL_DEMO,SYNTHETIC_DEMO
2026-08-28 11:00:00,SYN-RWL-DUDH-01,Dudhsagar Synthetic River Gauge,Dudhsagar River,15.3119034935,74.3139511686,2.35,0.0,16.5,104.4,541.4,CRITICAL_DEMO,SYNTHETIC_DEMO
2026-08-28 12:00:00,SYN-RWL-DUDH-01,Dudhsagar Synthetic River Gauge,Dudhsagar River,15.3119034935,74.3139511686,2.35,0.0,12.6,85.5,553.9,CRITICAL_DEMO,SYNTHETIC_DEMO
2026-08-28 13:00:00,SYN-RWL-DUDH-01,Dudhsagar Synthetic River Gauge,Dudhsagar River,15.3119034935,74.3139511686,2.226,-0.124,25.6,54.7,579.6,CRITICAL_DEMO,SYNTHETIC_DEMO
2026-08-28 14:00:00,SYN-RWL-DUDH-01,Dudhsagar Synthetic River Gauge,Dudhsagar River,15.3119034935,74.3139511686,2.316,0.09,23.1,61.3,601.2,CRITICAL_DEMO,SYNTHETIC_DEMO
2026-08-28 15:00:00,SYN-RWL-DUDH-01,Dudhsagar Synthetic River Gauge,Dudhsagar River,15.3119034935,74.3139511686,2.35,0.034,23.3,72.0,624.6,CRITICAL_DEMO,SYNTHETIC_DEMO
2026-08-28 16:00:00,SYN-RWL-DUDH-01,Dudhsagar Synthetic River Gauge,Dudhsagar River,15.3119034935,74.3139511686,2.308,-0.042,23.4,69.8,587.9,CRITICAL_DEMO,SYNTHETIC_DEMO
2026-08-28 17:00:00,SYN-RWL-DUDH-01,Dudhsagar Synthetic River Gauge,Dudhsagar River,15.3119034935,74.3139511686,2.132,-0.176,0.0,46.7,574.9,CRITICAL_DEMO,SYNTHETIC_DEMO
2026-08-28 18:00:00,SYN-RWL-DUDH-01,Dudhsagar Synthetic River Gauge,Dudhsagar River,15.3119034935,74.3139511686,1.877,-0.255,0.0,23.4,522.1,CRITICAL_DEMO,SYNTHETIC_DEMO
2026-08-28 19:00:00,SYN-RWL-DUDH-01,Dudhsagar Synthetic River Gauge,Dudhsagar River,15.3119034935,74.3139511686,1.669,-0.208,0.0,0.0,483.9,HIGH_DEMO,SYNTHETIC_DEMO
2026-08-28 20:00:00,SYN-RWL-DUDH-01,Dudhsagar Synthetic River Gauge,Dudhsagar River,15.3119034935,74.3139511686,1.683,0.014,0.0,0.0,472.1,HIGH_DEMO,SYNTHETIC_DEMO
2026-08-28 21:00:00,SYN-RWL-DUDH-01,Dudhsagar Synthetic River Gauge,Dudhsagar River,15.3119034935,74.3139511686,1.621,-0.062,0.0,0.0,463.2,HIGH_DEMO,SYNTHETIC_DEMO
2026-08-28 22:00:00,SYN-RWL-DUDH-01,Dudhsagar Synthetic River Gauge,Dudhsagar River,15.3119034935,74.3139511686,1.548,-0.073,0.0,0.0,414.5,HIGH_DEMO,SYNTHETIC_DEMO
2026-08-28 23:00:00,SYN-RWL-DUDH-01,Dudhsagar Synthetic River Gauge,Dudhsagar River,15.3119034935,74.3139511686,1.527,-0.021,0.0,0.0,404.6,HIGH_DEMO,SYNTHETIC_DEMO
2026-08-29 00:00:00,SYN-RWL-DUDH-01,Dudhsagar Synthetic River Gauge,Dudhsagar River,15.3119034935,74.3139511686,1.496,-0.031,3.9,3.9,368.5,HIGH_DEMO,SYNTHETIC_DEMO
2026-08-29 01:00:00,SYN-RWL-DUDH-01,Dudhsagar Synthetic River Gauge,Dudhsagar River,15.3119034935,74.3139511686,1.47,-0.026,0.0,3.9,342.5,HIGH_DEMO,SYNTHETIC_DEMO
2026-08-29 02:00:00,SYN-RWL-DUDH-01,Dudhsagar Synthetic River Gauge,Dudhsagar River,15.3119034935,74.3139511686,1.451,-0.019,0.0,3.9,329.8,HIGH_DEMO,SYNTHETIC_DEMO
2026-08-29 03:00:00,SYN-RWL-DUDH-01,Dudhsagar Synthetic River Gauge,Dudhsagar River,15.3119034935,74.3139511686,1.393,-0.058,0.0,0.0,310.6,HIGH_DEMO,SYNTHETIC_DEMO
2026-08-29 04:00:00,SYN-RWL-DUDH-01,Dudhsagar Synthetic River Gauge,Dudhsagar River,15.3119034935,74.3139511686,1.383,-0.01,0.0,0.0,299.0,HIGH_DEMO,SYNTHETIC_DEMO
2026-08-29 05:00:00,SYN-RWL-DUDH-01,Dudhsagar Synthetic River Gauge,Dudhsagar River,15.3119034935,74.3139511686,1.317,-0.066,0.0,0.0,262.7,HIGH_DEMO,SYNTHETIC_DEMO
2026-08-29 06:00:00,SYN-RWL-DUDH-01,Dudhsagar Synthetic River Gauge,Dudhsagar River,15.3119034935,74.3139511686,1.255,-0.062,0.0,0.0,244.5,HIGH_DEMO,SYNTHETIC_DEMO
2026-08-29 07:00:00,SYN-RWL-DUDH-01,Dudhsagar Synthetic River Gauge,Dudhsagar River,15.3119034935,74.3139511686,1.251,-0.004,0.0,0.0,230.2,HIGH_DEMO,SYNTHETIC_DEMO
2026-08-29 08:00:00,SYN-RWL-DUDH-01,Dudhsagar Synthetic River Gauge,Dudhsagar River,15.3119034935,74.3139511686,1.218,-0.033,1.6,1.6,217.9,ELEVATED_DEMO,SYNTHETIC_DEMO
2026-08-29 09:00:00,SYN-RWL-DUDH-01,Dudhsagar Synthetic River Gauge,Dudhsagar River,15.3119034935,74.3139511686,1.15,-0.068,0.0,1.6,186.4,ELEVATED_DEMO,SYNTHETIC_DEMO
2026-08-29 10:00:00,SYN-RWL-DUDH-01,Dudhsagar Synthetic River Gauge,Dudhsagar River,15.3119034935,74.3139511686,1.03,-0.12,0.0,1.6,130.0,ELEVATED_DEMO,SYNTHETIC_DEMO
2026-08-29 11:00:00,SYN-RWL-DUDH-01,Dudhsagar Synthetic River Gauge,Dudhsagar River,15.3119034935,74.3139511686,0.968,-0.062,0.0,0.0,113.5,ELEVATED_DEMO,SYNTHETIC_DEMO
2026-08-29 12:00:00,SYN-RWL-DUDH-01,Dudhsagar Synthetic River Gauge,Dudhsagar River,15.3119034935,74.3139511686,0.923,-0.045,0.0,0.0,100.9,NORMAL_DEMO,SYNTHETIC_DEMO
2026-08-29 13:00:00,SYN-RWL-DUDH-01,Dudhsagar Synthetic River Gauge,Dudhsagar River,15.3119034935,74.3139511686,0.888,-0.035,0.0,0.0,75.3,NORMAL_DEMO,SYNTHETIC_DEMO
2026-08-29 14:00:00,SYN-RWL-DUDH-01,Dudhsagar Synthetic River Gauge,Dudhsagar River,15.3119034935,74.3139511686,0.841,-0.047,0.0,0.0,52.2,NORMAL_DEMO,SYNTHETIC_DEMO
2026-08-29 15:00:00,SYN-RWL-DUDH-01,Dudhsagar Synthetic River Gauge,Dudhsagar River,15.3119034935,74.3139511686,0.771,-0.07,0.0,0.0,28.9,NORMAL_DEMO,SYNTHETIC_DEMO
2026-08-29 16:00:00,SYN-RWL-DUDH-01,Dudhsagar Synthetic River Gauge,Dudhsagar River,15.3119034935,74.3139511686,0.705,-0.066,0.0,0.0,5.5,NORMAL_DEMO,SYNTHETIC_DEMO
2026-08-29 17:00:00,SYN-RWL-DUDH-01,Dudhsagar Synthetic River Gauge,Dudhsagar River,15.3119034935,74.3139511686,0.727,0.022,0.0,0.0,5.5,NORMAL_DEMO,SYNTHETIC_DEMO
2026-08-29 18:00:00,SYN-RWL-DUDH-01,Dudhsagar Synthetic River Gauge,Dudhsagar River,15.3119034935,74.3139511686,0.764,0.037,3.2,3.2,8.7,NORMAL_DEMO,SYNTHETIC_DEMO
2026-08-29 19:00:00,SYN-RWL-DUDH-01,Dudhsagar Synthetic River Gauge,Dudhsagar River,15.3119034935,74.3139511686,0.746,-0.018,0.0,3.2,8.7,NORMAL_DEMO,SYNTHETIC_DEMO
2026-08-29 20:00:00,SYN-RWL-DUDH-01,Dudhsagar Synthetic River Gauge,Dudhsagar River,15.3119034935,74.3139511686,0.777,0.031,0.0,3.2,8.7,NORMAL_DEMO,SYNTHETIC_DEMO
2026-08-29 21:00:00,SYN-RWL-DUDH-01,Dudhsagar Synthetic River Gauge,Dudhsagar River,15.3119034935,74.3139511686,0.734,-0.043,0.0,0.0,8.7,NORMAL_DEMO,SYNTHETIC_DEMO
2026-08-29 22:00:00,SYN-RWL-DUDH-01,Dudhsagar Synthetic River Gauge,Dudhsagar River,15.3119034935,74.3139511686,0.751,0.017,0.0,0.0,8.7,NORMAL_DEMO,SYNTHETIC_DEMO
2026-08-29 23:00:00,SYN-RWL-DUDH-01,Dudhsagar Synthetic River Gauge,Dudhsagar River,15.3119034935,74.3139511686,0.755,0.004,0.0,0.0,8.7,NORMAL_DEMO,SYNTHETIC_DEMO
2026-08-30 00:00:00,SYN-RWL-DUDH-01,Dudhsagar Synthetic River Gauge,Dudhsagar River,15.3119034935,74.3139511686,0.771,0.016,0.0,0.0,4.7,NORMAL_DEMO,SYNTHETIC_DEMO
2026-08-30 01:00:00,SYN-RWL-DUDH-01,Dudhsagar Synthetic River Gauge,Dudhsagar River,15.3119034935,74.3139511686,0.776,0.005,0.0,0.0,4.7,NORMAL_DEMO,SYNTHETIC_DEMO
2026-08-30 02:00:00,SYN-RWL-DUDH-01,Dudhsagar Synthetic River Gauge,Dudhsagar River,15.3119034935,74.3139511686,0.8,0.024,0.8,0.8,5.6,NORMAL_DEMO,SYNTHETIC_DEMO
2026-08-30 03:00:00,SYN-RWL-DUDH-01,Dudhsagar Synthetic River Gauge,Dudhsagar River,15.3119034935,74.3139511686,0.797,-0.003,0.0,0.8,5.6,NORMAL_DEMO,SYNTHETIC_DEMO
2026-08-30 04:00:00,SYN-RWL-DUDH-01,Dudhsagar Synthetic River Gauge,Dudhsagar River,15.3119034935,74.3139511686,0.814,0.017,0.0,0.8,5.6,NORMAL_DEMO,SYNTHETIC_DEMO
2026-08-30 05:00:00,SYN-RWL-DUDH-01,Dudhsagar Synthetic River Gauge,Dudhsagar River,15.3119034935,74.3139511686,0.813,-0.001,0.0,0.0,5.6,NORMAL_DEMO,SYNTHETIC_DEMO
2026-08-30 06:00:00,SYN-RWL-DUDH-01,Dudhsagar Synthetic River Gauge,Dudhsagar River,15.3119034935,74.3139511686,0.798,-0.015,0.0,0.0,5.6,NORMAL_DEMO,SYNTHETIC_DEMO
2026-08-30 07:00:00,SYN-RWL-DUDH-01,Dudhsagar Synthetic River Gauge,Dudhsagar River,15.3119034935,74.3139511686,0.793,-0.005,0.0,0.0,5.6,NORMAL_DEMO,SYNTHETIC_DEMO
2026-08-30 08:00:00,SYN-RWL-DUDH-01,Dudhsagar Synthetic River Gauge,Dudhsagar River,15.3119034935,74.3139511686,0.764,-0.029,0.0,0.0,4.0,NORMAL_DEMO,SYNTHETIC_DEMO
2026-08-30 09:00:00,SYN-RWL-DUDH-01,Dudhsagar Synthetic River Gauge,Dudhsagar River,15.3119034935,74.3139511686,0.803,0.039,0.0,0.0,4.0,NORMAL_DEMO,SYNTHETIC_DEMO
2026-08-30 10:00:00,SYN-RWL-DUDH-01,Dudhsagar Synthetic River Gauge,Dudhsagar River,15.3119034935,74.3139511686,0.782,-0.021,0.0,0.0,4.0,NORMAL_DEMO,SYNTHETIC_DEMO
2026-08-30 11:00:00,SYN-RWL-DUDH-01,Dudhsagar Synthetic River Gauge,Dudhsagar River,15.3119034935,74.3139511686,0.755,-0.027,0.0,0.0,4.0,NORMAL_DEMO,SYNTHETIC_DEMO
2026-08-30 12:00:00,SYN-RWL-DUDH-01,Dudhsagar Synthetic River Gauge,Dudhsagar River,15.3119034935,74.3139511686,0.766,0.011,0.0,0.0,4.0,NORMAL_DEMO,SYNTHETIC_DEMO
2026-08-30 13:00:00,SYN-RWL-DUDH-01,Dudhsagar Synthetic River Gauge,Dudhsagar River,15.3119034935,74.3139511686,0.774,0.008,0.0,0.0,4.0,NORMAL_DEMO,SYNTHETIC_DEMO
2026-08-30 14:00:00,SYN-RWL-DUDH-01,Dudhsagar Synthetic River Gauge,Dudhsagar River,15.3119034935,74.3139511686,0.747,-0.027,0.0,0.0,4.0,NORMAL_DEMO,SYNTHETIC_DEMO
2026-08-30 15:00:00,SYN-RWL-DUDH-01,Dudhsagar Synthetic River Gauge,Dudhsagar River,15.3119034935,74.3139511686,0.74,-0.007,0.0,0.0,4.0,NORMAL_DEMO,SYNTHETIC_DEMO
2026-08-30 16:00:00,SYN-RWL-DUDH-01,Dudhsagar Synthetic River Gauge,Dudhsagar River,15.3119034935,74.3139511686,0.74,0.0,0.0,0.0,4.0,NORMAL_DEMO,SYNTHETIC_DEMO
2026-08-30 17:00:00,SYN-RWL-DUDH-01,Dudhsagar Synthetic River Gauge,Dudhsagar River,15.3119034935,74.3139511686,0.733,-0.007,0.8,0.8,4.8,NORMAL_DEMO,SYNTHETIC_DEMO
2026-08-30 18:00:00,SYN-RWL-DUDH-01,Dudhsagar Synthetic River Gauge,Dudhsagar River,15.3119034935,74.3139511686,0.735,0.002,0.0,0.8,1.6,NORMAL_DEMO,SYNTHETIC_DEMO
2026-08-30 19:00:00,SYN-RWL-DUDH-01,Dudhsagar Synthetic River Gauge,Dudhsagar River,15.3119034935,74.3139511686,0.711,-0.024,0.0,0.8,1.6,NORMAL_DEMO,SYNTHETIC_DEMO
2026-08-30 20:00:00,SYN-RWL-DUDH-01,Dudhsagar Synthetic River Gauge,Dudhsagar River,15.3119034935,74.3139511686,0.768,0.057,6.5,6.5,8.1,NORMAL_DEMO,SYNTHETIC_DEMO
2026-08-30 21:00:00,SYN-RWL-DUDH-01,Dudhsagar Synthetic River Gauge,Dudhsagar River,15.3119034935,74.3139511686,0.754,-0.014,0.0,6.5,8.1,NORMAL_DEMO,SYNTHETIC_DEMO
2026-08-30 22:00:00,SYN-RWL-DUDH-01,Dudhsagar Synthetic River Gauge,Dudhsagar River,15.3119034935,74.3139511686,0.78,0.026,0.0,6.5,8.1,NORMAL_DEMO,SYNTHETIC_DEMO
2026-08-30 23:00:00,SYN-RWL-DUDH-01,Dudhsagar Synthetic River Gauge,Dudhsagar River,15.3119034935,74.3139511686,0.753,-0.027,0.0,0.0,8.1,NORMAL_DEMO,SYNTHETIC_DEMO
